record_id,search_id,source,query_id,title,abstract,year,doi,screening_decision,exclusion_reason,report_id,study_id,duplicate_key,duplicate_of,keyword_hits,machine_triage,machine_round1_decision,machine_round1_reason,human_title_abstract_decision,human_exclusion_reason,full_text_status,human_screening_reviewer,human_screening_date,human_screening_reason,final_inclusion,priority_score,fulltext_access,fulltext_url_candidates,full_text_source,inclusion_decision,evidence_location,reviewer,review_date
openalex_Q1_0198,openalex_Q1,openalex,Q1,Bbr-With Enhanced Fairness (Bbr-Efra): A New Enhanced Rtt Fairness for Bbr Congestion Control Algorithm,,2022,https://doi.org/10.2139/ssrn.4123862,pending,,to_assign,to_assign,doi:https://doi.org/10.2139/ssrn.4123862,,bbr;congestion control;fairness;rtt,priority_review,candidate_include,BBR/BDP-Veno/OVeno term plus a review topic,include_title_abstract,,not_started,Codex,2026-09-28,Direct BBR/Veno/BDP-Veno/OVeno evidence with a transport or network topic.,pending_full_text,6,open_candidate,https://doi.org/10.2139/ssrn.4123862,,pending_full_text,,Codex,
openalex_Q3_0076,openalex_Q3,openalex,Q3,BBR-With Adaptive Pacing Gain Rates (BBR-APG): An improved TCP-BBR Congestion Control Algorithm on RTT Fairness Design Problem,"Abstract Google scientists published Bottleneck Bandwidth and Round-trip propagation time (BBR), a novel TCP congestion control algorithm variant. Unlike traditional congestion control algorithms, BBR adjusts its transmission rates by periodically measuring the network traffic based on round-trip propagation time (RTprop) and available bottleneck bandwidth (Btlbw). This results in BBR achieving higher delivery rates and minimizing the latency on our modern-day network infrastructure. However, some recent experimental evaluations and analyses have shown severe RTT (round-trip time) fairness concerns in the TCP-BBR algorithm. When two competing flows with different RTTs coexist on a shared bottleneck link, BBR tends to prefer and favor longer RTT flows, therefore consuming more bandwidth share than short RTT counterparts, which can result in short RTT flows being starved even to death. This preference nature of the BBR in favor of long RTT flows results in an acute throughput imbalance and an extreme BBR and network vulnerability that malevolent individuals can easily exploit by increasing the delay (RTTs) in their flows to create unwarranted long RTTs on their TCP flows to unfairly obtain and enjoy the lion's share of the available bandwidth than the rest of users on the network. The BBR-With Adaptive Pacing Gain Rates (BBR-APG) algorithm is proposed in this study as an alternative solution to the TCP-BBR's RTT fairness problem. Our proposed approach adaptively adjusts the pacing gain rates of each TCP flow based on the bottleneck inflight queue status during the bandwidth estimation phase instead of the default fixed pacing gain rates as provided by the original version of the BBR algorithm, which only works perfectly when only a single flow is involved. With the BBR-APG algorithm, different RTT flows can fairly compete for the available bottleneck bandwidth, thus enhancing the RTT fairness issue that has been compromised in the original version of the BBR algorithm. Through our extensive simulation analysis on NS3, we identified that our proposed methodology improves RTT fairness by more than 18\%, a reduction of more than 24\% and 20\% on packets retransmission rates and queuing delay, respectively, compared to other recently published BBR variants like an adaptive congestion window of BBR (BBR-ACW) on various network conditions.",2023,https://doi.org/10.21203/rs.3.rs-3118820/v1,pending,,to_assign,to_assign,doi:https://doi.org/10.21203/rs.3.rs-3118820/v1,,bbr;congestion control;tcp;fairness;rtt;queue,priority_review,candidate_include,BBR/BDP-Veno/OVeno term plus a review topic,include_title_abstract,,not_started,Codex,2026-09-28,Direct BBR/Veno/BDP-Veno/OVeno evidence with a transport or network topic.,pending_full_text,5,open_candidate,https://www.researchsquare.com/article/rs-3118820/latest.pdf | http://dx.doi.org/10.21203/rs.3.rs-3118820/v1,,pending_full_text,,Codex,
openalex_Q2_0029,openalex_Q2,openalex,Q2,Less Is Fair: Reducing RTT Unfairness Through Buffer Sizing,"Sharing bottleneck bandwidth among TCP flows with diverse round-trip times (RTTs) remains a persistent challenge. This study investigates RTT unfairness and evaluates the behavior of two widely deployed congestion control algorithms, TCP Cubic and TCP BBR, under a variety of scenarios. The main objective is to better understand the underlying causes of RTT-based throughput disparity and to identify network configurations that promote fair bandwidth sharing. Using the Mininet emulation platform, extensive experiments were conducted to examine the effects of buffer size, sender distribution, and delay asymmetry on transmission performance metrics. The results show that while TCP BBR achieves high utilization with minimal buffering, its fairness depends on the interaction between RTT and buffer size. On the other hand, TCP Cubic achieves better fairness when moderate buffer sizes are provisioned and bandwidth imbalance is driven mostly by RTT ratio. These findings suggest that careful buffer sizing can reduce RTT unfairness and highlight the broader impact of queuing strategies on network performance.",2025,https://doi.org/10.3390/s25175374,pending,,to_assign,to_assign,doi:https://doi.org/10.3390/s25175374,,bbr;congestion control;tcp;fairness;rtt;buffer,priority_review,candidate_include,BBR/BDP-Veno/OVeno term plus a review topic,include_title_abstract,,not_started,Codex,2026-09-28,Direct BBR/Veno/BDP-Veno/OVeno evidence with a transport or network topic.,pending_full_text,4,open_candidate,https://www.mdpi.com/1424-8220/25/17/5374/pdf?version=1756721847 | https://doi.org/10.3390/s25175374,,pending_full_text,,Codex,
openalex_Q3_0089,openalex_Q3,openalex,Q3,AirBBR: MAC-Aware Airtime Fairness for BBR via TCP ACK-based RTT Inference,,2026,https://doi.org/10.2139/ssrn.7434484,pending,,to_assign,to_assign,doi:https://doi.org/10.2139/ssrn.7434484,,bbr;tcp;fairness;rtt,priority_review,candidate_include,BBR/BDP-Veno/OVeno term plus a review topic,include_title_abstract,,not_started,Codex,2026-09-28,Direct BBR/Veno/BDP-Veno/OVeno evidence with a transport or network topic.,pending_full_text,4,open_candidate,https://doi.org/10.2139/ssrn.7434484,,pending_full_text,,Codex,
openalex_Q1_0006,openalex_Q1,openalex,Q1,Delay-Aware BBR Congestion Control Algorithm for RTT Fairness Improvement,"In late 2016, Google proposed the Bottleneck Bandwidth and Round-trip propagation time (BBR) congestion control algorithm to achieve high bandwidth and low latency for Internet traffic. Unlike loss-based congestion control algorithms, BBR works without filling the bottleneck buffer. Consequently, BBR can reduce packet loss and minimize end-to-end packet delay, which has attracted the attention of many researchers in recent years. However, some studies have reported the creation of persistent queues that cause unintended problems, resulting in a serious fairness issue between TCP BBR flows with different round-trip times (RTTs). Although existing congestion control algorithms also exhibit fairness issue between different RTT flows, BBR has a more serious problem in that the imbalance is considerable even with small RTT difference between the two flows, and the long RTT flow uses most of the bandwidth. The preponderance of long RTT flows is a serious problem because a particular user may cause imbalance by maliciously increasing the delay. Therefore, we propose a Delay-Aware BBR (DA-BBR) congestion control algorithm to mitigate the RTT fairness issue between BBR flows. In a network emulation experiment using the Mininet, the DA-BBR increased the fairness index by 1.6 times that of the original BBR, and the retransmission was greatly reduced. DA-BBR flow with short RTT demonstrated fair throughput even in competition with DA-BBR flows where RTT is five times higher.",2019,https://doi.org/10.1109/access.2019.2962213,pending,,to_assign,to_assign,doi:https://doi.org/10.1109/access.2019.2962213,,bbr;congestion control;tcp;fairness;rtt;buffer;queue,priority_review,candidate_include,BBR/BDP-Veno/OVeno term plus a review topic,include_title_abstract,,not_started,Codex,2026-09-28,Direct BBR/Veno/BDP-Veno/OVeno evidence with a transport or network topic.,pending_full_text,3,open_candidate,https://ieeexplore.ieee.org/ielx7/6287639/8948470/08943219.pdf | https://doi.org/10.1109/access.2019.2962213,,pending_full_text,,Codex,
openalex_Q1_0008,openalex_Q1,openalex,Q1,Improved RTT Fairness of BBR Congestion Control Algorithm Based on Adaptive Congestion Window,"To alleviate the lower performance of Transmission Control Protocol (TCP) congestion control over complex network, especially the high latency and packet loss scenario, Google proposed the Bottleneck Bandwidth and Round-trip propagation time (BBR) congestion control algorithm. In contrast with other TCP congestion control algorithms, BBR adjusted transfer data by maximizing delivery rate and minimizing delay. However, some evaluation experiments have shown that the persistent queues formation and retransmissions in the bottleneck can lead to serious fairness issues between BBR flows with different round-trip times (RTTs). They pointed out that small RTT differences cause unfairness in the throughput of BBR flows and flows with longer RTT can obtain higher bandwidth when competing with the shorter RTT flows. In order to solve this fairness problem, an adaptive congestion window of BBR is proposed, which adjusts the congestion window gain of each BBR flow in network load. The proposed algorithms alleviate the RTT fairness issue by controlling the upper limit of congestion window according to the delivery rate and queue status. In the Network Simulator 3 (NS3) simulation experiment, it shows that the adaptive congestion window of BBR (BBR-ACW) congestion control algorithm improves the fairness by more than 50% and reduces the queuing delay by 54%, compared with that of the original BBR in different buffer sizes.",2021,https://doi.org/10.3390/electronics10050615,pending,,to_assign,to_assign,doi:https://doi.org/10.3390/electronics10050615,,bbr;congestion control;tcp;fairness;rtt;buffer;queue,priority_review,candidate_include,BBR/BDP-Veno/OVeno term plus a review topic,include_title_abstract,,not_started,Codex,2026-09-28,Direct BBR/Veno/BDP-Veno/OVeno evidence with a transport or network topic.,pending_full_text,3,open_candidate,https://www.mdpi.com/2079-9292/10/5/615/pdf?version=1615430694 | https://doi.org/10.3390/electronics10050615,,pending_full_text,,Codex,
openalex_Q1_0015,openalex_Q1,openalex,Q1,A QoS‐Based Fairness‐Aware BBR Congestion Control Algorithm Using QUIC,"Congestion control is a fundamental technology to balance the traffic load and the network. The Internet Engineering Task Force (IETF) Quick UDP Internet Connection (QUIC) protocol has flexible congestion control and at the same time possesses the advantages of high efficiency, low latency, and easy deployment at the application layer. Bottleneck bandwidth and round‐trip propagation time (BBR) is an optional congestion control algorithm adopted by QUIC. BBR can significantly increase throughput and reduce latency, in particular over long‐haul paths. However, BBR results in high packet loss in low bandwidth and low fairness in multi‐stream scenarios. In this article, we propose the enhanced BBR congestion control (eBCC) algorithm, which improves the BBR algorithm in two aspects: (1) 10.87% higher throughput and 74.58% lower packet loss rate in the low‐bandwidth scenario and (2) 8.39% higher fairness in the multi‐stream scenario. This improvement makes eBCC very suitable for IoT communications to provide better QoS services.",2022,https://doi.org/10.1155/2022/7222030,pending,,to_assign,to_assign,doi:https://doi.org/10.1155/2022/7222030,,bbr;congestion control;fairness;quic,priority_review,candidate_include,BBR/BDP-Veno/OVeno term plus a review topic,include_title_abstract,,not_started,Codex,2026-09-28,Direct BBR/Veno/BDP-Veno/OVeno evidence with a transport or network topic.,pending_full_text,3,open_candidate,https://downloads.hindawi.com/journals/wcmc/2022/7222030.pdf | https://doi.org/10.1155/2022/7222030,,pending_full_text,,Codex,
openalex_Q1_0016,openalex_Q1,openalex,Q1,Improvement of RTT Fairness Problem in BBR Congestion Control Algorithm by Gamma Correction,"Google proposed the bottleneck bandwidth and round-trip propagation time (BBR), which is a new congestion control algorithm. BBR creates a network path model by measuring the available bottleneck bandwidth and the minimum round-trip time (RTT) to maximize delivery rate and minimize latency. However, some studies have shown that there are serious RTT fairness problems in the BBR algorithm. The flow with longer RTT will consume more bandwidth and the flows with shorter RTT will be severely squeezed or even starved to death. Moreover, these studies pointed out that even small RTT differences will lead to the throughput of BBR flows being unfair. In order to solve the problem of RTT fairness, an improved algorithm BBR-gamma correction (BBR-GC) is proposed. BBR-GC algorithm takes RTT as feedback information, and then uses the gamma correction function to fit the adaptive pacing gain. This approach can make different RTT flows compete for bandwidth more fairly, thus alleviating the RTT fairness issue. The simulation results of Network Simulator 3 (NS3) show that that BBR-GC algorithm cannot only ensure the channel utilization, but also alleviate the RTT fairness problem of BBR flow in different periods. Through the BBR-GC algorithm, RTT fairness is improved by 50% and the retransmission rate is reduced by more than 26%, compared with that of the original BBR in different buffer sizes.",2021,https://doi.org/10.3390/s21124128,pending,,to_assign,to_assign,doi:https://doi.org/10.3390/s21124128,,bbr;congestion control;fairness;rtt;buffer,priority_review,candidate_include,BBR/BDP-Veno/OVeno term plus a review topic,include_title_abstract,,not_started,Codex,2026-09-28,Direct BBR/Veno/BDP-Veno/OVeno evidence with a transport or network topic.,pending_full_text,3,open_candidate,https://www.mdpi.com/1424-8220/21/12/4128/pdf?version=1623837095 | https://doi.org/10.3390/s21124128,,pending_full_text,,Codex,
openalex_Q1_0052,openalex_Q1,openalex,Q1,BBR-CWS: Improving the Inter-Protocol Fairness of BBR,"TCP congestion control adjusts the sending rate in order to protect Internet from the continuous traffic and ensure fair coexistence among multiple flows. Especially, loss-based congestion control algorithms were mainly used, which worked relatively well for past Internet with low bandwidth and small bottleneck buffer size. However, the modern Internet uses considerably more sophisticated network equipment and advanced transmission technologies, and loss-based congestion control can cause performance degradation due to excessive queueing delay and packet loss. Therefore, Google introduced a new congestion control in 2016, Bottleneck Bandwidth Round-trip propagation time (BBR). In contrast with traditional congestion control, BBR tries to operate at the Kleinrock’s optimal operating point, where delivery rate is maximized and latency is minimized. However, when BBR and loss-based congestion control algorithms coexist on the same bottleneck link, most of bottleneck bandwidth is occupied by flows that use a particular algorithm, and excessive packet retransmission can occur. Therefore, this paper proposes a BBR congestion window scaling (BBR-CWS) scheme to improve BBR’s inter-protocol fairness with a loss-based congestion control algorithm. Through Mininet experiment results, we confirmed that fairness between BBR-CWS and CUBIC improved up to 73% and has the value of 0.9 or higher in most bottleneck buffer environments. Moreover, the number of packet retransmissions was reduced by up to 96%, compared to the original BBR.",2020,https://doi.org/10.3390/electronics9050862,pending,,to_assign,to_assign,doi:https://doi.org/10.3390/electronics9050862,,bbr;congestion control;tcp;fairness;buffer;queue,priority_review,candidate_include,BBR/BDP-Veno/OVeno term plus a review topic,include_title_abstract,,not_started,Codex,2026-09-28,Direct BBR/Veno/BDP-Veno/OVeno evidence with a transport or network topic.,pending_full_text,3,open_candidate,https://www.mdpi.com/2079-9292/9/5/862/pdf?version=1590647496 | https://doi.org/10.3390/electronics9050862,,pending_full_text,,Codex,
openalex_Q1_0065,openalex_Q1,openalex,Q1,BBR Advanced (BBR-A) — Reduced retransmissions with improved fairness,"In 2016, Google proposed Bottleneck Bandwidth and Round-trip-time (BBR), a new TCP congestion control algorithm to avoid bottleneck queue formation and utilize underlying bandwidth in full. However, recent reports have found significant flaws in BBR, especially a high packet retransmissions problem, and throughput unfairness issue. We propose BBR Advanced (BBR-A) that resolves these issues by halving the congestion window and slowing down the pacing gain for actual congestion events, which it decides based on packet losses and RTT. Mininet emulation experiments confirm that BBR-A reduces retransmissions up to 60% and increases fairness index up to 10% in comparison with BBR.",2020,https://doi.org/10.1016/j.icte.2020.05.009,pending,,to_assign,to_assign,doi:https://doi.org/10.1016/j.icte.2020.05.009,,bbr;congestion control;tcp;fairness;rtt;queue,priority_review,candidate_include,BBR/BDP-Veno/OVeno term plus a review topic,include_title_abstract,,not_started,Codex,2026-09-28,Direct BBR/Veno/BDP-Veno/OVeno evidence with a transport or network topic.,pending_full_text,3,open_candidate,https://www.sciencedirect.com/science/article/pii/S2405959520301296/pdf | https://doi.org/10.1016/j.icte.2020.05.009,,pending_full_text,,Codex,
openalex_Q1_0095,openalex_Q1,openalex,Q1,RBBR: A Receiver-Driven BBR in QUIC for Low-Latency in Cellular Networks,"BBR is a promising new congestion control algorithm (CCA) that has been shown to result in significantly lower latency compared to conventional loss-based CCAs. However, in cellular networks, where there is a high variability in the available rate, BBR does not perform as well as expected. In such scenarios, BBR tends to overestimate the available capacity and create queues that cause longer packet delays. In this work, we propose Receiver-driven BBR (RBBR), a modified version of BBR that uses rate estimates made at the receiver side rather than at the sender side. We employ a Kalman filter to make a more accurate estimate of the available bandwidth, and we implement the algorithm in QUIC. An evaluation of the proposed CCA is done through extensive 4G trace-based emulations, real 4G network tests and mmWave trace-based emulations representing a 5G scenario. The results show that RBBR is able to achieve an RTT reduction of up to 80% with a worst-case throughput loss of about 30%. The results also show that in real 4G networks, RBBR flows experience a more predictable and consistent RTT than what BBR flows do.",2022,https://doi.org/10.1109/access.2022.3148998,pending,,to_assign,to_assign,doi:https://doi.org/10.1109/access.2022.3148998,,bbr;congestion control;rtt;queue;quic,priority_review,candidate_include,BBR/BDP-Veno/OVeno term plus a review topic,include_title_abstract,,not_started,Codex,2026-09-28,Direct BBR/Veno/BDP-Veno/OVeno evidence with a transport or network topic.,pending_full_text,3,open_candidate,https://ieeexplore.ieee.org/ielx7/6287639/9668973/09703289.pdf | https://doi.org/10.1109/access.2022.3148998,,pending_full_text,,Codex,
openalex_Q1_0113,openalex_Q1,openalex,Q1,Ad-BBR: Enhancing Round-Trip Time Fairness and Transmission Stability in TCP-BBR,"The rapid development of wireless network technology and the continuous evolution of network service demands have raised higher requirements for congestion control algorithms. In 2016, Google proposed the Bottleneck Bandwidth and Round-trip propagation time (BBR) congestion control algorithm based on the Transmission Control Protocol (TCP) protocol. While BBR offers lower latency and higher throughput compared to traditional congestion control algorithms, it still faces challenges. These include the periodic triggering of the ProbeRTT phase, which impairs data transmission efficiency, data over-injection caused by the congestion window (CWND) value-setting policy, and the difficulty of coordinating resource allocation across multiple concurrent flows. These limitations make BBR less effective in multi-stream competition scenarios in high-speed wireless networks. This paper analyzes the design limitations of the BBR algorithm from a theoretical perspective and proposes the Adaptive-BBR (Ad-BBR) algorithm. The Ad-BBR algorithm incorporates real-time RTT and link queue-state information, introduces a new RTprop determination mechanism, and implements a finer-grained, RTT-based adaptive transmission rate adjustment mechanism to reduce data over-injection and improve RTT fairness. Additionally, the ProbeRTT phase-triggering mechanism is updated to ensure more stable and smoother data transmission. In the NS3, 5G, and Wi-Fi simulation experiments, Ad-BBR outperformed all comparison algorithms by effectively mitigating data over-injection and minimizing unnecessary entries into the ProbeRTT phase. Compared to the BBRv1 algorithm, Ad-BBR achieved a 17% increase in throughput and a 30% improvement in RTT fairness, along with a 13% reduction in the retransmission rate and an approximate 20% decrease in latency.",2025,https://doi.org/10.3390/fi17050189,pending,,to_assign,to_assign,doi:https://doi.org/10.3390/fi17050189,,bbr;congestion control;tcp;fairness;rtt;queue;wireless,priority_review,candidate_include,BBR/BDP-Veno/OVeno term plus a review topic,include_title_abstract,,not_started,Codex,2026-09-28,Direct BBR/Veno/BDP-Veno/OVeno evidence with a transport or network topic.,pending_full_text,3,open_candidate,https://www.mdpi.com/1999-5903/17/5/189/pdf?version=1745318062 | https://doi.org/10.3390/fi17050189,,pending_full_text,,Codex,
openalex_Q1_0153,openalex_Q1,openalex,Q1,A Modified TCP BBR to Enable High Fairness in High-Speed Wireless Networks,"Wireless networks, especially 5G and WiFi networks, have made great strides in increasing network bandwidth and coverage over the past decades. However, the mobility and channel conditions inherent to wireless networks have the potential to impair the performance of traditional Transmission Control Protocol (TCP) congestion control algorithms (CCAs). Google proposed a novel TCP CCA based on Bottleneck Bandwidth and Round-Trip propagation time (BBR), which is capable of achieving high transmission rates and low latency through the estimation of the available bottleneck capacity. Nevertheless, some studies have revealed that BBR exhibits deficiencies in fairness among flows with disparate Round-Trip Times (RTTs) and also displays inter-protocol unfairness. In high-speed wireless networks, ensuring fairness is of paramount importance to guarantee equitable bandwidth allocation among diverse traffic types and to enhance overall network utilization. To address this issue, this paper proposes a BBR–Pacing Gain (BBR–PG) algorithm. By deriving the pacing rate control model, the impact of pacing gain on BBR fairness is revealed. Adjusting the pacing gain according to the RTT can improve BBR’s performance. Simulations and real network experiments have shown that the BBR–PG algorithm retains the throughput advantages of the original BBR algorithm while significantly enhancing fairness. In our simulation experiments, RTT fairness and intra-protocol fairness were improved by 50% and 46%, respectively.",2024,https://doi.org/10.3390/fi16110392,pending,,to_assign,to_assign,doi:https://doi.org/10.3390/fi16110392,,bbr;congestion control;tcp;fairness;rtt;wireless,priority_review,candidate_include,BBR/BDP-Veno/OVeno term plus a review topic,include_title_abstract,,not_started,Codex,2026-09-28,Direct BBR/Veno/BDP-Veno/OVeno evidence with a transport or network topic.,pending_full_text,3,open_candidate,https://www.mdpi.com/1999-5903/16/11/392/pdf?version=1729872254 | https://doi.org/10.3390/fi16110392,,pending_full_text,,Codex,
openalex_Q1_0196,openalex_Q1,openalex,Q1,Through the RTT Lens : A Comparative study of CUBIC and BBR Congestion Control,"As the demand for high-performance internet applications continues to surge, the efficiency of network congestion control algorithms becomes a critical factor in ensuring a seamless user experience. This research paper delves into the comparative analysis of two prominent congestion control mechanisms: BBR (Bottleneck Bandwidth and Round- trip propagation time) and Cubic[1]. Both algorithms play pivotal roles in regulating data flow within networks, but their approaches differ significantly. The comparison section highlights the adaptive behavior of each algorithm, emphasizing real-world implications for diverse network scenarios. The discussion interprets the findings, offering a nuanced understanding of the strengths and weaknesses of both BBR and Cubic, thereby contributing to the broader discourse on congestion control strategies.",2023,https://doi.org/10.32628/cseit2390652,pending,,to_assign,to_assign,doi:https://doi.org/10.32628/cseit2390652,,bbr;congestion control;rtt,priority_review,candidate_include,BBR/BDP-Veno/OVeno term plus a review topic,include_title_abstract,,not_started,Codex,2026-09-28,Direct BBR/Veno/BDP-Veno/OVeno evidence with a transport or network topic.,pending_full_text,3,open_candidate,http://dx.doi.org/10.32628/cseit2390652,,pending_full_text,,Codex,
openalex_Q2_0017,openalex_Q2,openalex,Q2,Communication Bicasting for Improving Throughput and Fairness in Multihomed Networks Using QUIC with BBRv3,"When devices equipped with multiple wireless network interfaces access the Internet via Wi-Fi, 4G, and 5G, external factors such as radio interference can increase packet loss rates, resulting in reduced communication speed. To address this issue, two approaches exist: the use of Bottleneck Bandwidth and Round-trip propagation time (BBR), a congestion control algorithm designed to mitigate the impact of packet loss and bicasting in multihomed networks. Bicasting in multihomed networks exploits multiple network paths by transmitting identical packets simultaneously over different networks, thereby reducing effective packet loss and mitigating throughput reduction. In this paper, we introduce a novel network architecture that effectively operates in lossy networks by combining bicasting with BBR. By utilizing QUIC and OpenFlow, the proposed architecture enables the construction of a multihomed network that is independent of the operating system (OS), allowing flexible configuration of congestion control algorithms. Furthermore, the introduction of a QUIC proxy enables the use of existing server-side applications without requiring any modifications. Using the proposed multihomed network, we evaluate communication performance for unicasting and bicasting under varying packet loss rates, and we also analyze fairness with competing Transmission control protocol (TCP) flows. The results indicate that the combination of BBRv3 and bicasting achieves fivefold higher throughput than TCP unicasting at a 1% packet loss rate while preserving fairness with competing TCP flows.",2026,https://doi.org/10.3390/telecom7020029,pending,,to_assign,to_assign,doi:https://doi.org/10.3390/telecom7020029,,bbr;congestion control;tcp;fairness;wireless;quic,priority_review,candidate_include,BBR/BDP-Veno/OVeno term plus a review topic,include_title_abstract,,not_started,Codex,2026-09-28,Direct BBR/Veno/BDP-Veno/OVeno evidence with a transport or network topic.,pending_full_text,3,open_candidate,https://www.mdpi.com/2673-4001/7/2/29/pdf?version=1772616620 | https://doi.org/10.3390/telecom7020029,,pending_full_text,,Codex,
openalex_Q3_0133,openalex_Q3,openalex,Q3,Bbr-With Adaptive Pacing Gain(Bbr-Apg): An Improved Rtt,,2022,https://doi.org/10.2139/ssrn.4132906,pending,,to_assign,to_assign,doi:https://doi.org/10.2139/ssrn.4132906,,bbr;rtt,priority_review,candidate_include,BBR/BDP-Veno/OVeno term plus a review topic,include_title_abstract,,not_started,Codex,2026-09-28,Direct BBR/Veno/BDP-Veno/OVeno evidence with a transport or network topic.,pending_full_text,3,open_candidate,https://doi.org/10.2139/ssrn.4132906,,pending_full_text,,Codex,
openalex_Q7_0032,openalex_Q7,openalex,Q7,Adaptive Handover Detection for QUIC over LEO Satellite Networks,"Low Earth Orbit (LEO) satellites travel at approximately 7.5~km/s, causing frequent link handovers that manifest as round-trip time (RTT) spikes and transient packet loss events. Traditional transport-layer congestion control algorithms misinterpret these link-level disturbances as network congestion, leading to unnecessary reductions in the congestion window cwnd and consequent throughput degradation. Existing optimization schemes either depend on proprietary satellite telemetry that is unavailable to end-users, or exploit fixed handover periodicity patterns whose applicability is restricted to specific constellations and geographic regions. This paper proposes the Adaptive Handover Detection (AHD) algorithm, which operates exclusively on observable end-to-end metrics, specifically RTT, available bandwidth, and packet loss rate, to distinguish link handover events from genuine network congestion without requiring any external auxiliary information. Integrated as a transparent wrapper around BBRv3 within the QUIC protocol stack and evaluated in a Mininet-based simulation environment driven by real Starlink measurement traces, AHD identifies handover-induced network state transitions, suppresses unnecessary cwnd reductions, increases QUIC throughput by up to 32%, and reduces the packet loss rate by 11% relative to standard BBR. An ablation study confirms that both EWMA-based smoothing and the freeze protection mechanism are essential contributors to the observed performance gains. A sensitivity analysis of all five tunable parameters justifies the selected configuration and demonstrates that performance remains robust throughout the evaluated parameter range.",2026,,pending,,to_assign,to_assign,title:adaptive handover detection for quic over leo satellite networks,,bbr;congestion control;rtt;satellite;leo;quic,priority_review,candidate_include,BBR/BDP-Veno/OVeno term plus a review topic,include_title_abstract,,not_started,Codex,2026-09-28,Direct BBR/Veno/BDP-Veno/OVeno evidence with a transport or network topic.,pending_full_text,3,open_candidate,https://eprints.gla.ac.uk/390916/3/390916.pdf | https://eprints.gla.ac.uk/390916/2/390916.pdf,,pending_full_text,,Codex,
openalex_Q1_0028,openalex_Q1,openalex,Q1,Coupled Multipath BBR (C-MPBBR): A Efficient Congestion Control Algorithm for Multipath TCP,"Multipath transmission control protocol (MPTCP) is a promising transport layer protocol that enables a device to utilize multiple communication interfaces simultaneously, thereby achieving high throughput. A congestion control algorithm (CCA) employed in MPTCP constitutes a key part that controls the data flow through different subflows (SFs). There are two fundamental challenges associated with MPTCP CCAs. First, MPTCP flows should have an advantage over single-path flows; second, MPTCP flows should be fair, indicating that SFs sharing a common bottleneck should occupy a capacity fairly close to that occupied by a single-path flow. Several MPTCP CCAs have been developed; however, they have failed to satisfy these challenges in all scenarios. Recently, Google has introduced the bottleneck bandwidth and round-trip-time (BBR), a new CCA for single-path TCP, achieving high throughput with minimum delay by employing a network model. In the present paper, we propose a novel MPTCP CCA based on BBR named coupled multipath BBR (C-MPBBR) that satisfies the fundamental challenges by exploiting the concept of network modeling in BBR. C-MPBBR addresses the first challenge by closing the low-bandwidth SFs by tracking the delivery rate and bottleneck bandwidth (BtlBW). Then, it satisfies the second challenge through identifying those SFs that share a common bottleneck and dividing the BtlBW share corresponding to a SF among them. We implemented C-MPBBR in the Linux kernel, tested it on a wide range of scenarios by the Mininet emulation experiments, and the real-world Internet, and confirmed that the proposed C-MPBBR outperforms the existing MPTCP CCAs in terms of successfully satisfying the fundamental challenges by ensuring both throughput and fairness.",2020,https://doi.org/10.1109/access.2020.3022720,pending,,to_assign,to_assign,doi:https://doi.org/10.1109/access.2020.3022720,,bbr;congestion control;tcp;fairness,priority_review,candidate_include,BBR/BDP-Veno/OVeno term plus a review topic,include_title_abstract,,not_started,Codex,2026-09-28,Direct BBR/Veno/BDP-Veno/OVeno evidence with a transport or network topic.,pending_full_text,2,open_candidate,https://doi.org/10.1109/access.2020.3022720,,pending_full_text,,Codex,
openalex_Q1_0031,openalex_Q1,openalex,Q1,BBR-ES: An Extended-State Optimization for BBR Congestion Control,"In recent years, many optimization proposals for TCP BBR have been introduced, but most rely mainly on delay variations and do not fully resolve BBR’s limitations in RTT fairness, link utilization, and delay control in networks. This paper proposes BBR with Extended State (BBR-ES), which extends BBR’s state machine with a short stabilization state and a trend-based transition mechanism that react to per-flow bandwidth and RTT evolution instead of global delay alone. BBR-ES uses lightweight bandwidth and RTT trend tracking to adjust its sending rate while preserving BBR’s model-based design. Experiments on both emulated (Mininet) and real-world Internet paths (Amazon EC2) show that BBR-ES consistently improves RTT fairness and link utilization over BBRv1, BBRv3, and CUBIC while keeping queuing delay moderate and bounded; in most settings, it achieves Jain’s fairness index above 0.9 and link utilization above 98%. These results indicate that BBR-ES is a practical candidate for deployment in large-scale content delivery and a useful design reference for future model-based congestion control schemes.",2026,https://doi.org/10.1109/tnsm.2026.3668966,pending,,to_assign,to_assign,doi:https://doi.org/10.1109/tnsm.2026.3668966,,bbr;congestion control;tcp;fairness;rtt,priority_review,candidate_include,BBR/BDP-Veno/OVeno term plus a review topic,include_title_abstract,,not_started,Codex,2026-09-28,Direct BBR/Veno/BDP-Veno/OVeno evidence with a transport or network topic.,pending_full_text,2,open_candidate,https://doi.org/10.1109/tnsm.2026.3668966,,pending_full_text,,Codex,
openalex_Q1_0032,openalex_Q1,openalex,Q1,Modeling BBR's Interactions with Loss-Based Congestion Control,"BBR is a new congestion control algorithm (CCA) deployed for Chromium QUIC and the Linux kernel. As the default CCA for YouTube (which commands 11+% of Internet traffic), BBR has rapidly become a major player in Internet congestion control. BBR's fairness or friendliness to other connections has recently come under scrutiny as measurements from multiple research groups have shown undesirable outcomes when BBR competes with traditional CCAs. One such outcome is a fixed, 40% proportion of link capacity consumed by a single BBR flow when competing with as many as 16 loss-based algorithms like Cubic or Reno. In this short paper, we provide the first model capturing BBR's behavior in competition with loss-based CCAs. Our model is coupled with practical experiments to validate its implications. The key lesson is this: under competition, BBR becomes window-limited by its 'in-flight cap' which then determines BBR's bandwidth consumption. By modeling the value of BBR's in-flight cap under varying network conditions, we can predict BBR's throughput when competing against Cubic flows with a median error of 5%, and against Reno with a median of 8%.",2019,https://doi.org/10.1145/3355369.3355604,pending,,to_assign,to_assign,doi:https://doi.org/10.1145/3355369.3355604,,bbr;congestion control;fairness;quic,priority_review,candidate_include,BBR/BDP-Veno/OVeno term plus a review topic,include_title_abstract,,not_started,Codex,2026-09-28,Direct BBR/Veno/BDP-Veno/OVeno evidence with a transport or network topic.,pending_full_text,2,open_candidate,https://dl.acm.org/doi/pdf/10.1145/3355369.3355604 | https://doi.org/10.1145/3355369.3355604,,pending_full_text,,Codex,
openalex_Q1_0033,openalex_Q1,openalex,Q1,BBR-ACD: BBR with Advanced Congestion Detection,"With the aim of improved throughput with reduced delay, Google proposed the bottleneck bandwidth and round-trip time (BBR) congestion control algorithm in 2016. Contrasting with the traditional loss-based congestion control algorithms, it operates without bottleneck queue formation and packet losses. However, we find unexpected behaviour in BBR during testbed experiments and network simulator 3 (NS-3) simulations. We observe huge packet losses, retransmissions, and large queue formation in the bottleneck in a congested network scenario. We believe this is because of BBR’s nature of sending extra data during the bandwidth probing without considering the network conditions, and the lack of a proper recovery mechanism. In a congested network, the sent extra data creates a large queue in the bottleneck, which is sustained due to insufficient drain time. BBR lacks a proper mechanism to detect such large bottleneck queues, cannot comply with the critical congestion situation properly, and results in excessive retransmission problems. Based on these observations, we propose a derivative of BBR, called “BBR with advanced congestion detection (BBR-ACD)”, that reduces the excessive retransmissions without losing the merits. We propose a novel method to determine an actual congestion situation by considering the packet loss and delay-gradient of round-trip time, and implement a proper recovery mechanism to handle such a congestion situation. Through extensive test and NS-3 simulations, we confirmed that the proposed BBR-ACD could reduce the retransmissions by about 50% while improving the total goodput of the network.",2020,https://doi.org/10.3390/electronics9010136,pending,,to_assign,to_assign,doi:https://doi.org/10.3390/electronics9010136,,bbr;congestion control;queue,priority_review,candidate_include,BBR/BDP-Veno/OVeno term plus a review topic,include_title_abstract,,not_started,Codex,2026-09-28,Direct BBR/Veno/BDP-Veno/OVeno evidence with a transport or network topic.,pending_full_text,2,open_candidate,https://www.mdpi.com/2079-9292/9/1/136/pdf?version=1579517015 | https://doi.org/10.3390/electronics9010136,,pending_full_text,,Codex,
openalex_Q1_0045,openalex_Q1,openalex,Q1,SDN-based Wireless Access Networks Utilising BBR TCP Congestion Control,Bottleneck Bandwidth and Round-trip propagation time (BBR) is a novel TCP congestion control algorithm developed for transport networking. This paper analyses Software Defined Networking (SDN) based wireless access networks that leverage the BBR TCP congestion control algorithm. A comparison of TCP performance over wireless access networks that utilise either conventional CUBIC TCP congestion control or BBR is provided. A SDN-based jitter minimization method for wireless links is proposed to achieve higher data throughput.,2019,https://doi.org/10.1109/itnac46935.2019.9078015,pending,,to_assign,to_assign,doi:https://doi.org/10.1109/itnac46935.2019.9078015,,bbr;congestion control;tcp;wireless,priority_review,candidate_include,BBR/BDP-Veno/OVeno term plus a review topic,include_title_abstract,,not_started,Codex,2026-09-28,Direct BBR/Veno/BDP-Veno/OVeno evidence with a transport or network topic.,pending_full_text,2,open_candidate,https://figshare.com/articles/conference_contribution/SDN-based_Wireless_Access_Networks_Utilising_BBR_TCP_Congestion_Control/27588600,,pending_full_text,,Codex,
openalex_Q1_0049,openalex_Q1,openalex,Q1,Understanding of BBRv2: Evaluation and Comparison With BBRv1 Congestion Control Algorithm,"Google proposed a bottleneck bandwidth round-trip propagation time (BBR) for TCP to replace the loss-based congestion control algorithms, such as Reno and CUBIC. Unlike the loss-based algorithms, BBR models a network path from source to destination and dynamically controls the sending rate using control parameters, such as pacing rate, congestion window, and quantum to achieve high throughput and low latency. However, many studies have reported performance issues in BBR operation, such as excessive packet loss in shallow buffers, the unfairness among different RTT flows, the unfairness with loss-based algorithms, and so on. Google is developing a new version of BBR, BBRv2, to resolve these performance issues. In this study, we evaluate and compare two versions of BBR on a Mininet emulator and a physical testbed, focusing on whether the BBRv2 alpha can alleviate the performance issues of BBRv1 and whether other novel issues will arise in BBRv2. The experiment results show that BBRv2 improves the unfairness and aggressiveness in small buffer less than 1 BDP. Moreover, multiple BBRv2 flows not only show better fairness in bandwidth sharing, but also reduce the amount of packet retransmissions. However, we observed that the challenging issues such as RTT unfairness, coexistence with loss-based algorithms, and synchronization between BBRv2 flows still exist. This study explores BBRv2's current behavior in various network scenarios and compares the performance of BBRv2 with the BBRv1 congestion control algorithm.",2021,https://doi.org/10.1109/access.2021.3061696,pending,,to_assign,to_assign,doi:https://doi.org/10.1109/access.2021.3061696,,bbr;congestion control;tcp;fairness;rtt;buffer,priority_review,candidate_include,BBR/BDP-Veno/OVeno term plus a review topic,include_title_abstract,,not_started,Codex,2026-09-28,Direct BBR/Veno/BDP-Veno/OVeno evidence with a transport or network topic.,pending_full_text,2,open_candidate,https://ieeexplore.ieee.org/ielx7/6287639/9312710/09361674.pdf | https://doi.org/10.1109/access.2021.3061696,,pending_full_text,,Codex,
openalex_Q1_0064,openalex_Q1,openalex,Q1,BBRp: Improving TCP BBR Performance Over WLAN,"This paper shows the inefficiency of TCP BBR in exploiting the Wi-Fi bandwidth. This limitation of BBR has been observed with both IEEE 802.11n and IEEE 802.11ac, where the mechanism of frame aggregation is used to boost the throughput of data transmission. In the last years, many TCP variants have been introduced to limit the bufferbloat phenomena and bound the latency through a reduction of the queue backlog injection rate. However, this mechanism impacts on the Wi-Fi frame aggregation logic, impeding TCP congestion controls to reach the full throughput potential of a Wi-Fi interface. While this problem can be solved with TCP Cubic by allowing the sender node to enqueue more packets, for TCP BBR the fix is not the same, as it has a customized pacing algorithm. With this contribution we propose BBRp, a new BBR version that allows for fine-tuning the congestion control pace, achieving between four and six times more throughput over IEEE 802.11n and IEEE 802.11ac channels, at the cost of an increased latency that is however always less than the latency obtainable with loss-based TCP congestion controls.",2020,https://doi.org/10.1109/access.2020.2977834,pending,,to_assign,to_assign,doi:https://doi.org/10.1109/access.2020.2977834,,bbr;congestion control;tcp;buffer;queue,priority_review,candidate_include,BBR/BDP-Veno/OVeno term plus a review topic,include_title_abstract,,not_started,Codex,2026-09-28,Direct BBR/Veno/BDP-Veno/OVeno evidence with a transport or network topic.,pending_full_text,2,open_candidate,https://ieeexplore.ieee.org/ielx7/6287639/8948470/09020162.pdf | https://doi.org/10.1109/access.2020.2977834,,pending_full_text,,Codex,
openalex_Q1_0073,openalex_Q1,openalex,Q1,BBR-S: A Low-Latency BBR Modification for Fast-Varying Connections,"The new possibilities offered by 5G and beyond networks have led to a change in the focus of congestion control from capacity maximization for web browsing and file transfer to latency-sensitive interactive and real-time services, and consequently to a renaissance of research on the subject, whose most well-known result is Google's Bottleneck Bandwidth and Round-trip propagation time (BBR) algorithm. BBR's promise is to operate at the optimal working point of a connection, with the minimum Round Trip Time (RTT) and full capacity utilization, striking the balance between resource use efficiency and latency performance. However, while it provides significant performance improvements over legacy mechanisms such as Cubic, it can significantly overestimate the capacity of fast-varying mobile connections, leading to unreliable service and large potential swings in the RTT. Our BBR-S algorithm replaces the max filter that causes this overestimation issue with an Adaptive Tobit Kalman Filter (ATKF), an innovation on the Kalman filter that can deal with unknown noise statistics and saturated measurements, achieving a 40% reduction in the average RTT over BBR, which increases to 60% when considering worst-case latency, while maintaining over 95% of the throughput in 4G and 5G networks.",2021,https://doi.org/10.1109/access.2021.3082715,pending,,to_assign,to_assign,doi:https://doi.org/10.1109/access.2021.3082715,,bbr;congestion control;rtt,priority_review,candidate_include,BBR/BDP-Veno/OVeno term plus a review topic,include_title_abstract,,not_started,Codex,2026-09-28,Direct BBR/Veno/BDP-Veno/OVeno evidence with a transport or network topic.,pending_full_text,2,open_candidate,https://ieeexplore.ieee.org/ielx7/6287639/9312710/09438951.pdf | https://doi.org/10.1109/access.2021.3082715,,pending_full_text,,Codex,
openalex_Q1_0076,openalex_Q1,openalex,Q1,BBR Bufferbloat in DASH Video,"BBR is a new congestion control algorithm and is seeing increased adoption especially for video traffic. BBR solves the bufferbloat problem in legacy loss-based congestion control algorithms where application performance drops considerably when router buffers are deep. BBR regulates traffic such that router queues don’t build up to avoid the bufferbloat problem while still maintaining high throughput. However, our analysis shows that video applications experience significantly poor performance when using BBR under deep buffers. In fact, we find that video traffic sees inflated latencies because of long queues at the router, ultimately degrading video performance. To understand this dichotomy, we study the interaction between BBR and DASH video. Our investigation reveals that BBR under deep buffers and high network burstiness severely overestimates available bandwidth and does not converge to steady state, both of which results in BBR sending substantially more data into the network, causing a queue buildup. This elevated packet sending rate under BBR is ultimately caused by the router’s ability to absorb bursts in traffic, which destabilizes BBR’s bandwidth estimation and overrides BBR’s expected logic for exiting the startup phase. We design a new bandwidth estimation algorithm and apply it to BBR (and a still-unreleased, newer version of BBR called BBR2). Our modified BBR and BBR2 both see significantly improved video QoE even under deep buffers.",2021,https://doi.org/10.1145/3442381.3450061,pending,,to_assign,to_assign,doi:https://doi.org/10.1145/3442381.3450061,,bbr;congestion control;buffer;queue,priority_review,candidate_include,BBR/BDP-Veno/OVeno term plus a review topic,include_title_abstract,,not_started,Codex,2026-09-28,Direct BBR/Veno/BDP-Veno/OVeno evidence with a transport or network topic.,pending_full_text,2,open_candidate,https://doi.org/10.1145/3442381.3450061,,pending_full_text,,Codex,
openalex_Q1_0097,openalex_Q1,openalex,Q1,A Comparative Evaluation of TCP Congestion Control Schemes over Low-Earth-Orbit (LEO) Satellite Networks,"Low-Earth-Orbit (LEO) satellite constellations can provide global Internet connectivity with latency comparable to terrestrial networks, but their fast movement and frequent handovers result in highly dynamic connectivity changes, with an unknown impact on network congestion control design. In this paper we evaluate and compare the performance of four congestion control schemes over LEO satellite networks, especially their behavior in the face of path changes and delay variations caused by satellite movement. Our results show that, while dynamic connectivity leads to performance degradation in all the congestion control schemes we examined, the impact differs for different schemes: the loss-based schemes (NewReno and Cubic) suffer from high queuing delays, the delay-based scheme (Vegas) often achieves low throughput, and BBR can handle connectivity dynamics with moderate performance degradation. Furthermore, if a user terminal can only connect to one satellite at a time, the performance degradation is worse across all the examined schemes.",2023,https://doi.org/10.1145/3630590.3630603,pending,,to_assign,to_assign,doi:https://doi.org/10.1145/3630590.3630603,,bbr;congestion control;tcp;satellite;leo,priority_review,candidate_include,BBR/BDP-Veno/OVeno term plus a review topic,include_title_abstract,,not_started,Codex,2026-09-28,Direct BBR/Veno/BDP-Veno/OVeno evidence with a transport or network topic.,pending_full_text,2,open_candidate,https://dl.acm.org/doi/pdf/10.1145/3630590.3630603 | https://doi.org/10.1145/3630590.3630603,,pending_full_text,,Codex,
openalex_Q1_0104,openalex_Q1,openalex,Q1,BBR+: improving TCP BBR Performance over WLAN,"This paper shows the inefficiency of TCP BBR in exploiting the Wi-Fi bandwidth. This limitation of BBR has been observed with both IEEE 802.1ln and IEEE 802.11ac, where the mechanism of frame aggregation is used to boost the throughput of data transmission. In the last years, many TCP variants have been introduced to limit the bufferbloat phenomena and bound the latency, through a reduction of the queue backlog injection rate. However, this mechanism impacts on the Wi-Fi frame aggregation logic, impeding TCP congestion controls to reach the full throughput potential of a Wi-Fi interface. While this problem can be solved with TCP CUBIC allowing the sender node to enqueue more packets, for TCP BBR the fix is not the same, as it has a customized pacing algorithm. With this contribution, we propose BBR+, a new BBR version that allows to fine tune the congestion control pace, achieving 6 times more throughput over IEEE 802.1ln channels and 16 times more throughout over IEEE 802.11ac channels, at the cost of an increased latency that is however always less than the latency obtainable with TCP CUBIC.",2020,https://doi.org/10.1109/icc40277.2020.9149220,pending,,to_assign,to_assign,doi:https://doi.org/10.1109/icc40277.2020.9149220,,bbr;congestion control;tcp;buffer;queue,priority_review,candidate_include,BBR/BDP-Veno/OVeno term plus a review topic,include_title_abstract,,not_started,Codex,2026-09-28,Direct BBR/Veno/BDP-Veno/OVeno evidence with a transport or network topic.,pending_full_text,2,open_candidate,http://hdl.handle.net/11380/1227871,,pending_full_text,,Codex,
openalex_Q1_0107,openalex_Q1,openalex,Q1,Sharing but not Caring - Performance of TCP BBR and TCP CUBIC at the Network Bottleneck,"Loss-based congestion control protocols such as TCP CUBIC can unnecessarily fill router buffers adding delays which degrade application performance. Newcomer TCP BBR uses estimates of the bottleneck bandwidth and round trip time (RTT) to try to operate at the theoretical optimum – just enough packets to fully utilize the network without excess queuing. We present detailed experimental results that show in practice, BBR can either over- or under-estimate the bottleneck bandwidth and RTT, causing high packet loss for shallow buffer routers and massive throughput variations when competing with TCP CUBIC flows. We suggest methods for improving BBR’s estimation mechanisms to provide more stability and fairness.",2019,,pending,,to_assign,to_assign,title:sharing but not caring performance of tcp bbr and tcp cubic at the network bottleneck,,bbr;congestion control;tcp;fairness;rtt;buffer,priority_review,candidate_include,BBR/BDP-Veno/OVeno term plus a review topic,include_title_abstract,,not_started,Codex,2026-09-28,Direct BBR/Veno/BDP-Veno/OVeno evidence with a transport or network topic.,pending_full_text,2,open_candidate,https://digitalcommons.wpi.edu/mqp-all/6728 | https://digitalcommons.wpi.edu/cgi/viewcontent.cgi?article=7727&context=mqp-all,,pending_full_text,,Codex,
openalex_Q1_0108,openalex_Q1,openalex,Q1,Improvement of BBRv2 Congestion Control Algorithm Based on Flow-aware ECN,"Google proposed a new congestion control algorithm (CCA) based on bottleneck bandwidth and round-trip propagation time (BBR), which is considered to open a new era of congestion control. BBR creates a network path model by measuring the available bottleneck bandwidth and the minimum round-trip time (RTT) to maximize delivery rate and minimize latency. The BBR v2 algorithm is a recently updated version by Google, which aims to improve some of the problems in the original BBR (BBRv1) algorithm, such as interprotocol fairness issues, RTT fairness issues, and excessive retransmissions. The BBRv2 evaluation results show that it can improve the coexistence with the loss_based algorithm and alleviate some of the shortcomings in BBRv1. However, when multiple BBRv2 flows enter the same link at different times, fair convergence cannot be achieved, and RTT fairness still exists. Based on these problems, we analyze the root cause and proposed an improved algorithm BBRv2+, which uses flow-aware explicit congestion notification (ECN) to quantify queue information and feedback on the accurate congestion degree. BBRv2+ algorithm can avoid blind window constraints and selectively mark packets so that different flows can converge to fairness. In the simulation experiment of Network Simulator 3 (NS3), the results show that the BBRv2+ algorithm can improve intraprotocol fairness and RTT fairness and ensure bandwidth utilization and interprotocol fairness.",2022,https://doi.org/10.1155/2022/1218245,pending,,to_assign,to_assign,doi:https://doi.org/10.1155/2022/1218245,,bbr;congestion control;fairness;rtt;queue;ecn,priority_review,candidate_include,BBR/BDP-Veno/OVeno term plus a review topic,include_title_abstract,,not_started,Codex,2026-09-28,Direct BBR/Veno/BDP-Veno/OVeno evidence with a transport or network topic.,pending_full_text,2,open_candidate,https://downloads.hindawi.com/journals/scn/2022/1218245.pdf | https://doi.org/10.1155/2022/1218245,,pending_full_text,,Codex,
openalex_Q1_0114,openalex_Q1,openalex,Q1,PBQ-Enhanced QUIC: QUIC with Deep Reinforcement Learning Congestion Control Mechanism,"Currently, the most widely used protocol for the transportation layer of computer networks for reliable transportation is the Transmission Control Protocol (TCP). However, TCP has some problems such as high handshake delay, head-of-line (HOL) blocking, and so on. To solve these problems, Google proposed the Quick User Datagram Protocol Internet Connection (QUIC) protocol, which supports 0-1 round-trip time (RTT) handshake, a congestion control algorithm configuration in user mode. So far, the QUIC protocol has been integrated with traditional congestion control algorithms, which are not efficient in numerous scenarios. To solve this problem, we propose an efficient congestion control mechanism on the basis of deep reinforcement learning (DRL), i.e., proximal bandwidth-delay quick optimization (PBQ) for QUIC, which combines traditional bottleneck bandwidth and round-trip propagation time (BBR) with proximal policy optimization (PPO). In PBQ, the PPO agent outputs the congestion window (CWnd) and improves itself according to network state, and the BBR specifies the pacing rate of the client. Then, we apply the presented PBQ to QUIC and form a new version of QUIC, i.e., PBQ-enhanced QUIC. The experimental results show that the proposed PBQ-enhanced QUIC achieves much better performance in both throughput and RTT than existing popular versions of QUIC, such as QUIC with Cubic and QUIC with BBR.",2023,https://doi.org/10.3390/e25020294,pending,,to_assign,to_assign,doi:https://doi.org/10.3390/e25020294,,bbr;congestion control;tcp;rtt;quic;learning,priority_review,candidate_include,BBR/BDP-Veno/OVeno term plus a review topic,include_title_abstract,,not_started,Codex,2026-09-28,Direct BBR/Veno/BDP-Veno/OVeno evidence with a transport or network topic.,pending_full_text,2,open_candidate,https://www.mdpi.com/1099-4300/25/2/294/pdf?version=1676530997 | https://doi.org/10.3390/e25020294,,pending_full_text,,Codex,
openalex_Q1_0148,openalex_Q1,openalex,Q1,Fairness Improvement Method Using Explicit Congestion Notification for QUIC,"QUIC is a transport protocol that adds congestion control, retransmission control, and TLS to UDP. QUIC can use the same congestion control algorithms as TCP. In previous work, we have shown that communication performance becomes unfair concerning the buffer size of the shared bottleneck link of two flows, one using CUBIC and the other BBR congestion control algorithms within QUIC. In this study, we improve the communication fairness performance at different bottleneck link buffer sizes by using Round Trip Time (RTT) and Explicit Congestion Notification (ECN) to regulate congestion control aggressiveness when CUBIC and BBR compete within QUIC through actual experiments.",2024,https://doi.org/10.23919/comex.2024xbl0014,pending,,to_assign,to_assign,doi:https://doi.org/10.23919/comex.2024xbl0014,,bbr;congestion control;tcp;fairness;rtt;buffer;ecn;quic,priority_review,candidate_include,BBR/BDP-Veno/OVeno term plus a review topic,include_title_abstract,,not_started,Codex,2026-09-28,Direct BBR/Veno/BDP-Veno/OVeno evidence with a transport or network topic.,pending_full_text,2,open_candidate,https://ieeexplore.ieee.org/ielx7/10250155/10250156/10494945.pdf | https://doi.org/10.23919/comex.2024xbl0014,,pending_full_text,,Codex,
openalex_Q1_0164,openalex_Q1,openalex,Q1,On the Fairness of Internet Congestion Control over WiFi with Deep Reinforcement Learning,"For over forty years, TCP has been the main protocol for transporting data on the Internet. To improve congestion control algorithms (CCAs), delay bounding algorithms such as Vegas, FAST, BBR, PCC, and Copa have been developed. However, despite being designed to ensure fairness between data flows, these CCAs can still lead to unfairness and, in some cases, even cause data flow starvation in WiFi networks under certain conditions. We propose a new CCA switching solution that works with existing TCP and WiFi standards. This solution is offline and uses Deep Reinforcement Learning (DRL) trained on features such as noncongestive delay variations to predict and prevent extreme unfairness and starvation. Our DRL-driven approach allows for dynamic and efficient CCA switching. We have tested our design preliminarily in realistic datasets, ensuring that they support both fairness and efficiency over WiFi networks, which requires further investigation and extensive evaluation before online deployment.",2024,https://doi.org/10.3390/fi16090330,pending,,to_assign,to_assign,doi:https://doi.org/10.3390/fi16090330,,bbr;congestion control;tcp;fairness;learning,priority_review,candidate_include,BBR/BDP-Veno/OVeno term plus a review topic,include_title_abstract,,not_started,Codex,2026-09-28,Direct BBR/Veno/BDP-Veno/OVeno evidence with a transport or network topic.,pending_full_text,2,open_candidate,https://www.mdpi.com/1999-5903/16/9/330/pdf?version=1725963673 | https://doi.org/10.3390/fi16090330,,pending_full_text,,Codex,
openalex_Q1_0181,openalex_Q1,openalex,Q1,QUIC Congestion Control Algorithm characteristics in mixed satellite–terrestrial emergency communication scenarios,"Reliable communications play a pivotal role in ensuring an efficient response and the coordination of recovery and rescue efforts. However, conventional communication methods may not always be accessible or dependable in such situations. In such circumstances, constellations of Low Earth Orbit (LEO) satellites can provide high bandwidth capabilities with relatively low latency, making them well-suited for supporting on-the-ground disaster management teams. Satellites can either complement or replace terrestrial telecommunication infrastructures. In this context, reliance on the recently defined QUIC protocol allows for a seamless transition from terrestrial to satellite communication as needed. Therefore, we investigate the possible use of a dual-stack node architecture along with the employment of the QUIC transport protocol for emergency communications, assuming that the backhaul link used to transfer users’ applications data may need to be changed (seamlessly). We conduct an extensive emulation study, evaluating the performance of QUIC under varying queuing policies and Congestion Control Algorithm (CCA) behaviour, providing practical insights and recommendations to enhance the protocol’s efficiency and robustness. The key aspects and configurations of QUIC protocol stack are identified, presenting optimal communication configurations leveraging CoDel and BBR CCA.",2024,https://doi.org/10.1016/j.comcom.2024.07.013,pending,,to_assign,to_assign,doi:https://doi.org/10.1016/j.comcom.2024.07.013,,bbr;congestion control;satellite;leo;quic,priority_review,candidate_include,BBR/BDP-Veno/OVeno term plus a review topic,include_title_abstract,,not_started,Codex,2026-09-28,Direct BBR/Veno/BDP-Veno/OVeno evidence with a transport or network topic.,pending_full_text,2,open_candidate,https://doi.org/10.1016/j.comcom.2024.07.013,,pending_full_text,,Codex,
openalex_Q1_0193,openalex_Q1,openalex,Q1,Improvement of inter-protocol fairness for BBR congestion control using machine learning,"Google's BBR (Bottleneck Bandwidth and Round-trip Propagation Time) approach is used to enhance internet network transmission. It is particularly intended to efficiently handle enormous amounts of data. Traditional TCP (Transmission Control Protocol) algorithms confront the most difficulty in calculating the proper quantity of data to send in order to prevent congestion and bottlenecks. This wastes bandwidth and causes network delays. BBR addresses this issue by adaptively assessing the available bandwidth (also known as bottleneck bandwidth) along the network channel and calculating the round-trip time (RTT) between the sender and receiver. Although when several flows compete for bandwidth, BBR may supply more bandwidth to one flow at the expense of another, resulting in unequal resource distribution. This paper proposes to integrate machine learning with BBR to enhance fairness in resource allocation. This novel strategy can improve bandwidth allocation and provide a more equal distribution of resources among competing flows by using historical BBR data to train an ML model. Further we also implemented a classifier model that is graphic neural network in the congestion control method.",2023,https://doi.org/10.48550/arxiv.2312.11790,pending,,to_assign,to_assign,doi:https://doi.org/10.48550/arxiv.2312.11790,,bbr;congestion control;tcp;fairness;rtt;learning,priority_review,candidate_include,BBR/BDP-Veno/OVeno term plus a review topic,include_title_abstract,,not_started,Codex,2026-09-28,Direct BBR/Veno/BDP-Veno/OVeno evidence with a transport or network topic.,pending_full_text,2,open_candidate,https://arxiv.org/pdf/2312.11790 | http://arxiv.org/abs/2312.11790,,pending_full_text,,Codex,
openalex_Q1_0194,openalex_Q1,openalex,Q1,TCP BBR congestion control optimization algorithm for high fairness and low retransmission,,2023,https://doi.org/10.21203/rs.3.rs-3365036/v1,pending,,to_assign,to_assign,doi:https://doi.org/10.21203/rs.3.rs-3365036/v1,,bbr;congestion control;tcp;fairness,priority_review,candidate_include,BBR/BDP-Veno/OVeno term plus a review topic,include_title_abstract,,not_started,Codex,2026-09-28,Direct BBR/Veno/BDP-Veno/OVeno evidence with a transport or network topic.,pending_full_text,2,open_candidate,https://www.researchsquare.com/article/rs-3365036/latest.pdf | http://dx.doi.org/10.21203/rs.3.rs-3365036/v1,,pending_full_text,,Codex,
openalex_Q2_0014,openalex_Q2,openalex,Q2,QUIC Steps: Evaluating Pacing Strategies in QUIC Implementations,"Pacing is a key mechanism in modern transport protocols, used to regulate packet transmission timing to minimize traffic burstiness, lower latency, and reduce packet loss. Standardized in 2021, QUIC is a UDP-based protocol designed to improve upon the TCP / TLS stack. While the QUIC protocol recommends pacing, and congestion control algorithms like BBR rely on it, the user-space nature of QUIC introduces unique challenges. These challenges include coarse-grained timers, system call overhead, and OS scheduling delays, all of which complicate precise packet pacing. This paper investigates how pacing is implemented differently across QUIC stacks, including quiche, picoquic, and ngtcp2, and evaluates the impact of system-level features like GSO and Linux qdiscs on pacing. Using a custom measurement framework and a passive optical fiber tap, we establish a baseline with default settings and systematically explore the effects of qdiscs, hardware offloading using the ETF qdisc, and GSO on pacing precision and network performance. We also extend and evaluate a kernel patch to enable pacing of individual packets within GSO buffers, combining batching efficiency with precise pacing. Kernel-assisted and purely user-space pacing approaches are compared. We show that pacing with only user-space timers can work well, as demonstrated by picoquic with BBR. With quiche, we identify FQ as a qdisc well-suited for pacing QUIC traffic, as it is relatively easy to use and offers precise pacing based on packet timestamps. We uncovered that internal mechanisms, such as a library's spurious loss detection logic or algorithms such as HyStart++, can interfere with pacing and cause issues like unstable congestion windows and increased packet loss. Our findings provide new insights into the trade-offs involved in implementing pacing in QUIC and highlight potential optimizations for real-world applications like video streaming and video calls.",2025,https://doi.org/10.1145/3730985,pending,,to_assign,to_assign,doi:https://doi.org/10.1145/3730985,,bbr;congestion control;tcp;buffer;quic,priority_review,candidate_include,BBR/BDP-Veno/OVeno term plus a review topic,include_title_abstract,,not_started,Codex,2026-09-28,Direct BBR/Veno/BDP-Veno/OVeno evidence with a transport or network topic.,pending_full_text,2,open_candidate,https://dl.acm.org/doi/pdf/10.1145/3730985 | https://doi.org/10.1145/3730985,,pending_full_text,,Codex,
openalex_Q2_0015,openalex_Q2,openalex,Q2,TCP BBR-n interplay with modern AQM in Wireless-N/AC networks: Quest for the golden pair,"Effective congestion control on the internet has been a problem since its inception. Transmission Control Protocol (TCP), being the most widely used transport layer protocol tries to mitigate it using a variety of congestion control algorithms. Cubic, Reno, and Bottleneck Bandwidth and Round-trip propagation time (BBR) are the most deployed congestion controls. BBR v2 is leading the congestion control race with its superior performance in terms of better throughput and lower latency. Furthermore, Active Queue Management (AQM) algorithms try to mitigate the congestion control at the network layer through active buffer control to avoid bufferbloat. The most efficient congestion control occurs when TCP and AQM work together. Indeed, it is the TCP-AQM algorithm ""Golden pair"" that can result in the most efficient performance. This paper proposes such a novel pair based on our previously tested and published BBR-n (BBR new) with the most effective of the modern AQMs, that completely gels together to provide lower latency in wireless networks based on Wireless N/AC. Real-time experiments were performed using Flent on our physical testbed with BBR-n and modern AQMs such as Fair Queuing (FQ), Constrained Delay (CoDel), Proportional Integral controller Enhanced (PIE), Common Applications Kept Enhanced (Cake) and Flow Queuing Controlled Delay (FQ_CoDel). Various tests done on our physical testbed helped us identify CAKE as the most optimum AQM that fits with our proposed BBR-n while providing optimum throughput and lower latency in 802.11N/AC-based wireless networks.",2024,https://doi.org/10.1371/journal.pone.0304609,pending,,to_assign,to_assign,doi:https://doi.org/10.1371/journal.pone.0304609,,bbr;congestion control;tcp;buffer;queue;wireless,priority_review,candidate_include,BBR/BDP-Veno/OVeno term plus a review topic,include_title_abstract,,not_started,Codex,2026-09-28,Direct BBR/Veno/BDP-Veno/OVeno evidence with a transport or network topic.,pending_full_text,2,open_candidate,https://journals.plos.org/plosone/article/file?id=10.1371/journal.pone.0304609&type=printable | http://dx.doi.org/10.1371/journal.pone.0304609,,pending_full_text,,Codex,
openalex_Q2_0018,openalex_Q2,openalex,Q2,Robust Constraint-Aware Bayesian Tuning of BBRv2 for QUIC under Tactile Internet Constraints,"Tactile Internet applications place strict require- ments on latency, jitter, loss, and responsiveness, which makes transport configuration a critical design factor. Although BBRv2 offers a model-based congestion control framework with strong throughput potential, its default behavior may not be well aligned with delay-sensitive interactive scenarios. This paper presents a robust and constraint-aware tuning framework for BBRv2 in QUIC, where parameter selection is formulated as an expensive black-box optimization problem over multiple emulated network conditions. The tuning process uses Bayesian optimization with the Tree Structured Parzen Estimator to efficiently explore a bounded parameter space under noisy experimental measure- ments. The objective is designed to preserve throughput while enforcing limits on tail latency and loss, while delay instability is evaluated separately through the jitter metric. Experimental results across low, medium, and high impairment scenarios show that the tuned configuration improves tail latency, jitter behavior, and loss performance while maintaining competitive goodput relative to standard QUIC congestion control baselines. These results support robust black-box tuning as a practical method for adapting QUIC transport behavior to tactile Internet style requirements.",2026,https://doi.org/10.48550/arxiv.2608.14318,pending,,to_assign,to_assign,doi:https://doi.org/10.48550/arxiv.2608.14318,,bbr;congestion control;quic,priority_review,candidate_include,BBR/BDP-Veno/OVeno term plus a review topic,include_title_abstract,,not_started,Codex,2026-09-28,Direct BBR/Veno/BDP-Veno/OVeno evidence with a transport or network topic.,pending_full_text,2,open_candidate,https://arxiv.org/pdf/2608.14318 | https://arxiv.org/abs/2608.14318,,pending_full_text,,Codex,
openalex_Q2_0023,openalex_Q2,openalex,Q2,BBR's Sharing Behavior with CUBIC and Reno,"TCP BBR's behavior has been explained by various theoretical models, and in particular those that describe how it co-exists with other types of flows. However, as new versions of the BBR protocol have emerged, it remains unclear to what extent the high-level behaviors described by these models apply to the newer versions. In this paper, we systematically evaluate the most influential steady-state and fluid models describing BBR's coexistence with loss-based flows over shared bottleneck links. Our experiments, conducted on a new experimental platform (FABRIC), extend previous evaluations to additional network scenarios, enabling comparisons between the two models and include the recently introduced BBRv3. Our findings confirm that the steady-state model accurately captures BBRv1 behavior, especially against single loss-based flows. The fluid model successfully captures several key behaviors of BBRv1 and BBRv2 but shows limitations, in scenarios involving deep buffers, large numbers of flows, or intra-flow fairness. Importantly, we observe clear discrepancies between existing model predictions and BBRv3 behavior, suggesting the need for an updated or entirely new modeling approach for this latest version. We hope these results validate and strengthen the research community's confidence in these models and identify scenarios where they do not apply.",2025,https://doi.org/10.48550/arxiv.2505.07741,pending,,to_assign,to_assign,doi:https://doi.org/10.48550/arxiv.2505.07741,,bbr;tcp;fairness;buffer,priority_review,candidate_include,BBR/BDP-Veno/OVeno term plus a review topic,include_title_abstract,,not_started,Codex,2026-09-28,Direct BBR/Veno/BDP-Veno/OVeno evidence with a transport or network topic.,pending_full_text,2,open_candidate,https://arxiv.org/pdf/2505.07741 | http://arxiv.org/abs/2505.07741,,pending_full_text,,Codex,
openalex_Q3_0036,openalex_Q3,openalex,Q3,Overcoming Fairness and Latency Challenges in BBR With an Adaptive Delay Detection,"In 2016, Google introduced a new congestion control algorithm called Bottleneck Bandwidth and Round-trip propagation time (BBR). BBR aims to set the data-sending rate of flows to operate at an optimal operating point—maximizing throughput, minimizing delay, and reducing packet loss. However, when multiple BBR flows share a bottleneck link with a deep buffer, they often deviate from the optimal point, resulting in significant queuing delays, and serious fairness issues especially when flows with different RTTs are present. Existing methods to enhance BBR’s performance typically cap the sending rates of longer RTT flows to improve fairness and reduce latency, but these do not tackle the fundamental problem. In this paper, we introduce a modification to BBR, termed BBR Refined (BBR-R), which enhances throughput fairness among diverse RTT flows and lowers queuing delays. By targeting the underlying causes of unfairness, BBR-R adaptively adjusts delay detection intervals to clear queues in the bottleneck link buffer while preserving link utilization. Our experimental results show that BBR-R enhances RTT fairness by 30% over BBR and other variants, and reduces latency by 30% compared to the original BBR.",2025,https://doi.org/10.1109/access.2025.3545088,pending,,to_assign,to_assign,doi:https://doi.org/10.1109/access.2025.3545088,,bbr;congestion control;fairness;rtt;buffer;queue,priority_review,candidate_include,BBR/BDP-Veno/OVeno term plus a review topic,include_title_abstract,,not_started,Codex,2026-09-28,Direct BBR/Veno/BDP-Veno/OVeno evidence with a transport or network topic.,pending_full_text,2,open_candidate,https://doi.org/10.1109/access.2025.3545088,,pending_full_text,,Codex,
openalex_Q3_0110,openalex_Q3,openalex,Q3,Integration and Evaluation of QUIC and TCP-BBR in longhaul Science Data Transfers,"Two recent and promising additions to the internet protocols are TCP-BBR and QUIC. BBR defines a congestion policy that promises a better control in TCP bottlenecks on long haul transfers and can also be used in the QUIC protocol. TCP-BBR is implemented in the Linux kernels above 4.9. It has been shown, however, to demand careful fine tuning in the interaction, for example, with the Linux Fair Queue. QUIC, on the other hand, replaces HTTP and TLS with a protocol on the top of UDP and thin layer to serve HTTP. It has been reported to account today for 7% of Google’s traffic. It has not been used in server-to-server transfers even if its creators see that as a real possibility. Our work evaluates the applicability and tuning of TCP-BBR and QUIC for data science transfers. We describe the deployment and performance evaluation of TCP-BBR and comparison with CUBIC and H-TCP in transfers through the TEIN link to Singaren (Singapore). Also described is the deployment and initial evaluation of a QUIC server. We argue that QUIC might be a perfect match in security and connectivity to base services that are today performed by the Xroot redirectors.",2019,https://doi.org/10.1051/epjconf/201921408026,pending,,to_assign,to_assign,doi:https://doi.org/10.1051/epjconf/201921408026,,bbr;tcp;queue;quic,priority_review,candidate_include,BBR/BDP-Veno/OVeno term plus a review topic,include_title_abstract,,not_started,Codex,2026-09-28,Direct BBR/Veno/BDP-Veno/OVeno evidence with a transport or network topic.,pending_full_text,2,open_candidate,https://www.epj-conferences.org/articles/epjconf/pdf/2019/19/epjconf_chep2018_08026.pdf | https://doi.org/10.1051/epjconf/201921408026,,pending_full_text,,Codex,
openalex_Q4_0137,openalex_Q4,openalex,Q4,BBRv2+:Towards Balancing Aggressiveness and Fairness with Delay-based Bandwidth Probing,"BBRv2, proposed by Google, aims at addressing BBR's shortcomings of unfairness against loss-based congestion control algorithms (CCAs) and excessive retransmissions in shallow-buffered networks. In this paper, we first comprehensively study BBRv2's performance under various network conditions and show that BBRv2 mitigates the shortcomings of BBR. Nevertheless, BBRv2's benefits come with several costs, including the slow responsiveness to bandwidth dynamics as well as the low resilience to random losses. We then propose BBRv2+ to address BBRv2's performance issues without sacrificing its advantages over BBR. To this end, BBRv2+ incorporates delay information into its path model, which cautiously guides the aggressiveness of its bandwidth probing to not reduce its fairness against loss-based CCAs. BBRv2+ also integrates mechanisms for improved resilience to random losses as well as network jitters. Extensive experiments demonstrate the effectiveness of BBRv2+. Especially, it achieves 25% higher throughput and comparable queuing delay in comparison with BBRv2 in high-mobility network scenarios.",2021,https://doi.org/10.48550/arxiv.2107.03057,pending,,to_assign,to_assign,doi:https://doi.org/10.48550/arxiv.2107.03057,,bbr;congestion control;fairness;buffer,priority_review,candidate_include,BBR/BDP-Veno/OVeno term plus a review topic,include_title_abstract,,not_started,Codex,2026-09-28,Direct BBR/Veno/BDP-Veno/OVeno evidence with a transport or network topic.,pending_full_text,2,open_candidate,https://arxiv.org/pdf/2107.03057 | http://arxiv.org/abs/2107.03057,,pending_full_text,,Codex,
openalex_Q1_0002,openalex_Q1,openalex,Q1,BBR: Congestion-Based Congestion Control,"When bottleneck buffers are large, loss-based congestion control keeps them full, causing bufferbloat. When bottleneck buffers are small, loss-based congestion control misinterprets loss as a signal of congestion, leading to low throughput. Fixing these problems requires an alternative to loss-based congestion control. Finding this alternative requires an understanding of where and how network congestion originates.",2016,https://doi.org/10.1145/3012426.3022184,pending,,to_assign,to_assign,doi:https://doi.org/10.1145/3012426.3022184,,bbr;congestion control;buffer,priority_review,candidate_include,BBR/BDP-Veno/OVeno term plus a review topic,include_title_abstract,,not_started,Codex,2026-09-28,Direct BBR/Veno/BDP-Veno/OVeno evidence with a transport or network topic.,pending_full_text,1,open_candidate,https://dl.acm.org/doi/pdf/10.1145/3012426.3022184 | https://doi.org/10.1145/3012426.3022184,,pending_full_text,,Codex,
openalex_Q1_0013,openalex_Q1,openalex,Q1,BBR,Measuring bottleneck bandwidth and round-trip propagation time.,2017,https://doi.org/10.1145/3009824,pending,,to_assign,to_assign,doi:https://doi.org/10.1145/3009824,,bbr,low_priority_review,candidate_include,BBR/BDP-Veno/OVeno term plus a review topic,include_title_abstract,,not_started,Codex,2026-09-28,Direct BBR/Veno/BDP-Veno/OVeno evidence with a transport or network topic.,pending_full_text,1,open_candidate,https://doi.org/10.1145/3009824,,pending_full_text,,Codex,
openalex_Q1_0018,openalex_Q1,openalex,Q1,Optimization of BBR Congestion Control Algorithm Based on Pacing Gain Model,"In 2016, Google proposed a congestion control algorithm based on bottleneck bandwidth and round-trip propagation time (BBR). The BBR congestion control algorithm measures the network bottleneck bandwidth and minimum delay in real-time to calculate the bandwidth delay product (BDP) and then adjusts the transmission rate to maximize throughput and minimize latency. However, relevant research reveals that BBR still has issues such as RTT unfairness, high packet loss rate, and deep buffer performance degradation. This article focuses on its most prominent RTT fairness issue as a starting point for optimization research. Using fluid models to describe the data transmission process in BBR congestion control, a fairness optimization strategy based on pacing gain is proposed. Triangular functions, inverse proportional functions, and gamma correction functions are analyzed and selected to construct the pacing gain model, forming three different adjustment functions for adaptive adjustment of the transmission rate. Simulation and real experiments show that the three optimization algorithms significantly improve the fairness and network transmission performance of the original BBR algorithm. In particular, the optimization algorithm that employs the gamma correction function as the gain model exhibits the best stability.",2023,https://doi.org/10.3390/s23094431,pending,,to_assign,to_assign,doi:https://doi.org/10.3390/s23094431,,bbr;congestion control;fairness;rtt;buffer,priority_review,candidate_include,BBR/BDP-Veno/OVeno term plus a review topic,include_title_abstract,,not_started,Codex,2026-09-28,Direct BBR/Veno/BDP-Veno/OVeno evidence with a transport or network topic.,pending_full_text,1,open_candidate,https://www.mdpi.com/1424-8220/23/9/4431/pdf?version=1683257674 | https://doi.org/10.3390/s23094431,,pending_full_text,,Codex,
openalex_Q1_0035,openalex_Q1,openalex,Q1,Space Environment Data Transfer System Based on BBR Congestion Control Algorithm,"Space environment data transfer system needs to transfer massive space environment data from the ground monitoring station to the data center through Wide-Area Network (WAN). High loss rate and large delay of WAN influence the normal operation of the space environment data transfer system. In this paper, TCP congestion control mechanism is studied and the BBR congestion control algorithm is used to solve the problems of space environment data transmission. Aiming at the requirements of space environment data transmission, a workflow model of space environment data transfer is designed using Petri-net, and a space environment data transfer system based on BBR congestion control algorithm is established. Finally, it is proved by the experiments that the system is applicable to space environment data transfer on WAN.",2019,https://doi.org/10.11728/cjss2019.01.111,pending,,to_assign,to_assign,doi:https://doi.org/10.11728/cjss2019.01.111,,bbr;congestion control;tcp,priority_review,candidate_include,BBR/BDP-Veno/OVeno term plus a review topic,include_title_abstract,,not_started,Codex,2026-09-28,Direct BBR/Veno/BDP-Veno/OVeno evidence with a transport or network topic.,pending_full_text,1,open_candidate,https://www.sciengine.com/doi/pdf/7469ECB6BE544580BEF99C1E68FC7212 | http://dx.doi.org/10.11728/cjss2019.01.111,,pending_full_text,,Codex,
openalex_Q1_0037,openalex_Q1,openalex,Q1,When to use and when not to use BBR,"This short paper presents a detailed empirical study of BBR's performance under different real-world and emulated testbeds across a range of network operating conditions. Our empirical results help to identify network conditions under which BBR outperforms, in terms of goodput, contemporary TCP congestion control algorithms. We find that BBR is well suited for networks with shallow buffers, despite its high retransmissions, whereas existing loss-based algorithms are better suited for deep buffers.",2019,https://doi.org/10.1145/3355369.3355579,pending,,to_assign,to_assign,doi:https://doi.org/10.1145/3355369.3355579,,bbr;congestion control;tcp;buffer,priority_review,candidate_include,BBR/BDP-Veno/OVeno term plus a review topic,include_title_abstract,,not_started,Codex,2026-09-28,Direct BBR/Veno/BDP-Veno/OVeno evidence with a transport or network topic.,pending_full_text,1,open_candidate,https://dl.acm.org/doi/pdf/10.1145/3355369.3355579 | https://doi.org/10.1145/3355369.3355579,,pending_full_text,,Codex,
openalex_Q1_0047,openalex_Q1,openalex,Q1,Fairness of Congestion-Based Congestion Control: Experimental Evaluation and Analysis,"BBR is a new congestion-based congestion control algorithm proposed by Google. A BBR flow sequentially measures the bottleneck bandwidth and round-trip delay of the network pipe, and uses the measured results to govern its sending behavior, maximizing the delivery bandwidth while minimizing the delay. However, our deployment in geo-distributed cloud servers reveals a severe RTT fairness problem: a BBR flow with longer RTT dominates a competing flow with shorter RTT. Somewhat surprisingly, our deployment of BBR on the Internet and an in-house cluster unearthed a consistent bandwidth disparity among competing flows. Long BBR flows are bound to seize bandwidth from short ones. Intrigued by this unexpected behavior, we ask, is the phenomenon intrinsic to BBR? how's the severity? and what's the root cause? To this end, we conduct thorough measurements and develop a theoretical model on bandwidth dynamics. We find, as long as the competing flows are of different RTTs, bandwidth disparities will arise. With an RTT ratio of 10, even flow starvation can happen. We blame it on BBR's connivance at sending an excessive amount of data when probing bandwidth. Specifically, the amount of data is in proportion to RTT, making long RTT flows overwhelming short ones. Based on this observation, we design a derivative of BBR that achieves guaranteed flow fairness, at the meantime without losing any merits. We have implemented our proposed solution in Linux kernel and evaluated it through extensive experiments.",2017,https://doi.org/10.48550/arxiv.1706.09115,pending,,to_assign,to_assign,doi:https://doi.org/10.48550/arxiv.1706.09115,,bbr;congestion control;fairness;rtt,priority_review,candidate_include,BBR/BDP-Veno/OVeno term plus a review topic,include_title_abstract,,not_started,Codex,2026-09-28,Direct BBR/Veno/BDP-Veno/OVeno evidence with a transport or network topic.,pending_full_text,1,open_candidate,https://arxiv.org/pdf/1706.09115 | http://arxiv.org/abs/1706.09115,,pending_full_text,,Codex,
openalex_Q1_0070,openalex_Q1,openalex,Q1,An Evaluation of BBR and its variants,"The congestion control algorithm bring such importance that it avoids the network link into severe congestion and guarantees network normal operation. Since The loss based algorithms introduce high transmission delay, to design new algorithm simultaneously achieving high throughout and low buffer occupation is a new working direction. The bottleneck bandwidth and round trip time (BBR) belongs such kind, and it has drawn much attention since its release. There are other algorithms modified from BBR to gain better performance. And the implementation of BBR v2.0 is released recently. We implement a framework to compare the performance of these algorithms in simulated environment.",2019,https://doi.org/10.48550/arxiv.1909.03673,pending,,to_assign,to_assign,doi:https://doi.org/10.48550/arxiv.1909.03673,,bbr;congestion control;buffer,priority_review,candidate_include,BBR/BDP-Veno/OVeno term plus a review topic,include_title_abstract,,not_started,Codex,2026-09-28,Direct BBR/Veno/BDP-Veno/OVeno evidence with a transport or network topic.,pending_full_text,1,open_candidate,https://arxiv.org/pdf/1909.03673 | http://arxiv.org/abs/1909.03673,,pending_full_text,,Codex,
openalex_Q1_0077,openalex_Q1,openalex,Q1,An emulation-based evaluation of TCP BBRv2 Alpha for wired broadband,,2020,https://doi.org/10.1016/j.comcom.2020.07.018,pending,,to_assign,to_assign,doi:https://doi.org/10.1016/j.comcom.2020.07.018,,bbr;tcp,priority_review,candidate_include,BBR/BDP-Veno/OVeno term plus a review topic,include_title_abstract,,not_started,Codex,2026-09-28,Direct BBR/Veno/BDP-Veno/OVeno evidence with a transport or network topic.,pending_full_text,1,open_candidate,https://doi.org/10.1016/j.comcom.2020.07.018,,pending_full_text,,Codex,
openalex_Q1_0089,openalex_Q1,openalex,Q1,Beyond Jain's Fairness Index,"The Internet community faces an explosion in new congestion control algorithms such as Copa, Sprout, PCC, and BBR. In this paper, we discuss considerations for deploying new algorithms on the Internet. While past efforts have focused on achieving 'fairness'or 'friendliness' between new algorithms and deployed algorithms, we instead advocate for an approach centered on quantifying and limiting harm caused by the new algorithm on the status quo. We argue that a harm-based approach is more practical, more future proof, and handles a wider range of quality metrics than traditional notions of fairness and friendliness.",2019,https://doi.org/10.1145/3365609.3365855,pending,,to_assign,to_assign,doi:https://doi.org/10.1145/3365609.3365855,,bbr;congestion control;fairness,priority_review,candidate_include,BBR/BDP-Veno/OVeno term plus a review topic,include_title_abstract,,not_started,Codex,2026-09-28,Direct BBR/Veno/BDP-Veno/OVeno evidence with a transport or network topic.,pending_full_text,1,open_candidate,https://dl.acm.org/doi/pdf/10.1145/3365609.3365855 | https://doi.org/10.1145/3365609.3365855,,pending_full_text,,Codex,
openalex_Q1_0125,openalex_Q1,openalex,Q1,Leveraging Coupled BBR and Adaptive Packet Scheduling to Boost MPTCP,"Quite a few algorithms have been proposed to optimize the transmission performance of Multipath TCP (MPTCP). However, existing MPTCP protocols are still far from satisfactory in lossy and ever-changing networks because of their loss-based congestion control and the difficulty of managing multiple subflows. Recently, a congestion-based congestion control, BBR, is proposed to promote TCP transmission performance through better use of bandwidth. Due to the superior performance of BBR, we try to boost MPTCP with it. For this propose, coupled congestion control should be redesigned for MPTCP, and a functional scheduler able to effectively make use of the characteristics of BBR must also be developed for better performance. In this paper, we first propose Coupled BBR as a coupled congestion control algorithm for MPTCP to achieve high throughput and stable sending rate in lossy network scenarios with guaranteed fairness with TCP BBR flows and balanced congestion. Then, to further improve the performance, we propose an Adaptively Redundant and Packet-by-Packet (AR\&P) scheduler, which includes two scheduling methods to improve adaptability in highly dynamic network scenarios and keep in-order packet delivery in asymmetric networks. Based on Linux kernel implementation and experiments in both testbed and real network scenarios, we show that the proposed scheme not only provides higher throughput, but also improves robustness and reduces out-of-order packets in some harsh circumstances.",2020,https://doi.org/10.48550/arxiv.2002.06284,pending,,to_assign,to_assign,doi:https://doi.org/10.48550/arxiv.2002.06284,,bbr;congestion control;tcp;fairness,priority_review,candidate_include,BBR/BDP-Veno/OVeno term plus a review topic,include_title_abstract,,not_started,Codex,2026-09-28,Direct BBR/Veno/BDP-Veno/OVeno evidence with a transport or network topic.,pending_full_text,1,open_candidate,https://arxiv.org/pdf/2002.06284 | http://arxiv.org/abs/2002.06284,,pending_full_text,,Codex,
openalex_Q1_0131,openalex_Q1,openalex,Q1,Evaluation of TCP Congestion Control Algorithms with traffic control policies in a PEP-based geosynchronous satellite scenario,"Much work has been done in recent years comparing TCP variants in many scenarios, including the satellite one. Some of these studies were carried out with the ns-2 and ns-3 simulators, which may give a good idea of the behavior of these TCP variants, although the results cannot be considered completely realistic. Some of the latest studies use virtualization to derive a variety of measures to test the suitability of Congestion Control Algorithms in a more realistic way. Such studies also take into account new variants of TCP, such as Google’s BBR. However, few of these works have evaluated the behavior of these variants in a scenario based on Performance Enhancing Proxies. Furthermore, no emphasis has been placed on those variants of TCP that try to maximize throughput and minimize delay, which is crucial in many services with low latency requirements. Our paper aims to fill this gap, offering a comparative assessment of the performance of these three TCP flavors: BBR, YeAH and CUBIC. We have created four different approaches to mix these TCP flavors with two traffic control techniques, including Active Queue Management (AQM) policies. To perform the testings, we have developed a TCP-Splitting satellite Emulation Framework (TSEF), a platform that allows us to evaluate the performance of TCP flavors on the forward channel of a geosynchronous satellite scenario based on Performance Enhancing Proxies (PEPs). According to our results, we can conclude that the application of AQM policies and ECN marks on aggressive TCP flavors like CUBIC is mandatory to maximize throughput and minimize delay.",2023,https://doi.org/10.1016/j.comnet.2023.110131,pending,,to_assign,to_assign,doi:https://doi.org/10.1016/j.comnet.2023.110131,,bbr;congestion control;tcp;queue;ecn;satellite,priority_review,candidate_include,BBR/BDP-Veno/OVeno term plus a review topic,include_title_abstract,,not_started,Codex,2026-09-28,Direct BBR/Veno/BDP-Veno/OVeno evidence with a transport or network topic.,pending_full_text,1,open_candidate,https://doi.org/10.1016/j.comnet.2023.110131,,pending_full_text,,Codex,
openalex_Q1_0134,openalex_Q1,openalex,Q1,Toward Fair and Efficient Congestion Control: Machine Learning Aided Congestion Control (MLACC),"Emerging inter-datacenter applications require massive loads of data transfer which makes them sensitive to packet drops, high latency, and fair resource sharing. However, current congestion control (CC) protocols do not guarantee the optimal outcome of these metrics. In this paper, we introduce a new CC technique, Machine Learning Aided Congestion Control (MLACC), that combines heuristics and machine learning (ML) to improve these three network metrics. The proposed technique achieves a high level of fairness, minimum latency, and minimum drop rate. ML is utilized to estimate the ratio of the available bandwidth of the bottleneck link while the heuristic uses this ratio to enable end-points to cooperatively limit the shared bottleneck link utilization under a predefined threshold in order to minimize latency and drop rate. The key to achieving the desired fairness is using the gradient of the link utilization to control the sending rate. We compared MLACC to BBR (which is at least on par with the state-of-the-art ML-based techniques) as a base case in different network settings. The results show that MLACC can achieve lower and more stable end-to-end latency (25% to 52% latency saving). It also significantly reduces packet drop rates while attaining a higher fairness level. The only cost for these advantages is a small throughput reduction of less than 3.5%.",2023,https://doi.org/10.1145/3600061.3603275,pending,,to_assign,to_assign,doi:https://doi.org/10.1145/3600061.3603275,,bbr;congestion control;fairness;learning,priority_review,candidate_include,BBR/BDP-Veno/OVeno term plus a review topic,include_title_abstract,,not_started,Codex,2026-09-28,Direct BBR/Veno/BDP-Veno/OVeno evidence with a transport or network topic.,pending_full_text,1,open_candidate,https://vtechworks.lib.vt.edu/bitstreams/a83c95a0-d58e-4b93-a82a-86a1982026a5/download | http://hdl.handle.net/10919/116398,,pending_full_text,,Codex,
openalex_Q1_0144,openalex_Q1,openalex,Q1,Poster: Toward Achieving Inter-protocol Friendliness through Estimation of BBR Behaviors using Machine Learning,"In this paper, we present a new mechanism for estimating the data sending rates of BBR congestion control algorithm using machine learning. Results show that machine learning can estimate the data sending rates of BBR with high accuracy.",2024,https://doi.org/10.1145/3646547.3689656,pending,,to_assign,to_assign,doi:https://doi.org/10.1145/3646547.3689656,,bbr;congestion control;learning,priority_review,candidate_include,BBR/BDP-Veno/OVeno term plus a review topic,include_title_abstract,,not_started,Codex,2026-09-28,Direct BBR/Veno/BDP-Veno/OVeno evidence with a transport or network topic.,pending_full_text,1,open_candidate,https://www.lib.fukushima-u.ac.jp/repo/repository/fukuro/R000007181/D-154.pdf | https://hdl.handle.net/10270/7072,,pending_full_text,,Codex,
openalex_Q1_0162,openalex_Q1,openalex,Q1,When less is more: BBR versus LEDBAT++,"We present a study of the interaction between two recent congestion control algorithms, LEDBAT++ and BBR. LEDBAT++ is a less-than-best-effort congestion control mechanism and BBR is model-based congestion control algorithm that aims to implement a best-effort traffic class. Naturally, the expectation is that LEDBAT++ yields in front of BBR. While we observe that this is the case in networks with moderate size buffer and when the base RTT is larger than 60 ms, we find that in other common conditions (base RTT smaller than 60 ms and moderate size network buffers), the interaction between LEDBAT++ and BBR is not as expected, as LEDBAT++ fails to yield in front of BBR. The observed behavior is different for the two existent versions of BBR. Specifically, LEDBAT++ competes in equal grounds against BBRv1, and BBRv2 yields in front of LEDBAT++. The BBRv2/LEDBAT++ interaction is exactly the opposite to the desired outcome. We present a number of experiments in diverse conditions that support our conclusions.",2022,https://doi.org/10.1016/j.comnet.2022.109460,pending,,to_assign,to_assign,doi:https://doi.org/10.1016/j.comnet.2022.109460,,bbr;congestion control;rtt;buffer,priority_review,candidate_include,BBR/BDP-Veno/OVeno term plus a review topic,include_title_abstract,,not_started,Codex,2026-09-28,Direct BBR/Veno/BDP-Veno/OVeno evidence with a transport or network topic.,pending_full_text,1,open_candidate,https://www.sciencedirect.com/science/article/pii/S1389128622004947/pdf | https://doi.org/10.1016/j.comnet.2022.109460,,pending_full_text,,Codex,
openalex_Q1_0165,openalex_Q1,openalex,Q1,End-to-end transport for video QoE fairness,"The growth of video traffic makes it increasingly likely that multiple clients share a bottleneck link, giving video content providers an opportunity to optimize the experience of multiple users jointly. But today's transport protocols are oblivious to video streaming applications and provide only connection-level fairness. We design and build Minerva, the first end-to-end transport protocol for multi-user video streaming. Minerva uses information about the player state and video characteristics to adjust its congestion control behavior to optimize for QoE fairness. Minerva clients receive no explicit information about other video clients, yet when multiple of them share a bottleneck link, their rates converge to a bandwidth allocation that maximizes QoE fairness. At the same time, Minerva videos occupy only their fair share of the bottleneck link bandwidth, competing fairly with existing TCP traffic. We implement Minerva on an industry standard video player and server and show that, compared to Cubic and BBR, 15-32%of the videos using Minerva experience an improvement in viewing experience equivalent to a jump in resolution from 720p to 1080p. Additionally, in a scenario with dynamic video arrivals and departures, Minerva reduces rebuffering time by an average of 47%.",2019,https://doi.org/10.1145/3341302.3342077,pending,,to_assign,to_assign,doi:https://doi.org/10.1145/3341302.3342077,,bbr;congestion control;tcp;fairness;buffer,priority_review,candidate_include,BBR/BDP-Veno/OVeno term plus a review topic,include_title_abstract,,not_started,Codex,2026-09-28,Direct BBR/Veno/BDP-Veno/OVeno evidence with a transport or network topic.,pending_full_text,1,open_candidate,https://hdl.handle.net/1721.1/137429,,pending_full_text,,Codex,
openalex_Q1_0175,openalex_Q1,openalex,Q1,ABC: A Simple Explicit Congestion Control Protocol for Wireless Networks.,"We propose Accel-Brake Control (ABC), a simple and deployable explicit congestion control protocol for network paths with time-varying wireless links. ABC routers mark each packet with an accelerate or brake, which causes senders to slightly increase or decrease their congestion windows. Routers use this feedback to quickly guide senders towards a desired target rate. ABC requires no changes to header formats or user devices, but achieves better performance than XCP. ABC is also incrementally deployable; it operates correctly when the bottleneck is a non-ABC router, and can coexist with non-ABC traffic sharing the same bottleneck link. We evaluate ABC using a Wi-Fi implementation and trace-driven emulation of cellular links. ABC achieves 30-40% higher throughput than Cubic+Codel for similar delays, and 2.2X lower delays than BBR on a Wi-Fi path. On cellular network paths, ABC achieves 50% higher throughput than Cubic+Codel.",2019,,pending,,to_assign,to_assign,title:abc a simple explicit congestion control protocol for wireless networks,,bbr;congestion control;wireless;quic,priority_review,candidate_include,BBR/BDP-Veno/OVeno term plus a review topic,include_title_abstract,,not_started,Codex,2026-09-28,Direct BBR/Veno/BDP-Veno/OVeno evidence with a transport or network topic.,pending_full_text,1,open_candidate,https://arxiv.org/pdf/1905.03429.pdf,,pending_full_text,,Codex,
openalex_Q1_0187,openalex_Q1,openalex,Q1,Optimization of BBR Congestion Control Algorithm for Spacecraft Payload Data Transmission,"Currently, aerospace payload data is showing a “blowout growth” trend, and the existing QUIC protocol congestion control algorithms struggle to effectively balance transmission efficiency and the fairness of multi-task parallelism. To address this contradiction, this paper proposes a fairness-enhanced BBR congestion control algorithm (FB-BBR). This algorithm designs a packet loss state awareness module and a dynamic gain adjustment mechanism, and formulates a phased congestion window optimization strategy. It can accurately identify six core states of the aerospace dynamic network, adapt to transmission requirements under different states, and effectively balance multi-task fairness while improving transmission efficiency. In the experimental part, comparative experiments were conducted using multi-scale simulated aerospace payload datasets ranging from 100MB to 2GB. The results show that in single-task transmission scenarios, the throughput of FB-BBR is at least 20% higher than that of commonly used algorithms such as Cubic, New Reno, and traditional BBR. Moreover, as the data volume increases, the throughput of the FB-BBR algorithm does not decrease, and its advantages further expand. In the scenario of 7 tasks transmitting 2GB datasets in parallel, the Jain’s fairness index reaches 0.998, which is 8.6% higher than that of the traditional BBR. In network scenarios with varying degrees of deterioration, the throughput of FB-BBR is at least 18.3% higher than that of other algorithms, and its packet loss rate is only 0.049%. It can be concluded that the FB-BBR algorithm can meet the “safe and reliable” transmission requirements of massive aerospace payload data and provide an efficient technical solution for aerospace measurement and control systems.",2026,https://doi.org/10.3233/atde260916,pending,,to_assign,to_assign,doi:https://doi.org/10.3233/atde260916,,bbr;congestion control;fairness;quic,priority_review,candidate_include,BBR/BDP-Veno/OVeno term plus a review topic,include_title_abstract,,not_started,Codex,2026-09-28,Direct BBR/Veno/BDP-Veno/OVeno evidence with a transport or network topic.,pending_full_text,1,open_candidate,https://doi.org/10.3233/atde260916,,pending_full_text,,Codex,
openalex_Q2_0001,openalex_Q2,openalex,Q2,Evaluating TCP BBRv3 performance in wired broadband networks,,2024,https://doi.org/10.1016/j.comcom.2024.04.037,pending,,to_assign,to_assign,doi:https://doi.org/10.1016/j.comcom.2024.04.037,,bbr;tcp,priority_review,candidate_include,BBR/BDP-Veno/OVeno term plus a review topic,include_title_abstract,,not_started,Codex,2026-09-28,Direct BBR/Veno/BDP-Veno/OVeno evidence with a transport or network topic.,pending_full_text,1,open_candidate,https://doi.org/10.1016/j.comcom.2024.04.037,,pending_full_text,,Codex,
openalex_Q2_0004,openalex_Q2,openalex,Q2,Improved Control Mechanism of Bottleneck Bandwidth and Round-Trip Propagation Time v3 Congestion with Enhanced Fairness and Efficiency,"The widespread adoption and popularity of various applications have led to large and frequent data transmissions, resulting in network congestion, high packet delays, and packet loss. In 2016, Google proposed the Bottleneck Bandwidth and Round-trip propagation time (BBR) algorithm to mitigate network congestion. However, its network fairness is poor. Consequently, BBRv2 and BBRv3 were introduced in 2018 and 2023 as improved versions. Although BBRv2 exhibited enhanced fairness, its bandwidth utilization rate was lower than that of other existing methods. Meanwhile, BBRv3 still lacked bandwidth fairness in its initial transmission. Therefore, we have improved the fairness based on BBRv3 by considering the maximum sending rate and utilizing connections at different times. Good fairness and bandwidth utilization are maintained on the bottleneck bandwidth with the improved method. The method outperforms Cubic Binary Increase Congestion Control (CUBIC) and BBRv3 in terms of bandwidth utilization and network usage fairness.",2025,https://doi.org/10.3390/engproc2025089011,pending,,to_assign,to_assign,doi:https://doi.org/10.3390/engproc2025089011,,bbr;congestion control;fairness,priority_review,candidate_include,BBR/BDP-Veno/OVeno term plus a review topic,include_title_abstract,,not_started,Codex,2026-09-28,Direct BBR/Veno/BDP-Veno/OVeno evidence with a transport or network topic.,pending_full_text,1,open_candidate,https://doi.org/10.3390/engproc2025089011,,pending_full_text,,Codex,
openalex_Q2_0013,openalex_Q2,openalex,Q2,Evaluating Tcp Bbrv3 Performance in Wired Broadband Networks,,2023,https://doi.org/10.2139/ssrn.4594375,pending,,to_assign,to_assign,doi:https://doi.org/10.2139/ssrn.4594375,,bbr;tcp,priority_review,candidate_include,BBR/BDP-Veno/OVeno term plus a review topic,include_title_abstract,,not_started,Codex,2026-09-28,Direct BBR/Veno/BDP-Veno/OVeno evidence with a transport or network topic.,pending_full_text,1,open_candidate,https://doi.org/10.2139/ssrn.4594375,,pending_full_text,,Codex,
openalex_Q2_0022,openalex_Q2,openalex,Q2,TCP BBR Performance over Wi-Fi~6: AQM Impacts and Cross-Layer Insights,"We evaluate TCP BBRv3 on Wi-Fi 6 home networks under modern AQM schemes using a fully wireless testbed and a simple cross-layer model linking Wi-Fi scheduling, router queueing, and BBRv3's pacing dynamics. Comparing BBR Internet traffic with CUBIC across different AQMs (FIFO, FQ-CoDel, and CAKE) for uplink, downlink, and bidirectional traffic, we find that FIFO destabilizes pacing and raises delay, often letting CUBIC dominate; FQ-CoDel restores fairness and controls latency; and CAKE delivers the best overall performance by keeping delay low and aligning BBRv3's sending and delivered rates. We also identify a Wi-Fi-specific effect where CAKE's rapid queue draining, while improving pacing alignment, can trigger brief retransmission bursts during BBRv3's bandwidth probes. These results follow from the interaction of variable Wi-Fi service rates, AQM delay control, and BBRv3's inflight limits, leading to practical guidance to use FQ-CoDel or CAKE and avoid unmanaged FIFO in home Wi-Fi, with potential for Wi-Fi-aware tuning of BBRv3's probing.",2025,https://doi.org/10.48550/arxiv.2512.18259,pending,,to_assign,to_assign,doi:https://doi.org/10.48550/arxiv.2512.18259,,bbr;tcp;fairness;queue;wireless,priority_review,candidate_include,BBR/BDP-Veno/OVeno term plus a review topic,include_title_abstract,,not_started,Codex,2026-09-28,Direct BBR/Veno/BDP-Veno/OVeno evidence with a transport or network topic.,pending_full_text,1,open_candidate,https://arxiv.org/pdf/2512.18259 | http://arxiv.org/abs/2512.18259,,pending_full_text,,Codex,
openalex_Q2_0025,openalex_Q2,openalex,Q2,Clouded Comparisons - On the Impact of Virtual Machines on TCP-BBR Performance,"Recently, TCP performance studies [1, 3, 4, 8] have focused on BBR which estimates the available bandwidth based on packet delay - instead of strictly reacting to packet loss as a sign of congestion. In contrast to packet loss, delay is more susceptible to jitter induced by the various system components in experimental setups and real-world deployments, including virtualization. Considering that BBR deployments in the wild are often running in Cloud-based virtualized environments, we measure how the choice of virtualization affects BBR v1-3 throughput in different BBR-enabled Linux kernels. Our results reveal that when using Google's custom kernels - the only publicly available source of BBRv2/v3 - BBR performance deteriorates under virtualized scheduling conditions, reducing throughput to almost zero in VirtualBox-based VMs. Overall, our work raises questions about the robustness of BBR under certain sub-optimal scheduling conditions.",2025,https://doi.org/10.1145/3744969.3748455,pending,,to_assign,to_assign,doi:https://doi.org/10.1145/3744969.3748455,,bbr;tcp,priority_review,candidate_include,BBR/BDP-Veno/OVeno term plus a review topic,include_title_abstract,,not_started,Codex,2026-09-28,Direct BBR/Veno/BDP-Veno/OVeno evidence with a transport or network topic.,pending_full_text,1,open_candidate,https://dl.acm.org/doi/pdf/10.1145/3744969.3748455 | https://doi.org/10.1145/3744969.3748455,,pending_full_text,,Codex,
openalex_Q3_0053,openalex_Q3,openalex,Q3,BMR: a New BBR Algorithm with Moderate Delivery Rate,"Google proposed a new congestion-based congestion control, BBR. BBR is originally rate-based congestion control, but was revealed to operate at inflight cap when BBR flows share the bottleneck link. In this paper, from our simple analysis results, we propose a new BBR algorithm, BMR (BBR with Moderate Rate) which adequately reduces transmission rate. Our simulation results show operation point of BMR is close to Kleinrock’s ideal point, not a control point of BBR with inflight cap. We also show that BMR significantly improves RTT fairness and late arrival fairness issues of BBR.",2024,https://doi.org/10.1587/transinf.2024ntp0001,pending,,to_assign,to_assign,doi:https://doi.org/10.1587/transinf.2024ntp0001,,bbr;congestion control;fairness;rtt,priority_review,candidate_include,BBR/BDP-Veno/OVeno term plus a review topic,include_title_abstract,,not_started,Codex,2026-09-28,Direct BBR/Veno/BDP-Veno/OVeno evidence with a transport or network topic.,pending_full_text,1,open_candidate,https://www.jstage.jst.go.jp/article/transinf/E108.D/6/E108.D_2024NTP0001/_pdf | https://doi.org/10.1587/transinf.2024ntp0001,,pending_full_text,,Codex,
openalex_Q3_0063,openalex_Q3,openalex,Q3,Performance Evaluation of TCP BBRv3 in Networks with Multiple Round Trip Times,"The Transmission Control Protocol (TCP) serves as a cornerstone mechanism for implementing Congestion Control (CC) across the Internet. Designing a solution that provides high bandwidth utilization and mitigates the phenomenon of bufferbloat across a spectrum of diverse scenarios poses a considerable challenge. The introduction of Bottleneck Bandwidth and Round Trip propagation time (BBR) in 2016 marked a significant shift in congestion control methodology. Its improved performance and adaptability contributed to the initial acclaim and widespread interest that it received.. Unlike most currently used CCs, it operates around Kleinrock’s optimal point, thus offering high throughput even in lossy networks while preventing buffer saturation. Unfortunately, it quickly became evident that BBR was unable to fairly share bandwidth with flows characterized by different path delays, as well as loss-based CCs. In response, Google recently introduced a third iteration to address these shortcomings. This study explores the performance of BBRv3 across a wide range of scenarios, thereby considering different buffer sizes and paths with varying Round Trip Times (RTTs), and it evaluates its superiority over its predecessors. Through extensive simulations, this work assesses whether BBRv3 can finally play fair with other bandwidth contenders, which is a critical consideration given the widespread deployment of BBR. The framework is publicly available to facilitate additional validation and ensure the reproducibility of the study’s findings. The results indicate that while BBRv3 demonstrates enhanced fairness towards loss-based CC algorithms, it struggles when competing against other BBR flows, especially in multi-RTT networks, thus falling short even when compared to the initial version.",2024,https://doi.org/10.3390/app14125053,pending,,to_assign,to_assign,doi:https://doi.org/10.3390/app14125053,,bbr;congestion control;tcp;fairness;rtt;buffer;quic,priority_review,candidate_include,BBR/BDP-Veno/OVeno term plus a review topic,include_title_abstract,,not_started,Codex,2026-09-28,Direct BBR/Veno/BDP-Veno/OVeno evidence with a transport or network topic.,pending_full_text,1,open_candidate,https://doi.org/10.3390/app14125053,,pending_full_text,,Codex,
openalex_Q3_0070,openalex_Q3,openalex,Q3,Improved Bottleneck Bandwidth and Round-Trip Propagation Congestion Control Algorithm for Round-Trip Time Fairness,"Traditional congestion-control algorithms based on packet loss are more favorable for short round-trip time (RTT) flows. However, when the flow occupies the bottleneck bandwidth, the effect of bottleneck bandwidth and round-trip propagation time (BBR) congestion-control algorithm is on contrary. A short RTT flow may become “starved” after multiple iterations, which leads to a significant fairness problem in the BBR. This study analyzed the convergence using the BBR algorithm principle and the effect of RTT on fairness. Thereafter, we proposed an improved algorithm termed BBR-f, constructed an inverse proportional function of RTT, and added a gain function to the congestion window (CWND) gain. A simulation experiment using the ns-3 network simulator platform shows that the algorithm can optimize fairness and improve bottleneck-linked bandwidth utilization. Finally, the Jain fair index was used to evaluate its effectiveness, and a comparison experiment with traditional algorithms was performed to verify the efficiency of the proposed method.",2023,https://doi.org/10.20965/jaciii.2023.p0346,pending,,to_assign,to_assign,doi:https://doi.org/10.20965/jaciii.2023.p0346,,bbr;congestion control;fairness;rtt,priority_review,candidate_include,BBR/BDP-Veno/OVeno term plus a review topic,include_title_abstract,,not_started,Codex,2026-09-28,Direct BBR/Veno/BDP-Veno/OVeno evidence with a transport or network topic.,pending_full_text,1,open_candidate,http://dx.doi.org/10.20965/jaciii.2023.p0346,,pending_full_text,,Codex,
openalex_Q3_0094,openalex_Q3,openalex,Q3,A New BBR with Moderate Delivery Rate,"BBR has been proposed as congestion-based congestion control by Google. It was originally designed to operate around optimal operating point where maximum throughput is obtained without incurring increase of roundtrip delay. In this paper, with simple analysis and detailed simulation results, we show that BBR increases its delivery rate even though BBR flows sharing the same bottleneck link fully utilize available bandwidth. From simple analysis results, we propose a new BBR delivery rate calculation algorithm which regulates delivery rate moderately, BMR. Our simulation results show that our proposed BMR operates around the optimal operating point.",2023,https://doi.org/10.23919/comex.2023col0018,pending,,to_assign,to_assign,doi:https://doi.org/10.23919/comex.2023col0018,,bbr;congestion control,priority_review,candidate_include,BBR/BDP-Veno/OVeno term plus a review topic,include_title_abstract,,not_started,Codex,2026-09-28,Direct BBR/Veno/BDP-Veno/OVeno evidence with a transport or network topic.,pending_full_text,1,open_candidate,https://ieeexplore.ieee.org/ielx7/10250155/10250156/10325406.pdf | https://doi.org/10.23919/comex.2023col0018,,pending_full_text,,Codex,
openalex_Q3_0187,openalex_Q3,openalex,Q3,Evaluation of Modern Internet Transport Protocols over GEO Satellite Links,"New versions of HTTP protocols have been developed to overcome many of the limitations of the original HTTP/1.1 protocol and its underlying transport mechanism over TCP. In this paper, we investigated the performance of modern Internet protocols such as HTTP/2 over TCP and HTTP/3 over QUIC in high-latency satellite links. The goal was to uncover the interaction of the new features of HTTP such as parallel streams and optimized security handshake with modern congestion control algorithms such as CUBIC and BBR over high-latency links. An experimental satellite network emulation testbed was developed for the evaluation. The study analyzed several user-level web performance metrics such as average page load time, First Contentful Paint and Largest Contentful Paint. The results indicate an overhead problem with HTTP/3 that becomes more significant when using a loss-based congestion control algorithm such as CUBIC which is widely used on the Internet. Also, the results highlight the significance of the web page structure and how objects are distributed in it. Among the various Internet protocols evaluated, the results show that HTTP/3 over QUIC will perform better by an average of 35% than HTTP/2 over TCP in satellites links specifically with a more aggressive congestion algorithm such as BBR. This can be attributed to the non-blocking stream multiplexing feature of QUIC and the reduced TLS handshake of HTTP/3.",2023,https://doi.org/10.3390/network3030019,pending,,to_assign,to_assign,doi:https://doi.org/10.3390/network3030019,,bbr;congestion control;tcp;satellite;quic,priority_review,candidate_include,BBR/BDP-Veno/OVeno term plus a review topic,include_title_abstract,,not_started,Codex,2026-09-28,Direct BBR/Veno/BDP-Veno/OVeno evidence with a transport or network topic.,pending_full_text,1,open_candidate,https://www.mdpi.com/2673-8732/3/3/19/pdf | http://dx.doi.org/10.3390/network3030019,,pending_full_text,,Codex,
openalex_Q4_0143,openalex_Q4,openalex,Q4,Elephants Sharing the Highway: Studying TCP Fairness in Large Transfers over High Throughput Links,"Escalating bandwidth demand strains high-performance data networks, posing potential performance risks. TCP congestion control algorithms enhance reliability and optimize bandwidth usage. Network performance is influenced by factors such as AQM algorithms and router buffer size. In the context of constrained network resources, understanding how TCP flows share networks and the resulting performance impact is essential.This paper introduces insights into TCP fairness and performance involving a comparison of TCP CUBIC, Reno, Hamilton, and BBR versions 1 and 2 across real-world networks supporting high bandwidths of up to 25 Gbps. The research explores TCP behaviors with AQM algorithms like FIFO, FQ_CODEL, and RED, alongside diverse buffer sizes. Notably, findings reveal that manipulating buffers and queuing methods yields contrasting outcomes based on bandwidth. BBRv2 emerges as a superior fair algorithm, pivotal for swift transfers, particularly in scientific data scenarios. These results provide crucial guidance for future network design, ensuring equitable performance optimization.",2024,,pending,,to_assign,to_assign,title:elephants sharing the highway studying tcp fairness in large transfers over high throughput links,,bbr;congestion control;tcp;fairness;buffer,priority_review,candidate_include,BBR/BDP-Veno/OVeno term plus a review topic,include_title_abstract,,not_started,Codex,2026-09-28,Direct BBR/Veno/BDP-Veno/OVeno evidence with a transport or network topic.,pending_full_text,1,open_candidate,https://www.osti.gov/servlets/purl/2476593 | https://www.osti.gov/biblio/2476593,,pending_full_text,,Codex,
openalex_Q4_0151,openalex_Q4,openalex,Q4,End-to-End Performance of Video Streaming With MPEG-DASH Over Satellite 5G IAB Networks,"We present an end-to-end performance evaluation of MPEG-DASH video streaming over a Low-Earth Orbit (LEO) satellite-based 5G Integrated Access and Backhaul (IAB) network. Our objective is to investigate how modern transport protocols and congestion control algorithms affect adaptive video delivery in an integrated satellite-terrestrial network (ISTN), where latency, throughput variation, and playback continuity jointly shape the user Quality-of-Experience (QoE). We implement a simulation framework in ns-3 by adapting open-source modules for the 5G radio access network, LEOS backhaul, transport layer protocols, and MPEG-DASH application behavior. Within this framework, TCP and QUIC are evaluated with multiple congestion control algorithms, including CUBIC, NewReno, and BBR. Performance is assessed using application-level and transport-level metrics, including playback duration, interruption duration, stall count, playback bitrate, throughput, latency, and fairness. The results show that no single configuration is uniformly optimal across all metrics. However, clear tradeoffs are observed among throughput, latency, playback continuity, and fairness. In particular, QUIC-BBR provides the most balanced overall behavior from a streaming QoE perspective, combining adequate playback duration with fewer interruptions and substantially lower latency than other alternatives. These findings highlight the importance of jointly considering transport design and congestion control when evaluating adaptive video streaming over ISTNs.",2026,https://doi.org/10.48550/arxiv.2604.16634,pending,,to_assign,to_assign,doi:https://doi.org/10.48550/arxiv.2604.16634,,bbr;congestion control;tcp;fairness;satellite;leo;quic,priority_review,candidate_include,BBR/BDP-Veno/OVeno term plus a review topic,include_title_abstract,,not_started,Codex,2026-09-28,Direct BBR/Veno/BDP-Veno/OVeno evidence with a transport or network topic.,pending_full_text,1,open_candidate,https://arxiv.org/pdf/2604.16634 | https://arxiv.org/abs/2604.16634,,pending_full_text,,Codex,
openalex_Q4_0188,openalex_Q4,openalex,Q4,Proactive Latency Control: Robust Dual-Loop Adaptation for Predictably Uncertain LEO Networks,"Real-time interactive services increasingly rely on Low Earth Orbit satellite networks, where predictable yet disruptive handovers occur every 5–16 seconds. Existing congestion controllers fail to leverage this predictability: bandwidth-based algorithms misinterpret handover-driven round-trip time inflation as congestion, while delay-reactive schemes over-respond to transient spikes. This paper proposes Proactive Latency Control, a lightweight dual-loop supervisory layer that provides anticipatory pre-handover rate modulation (≤1 round-trip time response) and adaptive self-damping (200–400 ms adjustment). The controller operates with constant-time complexity (~36 μs per 10-ms cycle) as a wrapper over unmodified Bottleneck Bandwidth and Round-trip propagation time version 1 implementations. Across Normal, Degraded, and Heavy Load scenarios (up to 75 handovers per 500 s), the proposed controller consistently stabilizes latency, reducing the baseline's 700–1,200 ms bufferbloat oscillations to a 100–150 ms regime and improving 99th-percentile latency by up to 44.96 ms and compliance (≤100 ms) by 7.99 percentage points (p < 0.001, Bootstrap iterations = 1,000). Multi-flow analysis reveals phase-dependent behavior: the controller delivers 8.8× lower handover latency during the baseline's steady-state bandwidth probing phase but causes catastrophic delay growth (>31 s) when applied during initial capacity discovery under asymmetric initialization. This establishes the need for phase-aware integration and mandatory Active Queue Management for safe deployment. Overall, this work demonstrates that predictive, latency-targeted supervision can substantially enhance Low Earth Orbit handover resilience with minimal computational overhead.",2025,https://doi.org/10.36227/techrxiv.176281113.30584908/v2,pending,,to_assign,to_assign,doi:https://doi.org/10.36227/techrxiv.176281113.30584908/v2,,congestion control;buffer;queue;satellite;leo,priority_review,candidate_include,BBR/BDP-Veno/OVeno term plus a review topic,include_title_abstract,,not_started,Codex,2026-09-28,Direct BBR/Veno/BDP-Veno/OVeno evidence with a transport or network topic.,pending_full_text,1,open_candidate,https://www.techrxiv.org/doi/pdf/10.36227/techrxiv.176281113.30584908/v2 | https://doi.org/10.36227/techrxiv.176281113.30584908/v2,,pending_full_text,,Codex,
openalex_Q7_0006,openalex_Q7,openalex,Q7,End-to-End Delivery in LEO Mega-constellations and the Reordering Problem,"Low Earth orbit (LEO) satellite mega-constellations with hundreds or thousands of satellites and inter-satellite links (ISLs) have the potential to provide global end-to-end connectivity. Furthermore, if the physical distance between source and destination is sufficiently long, end-to-end routing over the LEO constellation can provide lower latency when compared to the terrestrial infrastructure due to the faster propagation of electromagnetic waves in space than in optic fiber. However, the frequent route changes due to the movement of the satellites result in the out-of-order delivery of packets, causing sudden changes to the Round-Trip Time (RTT) that can be misinterpreted as congestion by congestion control algorithms. In this paper, the performance of three widely used congestion control algorithms, Cubic, Reno, and BBR, is evaluated in an emulated LEO satellite constellation with Free-Space Optical (FSO) ISLs. Furthermore, we perform a sensitivity analysis for Cubic by changing the satellite constellation parameters, length of the routes, and the positions of the source and destination to identify problematic routing scenarios. The results show that route changes can have profound transient effects on the goodput of the connection, posing problems for typical broadband applications.",2024,https://doi.org/10.1109/pimrc59610.2024.10817267,pending,,to_assign,to_assign,doi:https://doi.org/10.1109/pimrc59610.2024.10817267,,bbr;congestion control;rtt;satellite;leo,priority_review,candidate_include,BBR/BDP-Veno/OVeno term plus a review topic,include_title_abstract,,not_started,Codex,2026-09-28,Direct BBR/Veno/BDP-Veno/OVeno evidence with a transport or network topic.,pending_full_text,1,open_candidate,https://arxiv.org/pdf/2405.07627 | https://vbn.aau.dk/da/publications/4e6e52dc-7b8a-4f3e-9376-adfae4088ff5,,pending_full_text,,Codex,
openalex_Q7_0035,openalex_Q7,openalex,Q7,End-to-End Delivery in LEO Mega-constellations and the Reordering Problem,"Low Earth orbit (LEO) satellite mega-constellations with hundreds or thousands of satellites and inter-satellite links (ISLs) have the potential to provide global end-to-end connectivity. Furthermore, if the physical distance between source and destination is sufficiently long, end-to-end routing over the LEO constellation can provide lower latency when compared to the terrestrial infrastructure due to the faster propagation of electromagnetic waves in space than in optic fiber. However, the frequent route changes due to the movement of the satellites result in the out-of-order delivery of packets, causing sudden changes to the Round-Trip Time (RTT) that can be misinterpreted as congestion by congestion control algorithms. In this paper, the performance of three widely used congestion control algorithms, Cubic, Reno, and BBR, is evaluated in an emulated LEO satellite constellation with Free-Space Optical (FSO) ISLs. Furthermore, we perform a sensitivity analysis for Cubic by changing the satellite constellation parameters, length of the routes, and the positions of the source and destination to identify problematic routing scenarios. The results show that route changes can have profound transient effects on the goodput of the connection, posing problems for typical broadband applications.",2024,https://doi.org/10.48550/arxiv.2405.07627,pending,,to_assign,to_assign,doi:https://doi.org/10.48550/arxiv.2405.07627,,bbr;congestion control;rtt;satellite;leo,priority_review,candidate_include,BBR/BDP-Veno/OVeno term plus a review topic,include_title_abstract,,not_started,Codex,2026-09-28,Direct BBR/Veno/BDP-Veno/OVeno evidence with a transport or network topic.,pending_full_text,1,open_candidate,https://arxiv.org/pdf/2405.07627 | http://arxiv.org/abs/2405.07627,,pending_full_text,,Codex,
openalex_Q7_0049,openalex_Q7,openalex,Q7,Mécanisme de contrôle de congestion LEO/GEO basé sur l'apport des sciences cognitives,"Depuis 1980, de nombreux algorithmes de contrôle de congestion ont été proposés tels que TCP Tahoe, Reno, NewReno, Vegas, FAST, BIC, Compound, BBR, CUBIC (par défaut pour ce dernier dans tous les systèmes à ce jour). Fort de constater qu'ils fonctionnent plutôt bien dans des réseaux simples, avec un trafic réseau simple et restent bien souvent exclusifs au monde de l'Internet ou au monde du satellite.Ces difficultés de gestion du contrôle de congestion sont augmentées pour plusieurs raisons aujourd’hui. L’utilisation de liaisons satellites LEO est difficile à cause de délais de communication important. De plus, Internet évolue sans cesse, traversant les océans et incluant à la fois réseaux de satellites, cellulaires et centres de données ultra-rapides. Ce dernier devient donc extrêmement complexe et varié. Si nous ajoutons à cela l'explosion des applications d'où résulte un trafic de plus en plus conséquent, nous ne pouvons qu'observer l'inadéquation des contrôles de congestion traditionnels qui deviennent sous-optimaux et instables.Que cela soit pour le monde de l'Internet standard ou les spécificités relatives aux réseaux satellitaires, le contrôle de congestion de par son caractère non adaptatif devient obsolète.L'algorithme s'en trouve limité à l'espace des paramètres avec lequel il a été conçu et ne peut pas répondre avec précision et efficacité à la fluctuation rapide du trafic réseau, à la mobilité et à la variation de la capacité du canal dans le cadre d'une liaison satellitaire. Enfin et encore une fois, la conception d'un algorithme de contrôle de congestion repose de manière significative sur l'expérience des concepteurs de protocole, forcément non exhaustive et spécifique à un cadre d'utilisation.Les méthodes proposées ici pour améliorer le contrôle de congestion se basent sur l’apprentissage automatique. Générés par ordinateur, ces algorithmes obtiennent des capacités de modélisation plus fortes et un espace de stratégie plus complexe comme montré récemment par certaines universités et industriels. Le MIT et notamment Keith Winstein, fut l'un des pionniers dans ce domaine avec les propositions de SPROUT et Remy CC. De la même façon cette thèse étudie et propose de nouvelles techniques de Deep Learning permettant de comprendre ce qu’il se passe au coeur du réseau lors de l’utilisation d’un mécanisme de contrôle de congestion, afin de permettre à ces dernier de mieux réagir lorsque la congestion se produit.",2023,,pending,,to_assign,to_assign,title:m canisme de contr le de congestion leo geo bas sur l apport des sciences cognitives,,bbr;tcp;satellite;leo;learning,priority_review,candidate_include,BBR/BDP-Veno/OVeno term plus a review topic,include_title_abstract,,not_started,Codex,2026-09-28,Direct BBR/Veno/BDP-Veno/OVeno evidence with a transport or network topic.,pending_full_text,1,open_candidate,http://www.theses.fr/2023ESAE0017/document,,pending_full_text,,Codex,
openalex_Q8_0027,openalex_Q8,openalex,Q8,Fairness Improvement of Congestion Control with Reinforcement Learning,"With fast deployment of high speed wireless access networks, communication environments for internet access have been changing drastically. According to these wide range of network environments, a lot of TCP variants have been proposed. Each of these algorithms focuses on the specific environment and is designed with hardwired logic. This means there is no one-size-fits-all congestion control which can adapt to all environments. To resolve this problem, reinforcement learning based congestion control which learns operation suitable for each environment has been proposed. QTCP (Q-learning Based TCP) is one of the promising learning based TCPs. In this paper, we first reveal that a QTCP flow only behaves in the selfish manner of just increasing its own utility function, which causes unfairness between resource sharing flows. We propose a new QTCP congestion window control mechanism which is based on AIMD. Performance evaluation results show our proposal improves fairness without degrading high throughput and low latency characteristics of QTCP.",2021,https://doi.org/10.2197/ipsjjip.29.592,pending,,to_assign,to_assign,doi:https://doi.org/10.2197/ipsjjip.29.592,,congestion control;tcp;fairness;wireless;learning,priority_review,candidate_background,General learning congestion-control evidence; scope must be checked,include_title_abstract,,not_started,Codex,2026-09-28,Learning-assisted congestion-control background evidence.,pending_full_text,1,open_candidate,https://www.jstage.jst.go.jp/article/ipsjjip/29/0/29_592/_pdf | https://doi.org/10.2197/ipsjjip.29.592,,pending_full_text,,Codex,
openalex_Q8_0093,openalex_Q8,openalex,Q8,"Machine Learning for 5G/B5G Mobile and Wireless Communications: Potential, Limitations, and Future Directions","Driven by the demand to accommodate today's growing mobile traffic, 5G is designed to be a key enabler and a leading infrastructure provider in the information and communication technology industry by supporting a variety of forthcoming services with diverse requirements. Considering the ever-increasing complexity of the network, and the emergence of novel use cases such as autonomous cars, industrial automation, virtual reality, e-health, and several intelligent applications, machine learning (ML) is expected to be essential to assist in making the 5G vision conceivable. This paper focuses on the potential solutions for 5G from an ML-perspective. First, we establish the fundamental concepts of supervised, unsupervised, and reinforcement learning, taking a look at what has been done so far in the adoption of ML in the context of mobile and wireless communication, organizing the literature in terms of the types of learning. We then discuss the promising approaches for how ML can contribute to supporting each target 5G network requirement, emphasizing its specific use cases and evaluating the impact and limitations they have on the operation of the network. Lastly, this paper investigates the potential features of Beyond 5G (B5G), providing future research directions for how ML can contribute to realizing B5G. This article is intended to stimulate discussion on the role that ML can play to overcome the limitations for a wide deployment of autonomous 5G/B5G mobile and wireless communications.",2019,https://doi.org/10.1109/access.2019.2942390,pending,,to_assign,to_assign,doi:https://doi.org/10.1109/access.2019.2942390,,wireless;learning,priority_review,candidate_background,General learning congestion-control evidence; scope must be checked,include_title_abstract,,not_started,Codex,2026-09-28,Learning-assisted congestion-control background evidence.,pending_full_text,1,open_candidate,https://ieeexplore.ieee.org/ielx7/6287639/8600701/08844682.pdf | https://doi.org/10.1109/access.2019.2942390,,pending_full_text,,Codex,
openalex_Q8_0107,openalex_Q8,openalex,Q8,Wireless Sensor Network Congestion Control Based on Standard Particle Swarm Optimization and Single Neuron PID,"Aiming at the problem of network congestion caused by the large number of data transmissions in wireless routing nodes of wireless sensor network (WSN), this paper puts forward an algorithm based on standard particle swarm⁻neural PID congestion control (PNPID). Firstly, PID control theory was applied to the queue management of wireless sensor nodes. Then, the self-learning and self-organizing ability of neurons was used to achieve online adjustment of weights to adjust the proportion, integral and differential parameters of the PID controller. Finally, the standard particle swarm optimization to neural PID (NPID) algorithm of initial values of proportion, integral and differential parameters and neuron learning rates were used for online optimization. This paper describes experiments and simulations which show that the PNPID algorithm effectively stabilized queue length near the expected value. At the same time, network performance, such as throughput and packet loss rate, was greatly improved, which alleviated network congestion and improved network QoS.",2018,https://doi.org/10.3390/s18041265,pending,,to_assign,to_assign,doi:https://doi.org/10.3390/s18041265,,congestion control;queue;wireless;learning,priority_review,candidate_background,General learning congestion-control evidence; scope must be checked,include_title_abstract,,not_started,Codex,2026-09-28,Learning-assisted congestion-control background evidence.,pending_full_text,1,open_candidate,https://www.mdpi.com/1424-8220/18/4/1265/pdf?version=1525349225 | https://doi.org/10.3390/s18041265,,pending_full_text,,Codex,
openalex_Q8_0135,openalex_Q8,openalex,Q8,A Deep Reinforcement Learning Approach for Fair Traffic Signal Control,"Traffic signal control is one of the most effective methods of traffic management in urban areas. In recent years, traffic control methods based on deep reinforcement learning (DRL) have gained attention due to their ability to exploit realtime traffic data, which is often poorly used by the traditional hand-crafted methods. While most recent DRL-based methods have focused on maximizing the throughput or minimizing the average travel time of the vehicles, the fairness of the traffic signal controllers has often been neglected. This is particularly important as neglecting fairness can lead to situations where some vehicles experience extreme waiting times, or where the throughput of a particular traffic flow is highly impacted by the fluctuations of another conflicting flow at the intersection. In order to address these issues, we introduce two notions of fairness: delay-based and throughput-based fairness, which correspond to the two issues mentioned above. Furthermore, we propose two DRL-based traffic signal control methods for implementing these fairness notions, that can achieve a high throughput as well. We evaluate the performance of our proposed methods using three traffic arrival distributions, and find that our methods outperform the baselines in the tested scenarios.",2021,https://doi.org/10.1109/itsc48978.2021.9564847,pending,,to_assign,to_assign,doi:https://doi.org/10.1109/itsc48978.2021.9564847,,fairness;learning,priority_review,candidate_background,General learning congestion-control evidence; scope must be checked,include_title_abstract,,not_started,Codex,2026-09-28,Learning-assisted congestion-control background evidence.,pending_full_text,1,open_candidate,https://arxiv.org/pdf/2107.10146 | http://arxiv.org/abs/2107.10146,,pending_full_text,,Codex,
openalex_Q8_0140,openalex_Q8,openalex,Q8,Improving Fairness via Federated Learning,"Recently, lots of algorithms have been proposed for learning a fair classifier from decentralized data. However, many theoretical and algorithmic questions remain open. First, is federated learning necessary, i.e., can we simply train locally fair classifiers and aggregate them? In this work, we first propose a new theoretical framework, with which we demonstrate that federated learning can strictly boost model fairness compared with such non-federated algorithms. We then theoretically and empirically show that the performance tradeoff of FedAvg-based fair learning algorithms is strictly worse than that of a fair classifier trained on centralized data. To bridge this gap, we propose FedFB, a private fair learning algorithm on decentralized data. The key idea is to modify the FedAvg protocol so that it can effectively mimic the centralized fair learning. Our experimental results show that FedFB significantly outperforms existing approaches, sometimes matching the performance of the centrally trained model.",2021,https://doi.org/10.48550/arxiv.2110.15545,pending,,to_assign,to_assign,doi:https://doi.org/10.48550/arxiv.2110.15545,,fairness;learning,priority_review,candidate_background,General learning congestion-control evidence; scope must be checked,include_title_abstract,,not_started,Codex,2026-09-28,Learning-assisted congestion-control background evidence.,pending_full_text,1,open_candidate,https://arxiv.org/pdf/2110.15545 | http://arxiv.org/abs/2110.15545,,pending_full_text,,Codex,
openalex_Q8_0146,openalex_Q8,openalex,Q8,Toward Autonomous Multi-UAV Wireless Network: A Survey of Reinforcement Learning-Based Approaches,"Unmanned aerial vehicle (UAV)-based wireless networks have received increasing research interest in recent years and are gradually being utilized in various aspects of our society. The growing complexity of UAV applications such as disaster management, plant protection, and environment monitoring, has resulted in escalating and stringent requirements for UAV networks that a single UAV cannot fulfill. To address this, multi-UAV wireless networks (MUWNs) have emerged, offering enhanced resource-carrying capacity and enabling collaborative mission completion by multiple UAVs. However, the effective operation of MUWNs necessitates a higher level of autonomy and intelligence, particularly in decision-making and multi-objective optimization under diverse environmental conditions. Reinforcement Learning (RL), an intelligent and goal-oriented decision-making approach, has emerged as a promising solution for addressing the intricate tasks associated with MUWNs. As one may notice, the literature still lacks a comprehensive survey of recent advancements in RL-based MUWNs. Thus, this paper aims to bridge this gap by providing a comprehensive review of RL-based approaches in the context of autonomous MUWNs. We present an informative overview of RL and demonstrate its application within the framework of MUWNs. Specifically, we summarize various applications of RL in MUWNs, including data access, sensing and collection, resource allocation for wireless connectivity, UAV-assisted mobile edge computing, localization, trajectory planning, and network security. Furthermore, we identify and discuss several open challenges based on the insights gained from our review.",2023,https://doi.org/10.1109/comst.2023.3323344,pending,,to_assign,to_assign,doi:https://doi.org/10.1109/comst.2023.3323344,,wireless;learning,priority_review,candidate_background,General learning congestion-control evidence; scope must be checked,include_title_abstract,,not_started,Codex,2026-09-28,Learning-assisted congestion-control background evidence.,pending_full_text,1,open_candidate,https://doi.org/10.1109/comst.2023.3323344,,pending_full_text,,Codex,
openalex_Q1_0046,openalex_Q1,openalex,Q1,Congestion Control and Packet Scheduling for Multipath Real Time Video Streaming,"Real time video traffic has stringent delay requirement and is bandwidth demanding when streaming over the internet. Single path transmission may provide unsatisfactory picture quality to users due to packet loss, jitter, and low bandwidth. Multipath transmission is another option to achieve better service by aggregating bandwidth and exploiting path diversity. As utility maximization theory shows, to achieve better satisfaction is to provide higher throughput and lower frame delivery delay for real time video traffic. The congestion control is responsible to probe maximum available bandwidth and packet scheduling is to take advantages of path diversity, which are two key research points in multipath context and are also the main concern in this paper. Given the BBR congestion control algorithm causes high-packet loss rate and large transmission delay when BBR flows competing for bandwidth resource, a delay response BBR (Delay-BBR) algorithm is proposed for real time video transmission. The main idea is that the sender will actively reduce the rate to let intermediate routers drain the excess occupied buffer once round trip delay signal exceeds a certain threshold. The results show that the delay-BBR can achieve lower transmission delay and lower packet loss rate when compared with QUIC-BBR and WebRTC-BBR. The rate stable feature makes delay-BBR appropriate for real time video transmission. Moreover, a packet scheduling algorithm works in coordination with the rate control algorithm achieves lower frame delivery delay further compared with the benchmark algorithms.",2019,https://doi.org/10.1109/access.2019.2913902,pending,,to_assign,to_assign,doi:https://doi.org/10.1109/access.2019.2913902,,bbr;congestion control;buffer;quic,priority_review,candidate_include,BBR/BDP-Veno/OVeno term plus a review topic,include_title_abstract,,not_started,Codex,2026-09-28,Direct BBR/Veno/BDP-Veno/OVeno evidence with a transport or network topic.,pending_full_text,0,open_candidate,https://ieeexplore.ieee.org/ielx7/6287639/8600701/08701688.pdf | https://doi.org/10.1109/access.2019.2913902,,pending_full_text,,Codex,
openalex_Q1_0048,openalex_Q1,openalex,Q1,Starvation in end-to-end congestion control,"To overcome weaknesses in traditional loss-based congestion control algorithms (CCAs), researchers have developed and deployed several delay-bounding CCAs that achieve high utilization without bloating delays (e.g., Vegas, FAST, BBR, PCC, Copa, etc.). When run on a path with a fixed bottleneck rate, these CCAs converge to a small delay range in equilibrium. This paper proves a surprising result: although designed to achieve reasonable inter-flow fairness, current methods to develop delay-bounding CCAs cannot always avoid starvation, an extreme form of unfairness. Starvation may occur when such a CCA runs on paths where non-congestive network delay variations due to real-world factors such as ACK aggregation and end-host scheduling exceed double the delay range that the CCA converges to in equilibrium. We provide experimental evidence for this result for BBR, PCC Vivace, and Copa with a link emulator. We discuss the implications of this result and posit that to guarantee no starvation an efficient delay-bounding CCA should design for a certain amount of non-congestive jitter and ensure that its equilibrium delay oscillations are at least one-half of this jitter.",2022,https://doi.org/10.1145/3544216.3544223,pending,,to_assign,to_assign,doi:https://doi.org/10.1145/3544216.3544223,,bbr;congestion control;fairness,priority_review,candidate_include,BBR/BDP-Veno/OVeno term plus a review topic,include_title_abstract,,not_started,Codex,2026-09-28,Direct BBR/Veno/BDP-Veno/OVeno evidence with a transport or network topic.,pending_full_text,0,open_candidate,https://dl.acm.org/doi/pdf/10.1145/3544216.3544223 | https://doi.org/10.1145/3544216.3544223,,pending_full_text,,Codex,
openalex_Q1_0066,openalex_Q1,openalex,Q1,Keeping an Eye on Congestion Control in the Wild with Nebby,"The Internet congestion control landscape is rapidly evolving. Since the introduction of BBR and the deployment of QUIC, it has become increasingly commonplace for companies to modify and implement their own congestion control algorithms (CCAs). To respond effectively to these developments, it is crucial to understand the state of CCA deployments in the wild. Unfortunately, existing CCA identification tools are not future-proof and do not work well with modern CCAs and encrypted protocols like QUIC. In this paper, we articulate the challenges in designing a future-proof CCA identification tool and propose a measurement methodology that directly addresses these challenges. The resulting measurement tool, called Nebby, can identify all the CCAs currently available in the Linux kernel and BBRv2 with an average accuracy of 96.7%. We found that among the Alexa Top 20k websites, the share of BBR has shrunk since 2019 and that only 8% of them responded to QUIC requests. Among these QUIC servers, CUBIC and BBR seem equally popular. We show that Nebby is extensible by extending it for Copa and an undocumented family of CCAs that is deployed by 6% of the measured websites, including major corporations like Hulu and Apple.",2024,https://doi.org/10.1145/3651890.3672223,pending,,to_assign,to_assign,doi:https://doi.org/10.1145/3651890.3672223,,bbr;congestion control;quic,priority_review,candidate_include,BBR/BDP-Veno/OVeno term plus a review topic,include_title_abstract,,not_started,Codex,2026-09-28,Direct BBR/Veno/BDP-Veno/OVeno evidence with a transport or network topic.,pending_full_text,0,open_candidate,https://doi.org/10.1145/3651890.3672223,,pending_full_text,,Codex,
openalex_Q1_0075,openalex_Q1,openalex,Q1,PBE-CC,"Cellular networks are becoming ever more sophisticated and overcrowded, imposing the most delay, jitter, and throughput damage to end-to-end network flows in today's internet. We therefore argue for fine-grained mobile endpoint-based wireless measurements to inform a precise congestion control algorithm through a well-defined API to the mobile's cellular physical layer. Our proposed congestion control algorithm is based on Physical-Layer Bandwidth measurements taken at the Endpoint (PBE-CC), and captures the latest 5G New Radio innovations that increase wireless capacity, yet create abrupt rises and falls in available wireless capacity that the PBE-CC sender can react to precisely and rapidly. We implement a proof-of-concept prototype of the PBE measurement module on software-defined radios and the PBE sender and receiver in C. An extensive performance evaluation compares PBE-CC head to head against the cellular-aware and wireless-oblivious congestion control protocols proposed in the research community and in deployment, in mobile and static mobile scenarios, and over busy and idle networks. Results show 6.3% higher average throughput than BBR, while simultaneously reducing 95th percentile delay by 1.8x.",2020,https://doi.org/10.1145/3387514.3405880,pending,,to_assign,to_assign,doi:https://doi.org/10.1145/3387514.3405880,,bbr;congestion control;wireless,priority_review,candidate_include,BBR/BDP-Veno/OVeno term plus a review topic,include_title_abstract,,not_started,Codex,2026-09-28,Direct BBR/Veno/BDP-Veno/OVeno evidence with a transport or network topic.,pending_full_text,0,open_candidate,https://dl.acm.org/doi/pdf/10.1145/3387514.3405880 | https://doi.org/10.1145/3387514.3405880,,pending_full_text,,Codex,
openalex_Q1_0078,openalex_Q1,openalex,Q1,On the Bottleneck Structure of Congestion-Controlled Networks,"In this paper, we introduce theTheory of Bottleneck Ordering, a mathematical framework that reveals the bottleneck structure of data networks. This theoretical framework provides insights into the inherent topological properties of a network in at least three areas: (1) It identifies the regions of influence of each bottleneck; (2) it reveals the order in which bottlenecks (and flows traversing them) converge to their steady state transmission rates in distributed congestion control algorithms; and (3) it provides key insights into the design of optimized traffic engineering policies. We demonstrate the efficacy of the proposed theory in TCP congestion-controlled networks for two broad classes of algorithms: Congestion-based algorithms (TCP BBR) and loss-based additive-increase/multiplicative-decrease algorithms (TCP Cubic and Reno). Among other results, our network experiments show that: (1) Qualitatively, both classes of congestion control algorithms behave as predicted by the bottleneck structure of the network; (2) flows compete for bandwidth only with other flows operating at the same bottleneck level; (3) BBR flows achieve higher performance and fairness than Cubic and Reno flows due to their ability to operate at the right bottleneck level; (4) the bottleneck structure of a network is continuously changing and its levels can be folded due to variations in the flows' round trip times; and (5) against conventional wisdom, low-hitter flows can have a large impact to the overall performance of a network.",2019,https://doi.org/10.1145/3366707,pending,,to_assign,to_assign,doi:https://doi.org/10.1145/3366707,,bbr;congestion control;tcp;fairness,priority_review,candidate_include,BBR/BDP-Veno/OVeno term plus a review topic,include_title_abstract,,not_started,Codex,2026-09-28,Direct BBR/Veno/BDP-Veno/OVeno evidence with a transport or network topic.,pending_full_text,0,open_candidate,https://dl.acm.org/doi/pdf/10.1145/3366707 | https://doi.org/10.1145/3366707,,pending_full_text,,Codex,
openalex_Q1_0105,openalex_Q1,openalex,Q1,SDN-Based Congestion Control and Bandwidth Allocation Scheme in 5G Networks,"5G cellular networks are already more than six times faster than 4G networks, and their packet loss rate, especially in the Internet of Vehicles (IoV), can reach 0.5% in many cases, such as when there is high-speed movement or obstacles nearby. In such high bandwidth and high packet loss network environments, traditional congestion control algorithms, such as CUBIC and bottleneck bandwidth and round-trip propagation time (BBR), have been unable to balance flow fairness and high performance, and their flow rate often takes a long time to converge. We propose a congestion control algorithm based on bottleneck routing feedback using an in-network control mode called bottleneck routing feedback (BRF). We use SDN technology (OpenFlow protocol) to collect network bandwidth information, and BRF controls the data transmission rate of the sender. By adding the bandwidth information of the bottleneck in the option field in the ACK packet, considering the flow fairness and the flow convergence rate, a bandwidth allocation scheme compatible with multiple congestion control algorithms is proposed to ensure the fairness of all flows and make them converge faster. The performance of BRF is evaluated via Mininet. The experimental results show that BRF provides higher bandwidth utilization, faster convergence rate, and fairer bandwidth allocation than existing congestion control algorithms in 5G cellular networks.",2024,https://doi.org/10.3390/s24030749,pending,,to_assign,to_assign,doi:https://doi.org/10.3390/s24030749,,bbr;congestion control;fairness,priority_review,candidate_include,BBR/BDP-Veno/OVeno term plus a review topic,include_title_abstract,,not_started,Codex,2026-09-28,Direct BBR/Veno/BDP-Veno/OVeno evidence with a transport or network topic.,pending_full_text,0,open_candidate,https://www.mdpi.com/1424-8220/24/3/749/pdf?version=1706083922 | https://doi.org/10.3390/s24030749,,pending_full_text,,Codex,
openalex_Q1_0118,openalex_Q1,openalex,Q1,TCP Congestion Control Algorithm Using Queueing Theory-Based Optimality Equation,"Internet congestion control focuses on balancing effective network utilization with the avoidance of congestion. When bottleneck bandwidth and network buffer capacities are exceeded, congestion typically manifests as packet loss. Additionally, when packets remain in buffers for too long, a queueing delay occurs. Most existing congestion control algorithms aim to solve this as a constraint satisfaction problem, where constraints are defined by bandwidth or queueing delay limits. However, these approaches often emphasize finding feasible solutions over optimal ones, which often lead to under-utilization of available bandwidth. To address this limitation, this article leverages Little’s Law to derive a closed-form optimality equation for congestion control. This optimality equation serves as the foundation for developing a new algorithm, TCP QtColFair, designed to optimize the sending rate. TCP QtColFair is evaluated against two widely deployed congestion control algorithms: TCP CUBIC, which utilizes a cubic window growth function to enhance performance in high-bandwidth, long-distance networks and TCP BBR (Bottleneck Bandwidth and Round-trip propagation time), developed by Google to optimize data transmission by estimating the network’s bottleneck bandwidth and round-trip time. In terms of avoiding queueing delays and minimizing packet loss, TCP QtColFair outperforms TCP CUBIC and matches TCP BBR’s performance when network buffers are large. For effective network utilization, TCP QtColFair outperforms both TCP BBR and TCP CUBIC. TCP QtColFair achieves an effective utilization of approximately 96%, compared to just above 94% for TCP BBR and around 93% for TCP CUBIC.",2025,https://doi.org/10.3390/electronics14020263,pending,,to_assign,to_assign,doi:https://doi.org/10.3390/electronics14020263,,bbr;congestion control;tcp;buffer;queue,priority_review,candidate_include,BBR/BDP-Veno/OVeno term plus a review topic,include_title_abstract,,not_started,Codex,2026-09-28,Direct BBR/Veno/BDP-Veno/OVeno evidence with a transport or network topic.,pending_full_text,0,open_candidate,https://www.mdpi.com/2079-9292/14/2/263/pdf?version=1736499399 | https://doi.org/10.3390/electronics14020263,,pending_full_text,,Codex,
openalex_Q1_0135,openalex_Q1,openalex,Q1,Intelligent Multi-Path TCP Congestion Control for video streaming in Internet of Deep Space Things communication,"The vision of space exploration includes missions to deep space that produce significant amounts of video data and require reliable video streaming back to the Earth. The Internet of Deep Space Things (IoDST) is envisioned to provide communication services for video data streaming for the mission spacecrafts. Ensuring reliable communications in IoDST requires Transmission Control Protocol (TCP) layer functionalities. However, current TCP Congestion Control (CC) protocols provide poor performance in IoDST communications primarily owing to the dependence on pre-defined rules to determine the transmission rate in a single path TCP flow. This paper proposes a Multi-Path TCP (MPTCP) CC design for data streaming transmission in IoDST. We utilized Scalable Video Coding (SVC)-based streaming to overcome the Head-of-Line (HoL) blocking and proposed an intelligent CC scheme based on Q-learning and Deep Q-Network (DQN) to solve the problems of challenging link conditions in IoDST. Our proposed CC scheme determines the optimal congestion window for data transmission in IoDST communications to maximize the TCP throughput performance and streaming data playback. Simulation results show that our proposed CC scheme achieves TCP throughput performance by up to approximately 257.14% and 73.08% compared to TCP CUBIC and TCP Westwood. In addition, video streaming playback by up to approximately 164.86%, 104.17%, 75%, 157.89% and 66% compared to TCP CUBIC, TCP BBR, TCP Westwood, DRL-TCP and QLE-DS, respectively. Finally the total streaming data transfer time by up to approximately 61%, 20%, 63%, 21% and 19% compared to TCP CUBIC, TCP BBR, TCP Westwood, DRL-TCP and QLE-DS, respectively.",2023,https://doi.org/10.1016/j.icte.2023.02.006,pending,,to_assign,to_assign,doi:https://doi.org/10.1016/j.icte.2023.02.006,,bbr;congestion control;tcp;learning,priority_review,candidate_include,BBR/BDP-Veno/OVeno term plus a review topic,include_title_abstract,,not_started,Codex,2026-09-28,Direct BBR/Veno/BDP-Veno/OVeno evidence with a transport or network topic.,pending_full_text,0,open_candidate,https://doi.org/10.1016/j.icte.2023.02.006,,pending_full_text,,Codex,
openalex_Q1_0137,openalex_Q1,openalex,Q1,A Machine Learning-Based Framework for Dynamic Selection of Congestion Control Algorithms,"Most congestion control algorithms (CCAs) are designed for specific network environments. As such, there is no known algorithm that achieves uniformly good performance in all scenarios for all flows. Rather than devising a one-size-fits-all algorithm (which is a likely impossible task), we propose a system to dynamically switch between the most suitable CCAs for specific flows in specific environments. This raises a number of challenges, which we address through the design and implementation of Antelope, a system that can dynamically reconfigure the stack to use the most suitable CCA for individual flows. We build a machine learning model to learn which algorithm works best for individual conditions and implement kernel-level support for dynamically switching between CCAs. The framework also takes application requirements of performance into consideration to fine-tune the selection based on application-layer needs. Moreover, to reduce the overhead introduced by machine learning on individual front-end servers, we (optionally) implement the CCA selection process in the cloud, which allows the share of models and the selection among front-end servers. We have implemented Antelope in Linux, and evaluated it in both emulated and production networks. The results demonstrate the effectiveness of Antelope via dynamic adjusting the CCAs for individual flows. Specifically, Antelope achieves an average 16% improvement in throughput compared with BBR, and an average 19% improvement in throughput and 10% reduction in delay compared with CUBIC.",2022,https://doi.org/10.1109/tnet.2022.3220225,pending,,to_assign,to_assign,doi:https://doi.org/10.1109/tnet.2022.3220225,,bbr;congestion control;learning,priority_review,candidate_include,BBR/BDP-Veno/OVeno term plus a review topic,include_title_abstract,,not_started,Codex,2026-09-28,Direct BBR/Veno/BDP-Veno/OVeno evidence with a transport or network topic.,pending_full_text,0,open_candidate,https://qmro.qmul.ac.uk/xmlui/bitstream/123456789/84518/2/Tyson%20A%20Machine%20Learning-Based%202022%20Published.pdf | https://qmro.qmul.ac.uk/xmlui/handle/123456789/84518,,pending_full_text,,Codex,
openalex_Q1_0157,openalex_Q1,openalex,Q1,Performance Evaluation of Congestion Control Over B5G/6G Fluctuating Scenarios,"In recent years, Internet traffic has grown constantly, and new high-throughput applications have been introduced and widely used by mobile users. This has necessitated improvements in the access networks and transport protocols. Beyond 5G and 6G (B5G/6G), cellular systems play a central role in providing low latency and high bandwidth through a new spectrum, particularly with millimeter waves (mmWaves). This technology opens up new scenarios for development, but it is necessary to determine whether transport protocols that incorporate congestion control will fully utilize the available capacity and if their performance meets the requirements of the applications. In this study, we provide a comparison of state-of-the-art algorithms for congestion control in highly dynamic B5G/6G mobile scenarios. In addition to standard metrics such as throughput and delay, we propose the convergence time criterium to determine the algorithms' response to changing conditions and to variable capacity due to mobility, signal obstructions, and high-fluctuating signal levels in the mmWave band. Simulations were conducted on 5G-LENA with different combinations of congestion control algorithms, edge vs. remote server deployments, radio link control buffer sizes, and frequency ranges. Results indicate that HighSpeed and New Reno are the slowest to converge, whereas BBR is the fastest.",2023,https://doi.org/10.1145/3616392.3623408,pending,,to_assign,to_assign,doi:https://doi.org/10.1145/3616392.3623408,,bbr;congestion control;buffer,priority_review,candidate_include,BBR/BDP-Veno/OVeno term plus a review topic,include_title_abstract,,not_started,Codex,2026-09-28,Direct BBR/Veno/BDP-Veno/OVeno evidence with a transport or network topic.,pending_full_text,0,open_candidate,https://dl.acm.org/doi/pdf/10.1145/3616392.3623408 | https://doi.org/10.1145/3616392.3623408,,pending_full_text,,Codex,
openalex_Q1_0158,openalex_Q1,openalex,Q1,TCP Congestion Control Performance over Starlink,"We examine the performance of 14 different Linux TCP congestion control (CC) variants over Starlink connectivity. We then focus on the two most commonly used CCs, BBR and Cubic, and the best performing other CC, Illinois. Multiple measurement campaigns were conducted to evaluate throughput performance for single and multiple flows, examine how the performance of the CCs relate to the length of the TCP flow, and investigate how the CCs share resources over Starlink. The results show that BBR (both v1 and v3) outperform Cubic in the current Starlink environment. Cubic, which is the Linux default CC, performs considerably worse than BBR, particularly for single flows. Cubic with HyStart also has additional slowstart performance issues, which can be mitigated by disabling HyStart. The Illinois CC is a promising alternative to BBR and although being less performant for single flows, it has better fairness properties. Leveraging earlier similar measurements for a longitudinal study, we further show that changes made to the Starlink infrastructure during 2023/2024 are likely to have resulted in significantly reduced Cubic throughput.",2025,https://doi.org/10.1145/3744200.3744760,pending,,to_assign,to_assign,doi:https://doi.org/10.1145/3744200.3744760,,bbr;congestion control;tcp;fairness,priority_review,candidate_include,BBR/BDP-Veno/OVeno term plus a review topic,include_title_abstract,,not_started,Codex,2026-09-28,Direct BBR/Veno/BDP-Veno/OVeno evidence with a transport or network topic.,pending_full_text,0,open_candidate,https://doi.org/10.1145/3744200.3744760,,pending_full_text,,Codex,
openalex_Q1_0180,openalex_Q1,openalex,Q1,Elasticity Detection: A Building Block for Delay-Sensitive Congestion Control,"This paper develops a technique to detect whether the cross traffic competing with a flow is elastic or not, and shows how to use the elasticity detector to improve congestion control. If the cross traffic is elastic, i.e., made up of buffer-filling flows like Cubic or Reno, then one should use a scheme that competes well with such traffic. Such a scheme will not be able to control delays because the cross traffic will not cooperate. If, however, cross traffic is inelastic, then one can use a suitable delay-sensitive congestion control algorithm, which can control delays, but which would have obtained dismal throughput when run concurrently with a buffer-filling algorithm. We use the elasticity detector to demonstrate a congestion control framework that always achieves high utilization, but which can also achieve low delays when cross traffic permits it. The technique uses an asymmetric sinusoidal pulse patternand estimates elasticity by computing the frequency response(FFT) of the cross traffic estimate; we have measured its accuracy to be over 90%. We have developed Nimbus, a protocol that explicitly switches between TCP-competitive and delay-sensitive modes using the elasticity detector. Our results on emulated and real-world paths show that Nimbus achieves throughput comparable to or better than Cubic always, but with delays that are much lower when cross traffic is inelastic. Unlike BBR, Nimbus is fair to Cubic, and has significantly lower delay in all cases; for example, on real-world paths, Nimbus has 11% lower throughput but at 40-50 ms lower packet delay.",2018,,pending,,to_assign,to_assign,title:elasticity detection a building block for delay sensitive congestion control,,bbr;congestion control;tcp;buffer,priority_review,candidate_include,BBR/BDP-Veno/OVeno term plus a review topic,include_title_abstract,,not_started,Codex,2026-09-28,Direct BBR/Veno/BDP-Veno/OVeno evidence with a transport or network topic.,pending_full_text,0,open_candidate,https://dspace.mit.edu/bitstream/1721.1/137381/2/1802.08730.pdf | https://hdl.handle.net/1721.1/137381,,pending_full_text,,Codex,
openalex_Q1_0189,openalex_Q1,openalex,Q1,TCP D*: A Low Latency First Congestion Control Algorithm,"The choice of feedback mechanism between delay and packet loss has long been a point of contention in TCP congestion control. This has partly been resolved, as it has become increasingly evident that delay based methods are needed to facilitate modern interactive web applications. However, what has not been resolved is what control should be used, with the two candidates being the congestion window and the pacing rate. BBR is a new delay based congestion control algorithm that uses a pacing rate as its primary control and the congestion window as a secondary control. We propose that a congestion window first algorithm might give more desirable performance characteristics in situations where latency must be minimized even at the expense of some loss in throughput. To evaluate this hypothesis we introduce a new congestion control algorithm called TCP D*, which is a congestion window first algorithm that adopts BBR's approach of maximizing delivery rate while minimizing latency. In this paper, we discuss the key features of this algorithm, discuss the differences and similarity to BBR, and present some preliminary results based on a real implementation.",2020,https://doi.org/10.48550/arxiv.2012.14996,pending,,to_assign,to_assign,doi:https://doi.org/10.48550/arxiv.2012.14996,,bbr;congestion control;tcp,priority_review,candidate_include,BBR/BDP-Veno/OVeno term plus a review topic,include_title_abstract,,not_started,Codex,2026-09-28,Direct BBR/Veno/BDP-Veno/OVeno evidence with a transport or network topic.,pending_full_text,0,open_candidate,https://arxiv.org/pdf/2012.14996 | http://arxiv.org/abs/2012.14996,,pending_full_text,,Codex,
openalex_Q1_0191,openalex_Q1,openalex,Q1,SQP: Congestion Control for Low-Latency Interactive Video Streaming,"This paper presents the design and evaluation of SQP, a congestion control algorithm (CCA) for interactive video streaming applications that need to stream high-bitrate compressed video with very low end-to-end frame delay (eg. AR streaming, cloud gaming). SQP uses frame-coupled, paced packet trains to sample the network bandwidth, and uses an adaptive one-way delay measurement to recover from queuing, for low, bounded queuing delay. SQP rapidly adapts to changes in the link bandwidth, ensuring high utilization and low frame delay, and also achieves competitive bandwidth shares when competing with queue-building flows within an acceptable delay envelope. SQP has good fairness properties, and works well on links with shallow buffers. In real-world A/B testing of SQP against Copa in Google's AR streaming platform, SQP achieves 27% and 15% more sessions with high bitrate and low frame delay for LTE and Wi-Fi, respectively. When competing with queue-building traffic like Cubic and BBR, SQP achieves 2-3X higher bandwidth compared to GoogCC (WebRTC), Sprout, and PCC-Vivace, and comparable performance to Copa (with mode switching).",2022,https://doi.org/10.48550/arxiv.2207.11857,pending,,to_assign,to_assign,doi:https://doi.org/10.48550/arxiv.2207.11857,,bbr;congestion control;fairness;buffer;queue,priority_review,candidate_include,BBR/BDP-Veno/OVeno term plus a review topic,include_title_abstract,,not_started,Codex,2026-09-28,Direct BBR/Veno/BDP-Veno/OVeno evidence with a transport or network topic.,pending_full_text,0,open_candidate,https://arxiv.org/pdf/2207.11857 | http://arxiv.org/abs/2207.11857,,pending_full_text,,Codex,
openalex_Q2_0005,openalex_Q2,openalex,Q2,To Adopt or Not to Adopt L4S-Compatible Congestion Control? Understanding Performance in a Partial L4S Deployment,"With few exceptions, the path to deployment for any Internet technology requires that there be some benefit to unilateral adoption of the new technology. In an Internet where the technology is not fully deployed, is an individual better off sticking to the status quo, or adopting the new technology? This question is especially relevant in the context of the Low Latency, Low Loss, Scalable Throughput (L4S) architecture, where the full benefit is realized only when compatible protocols (scalable congestion control, accurate ECN, and flow isolation at queues) are adopted at both endpoints of a connection and also at the bottleneck router. In this paper, we consider the perspective of the sender of an L4S flow using scalable congestion control, without knowing whether the bottleneck router uses an L4S queue, or whether other flows sharing the bottleneck queue are also using scalable congestion control. We show that whether the sender uses TCP Prague or BBRv2 as the scalable congestion control, it cannot be assured that it will not harm or be harmed by another flow sharing the bottleneck link. We further show that the harm is not necessarily mitigated when a scalable flow shares a bottleneck with multiple classic flows. Finally, we evaluate the approach of BBRv3, where scalable congestion control is used only when the path delay is small, with ECN feedback ignored otherwise, and show that it does not solve the coexistence problem.",2024,https://doi.org/10.48550/arxiv.2411.10952,pending,,to_assign,to_assign,doi:https://doi.org/10.48550/arxiv.2411.10952,,bbr;congestion control;tcp;queue;ecn,priority_review,candidate_include,BBR/BDP-Veno/OVeno term plus a review topic,include_title_abstract,,not_started,Codex,2026-09-28,Direct BBR/Veno/BDP-Veno/OVeno evidence with a transport or network topic.,pending_full_text,0,open_candidate,https://arxiv.org/pdf/2411.10952 | http://arxiv.org/abs/2411.10952,,pending_full_text,,Codex,
openalex_Q2_0020,openalex_Q2,openalex,Q2,Evaluation of TCP Congestion Control for Public High-Performance Wide-Area Networks,"Practitioners of a growing number of scientific and artificial-intelligence (AI) applications use High-Performance Wide-Area Networks (HP-WANs) for moving massive data sets between remote facilities. Accurate prediction of the flow completion time (FCT) is essential in these data-transfer workflows because compute and storage resources are tightly scheduled and expensive. We assess the viability of three TCP congestion control algorithms (CUBIC, BBRv1, and BBRv3) for massive data transfers over public HP-WANs, where limited control of critical data-path parameters precludes the use of Remote Direct Memory Access (RDMA) over Converged Ethernet (RoCEv2), which is known to outperform TCP in private HP-WANs. Extensive experiments on the FABRIC testbed indicate that the configuration control limitations can also hinder TCP, especially through microburst-induced packet losses. Under these challenging conditions, we show that the highest FCT predictability is achieved by combination of BBRv1 with the application of traffic shaping before the HP-WAN entry points.",2026,https://doi.org/10.1109/hpsr68369.2026.11615188,pending,,to_assign,to_assign,doi:https://doi.org/10.1109/hpsr68369.2026.11615188,,bbr;congestion control;tcp,priority_review,candidate_include,BBR/BDP-Veno/OVeno term plus a review topic,include_title_abstract,,not_started,Codex,2026-09-28,Direct BBR/Veno/BDP-Veno/OVeno evidence with a transport or network topic.,pending_full_text,0,open_candidate,https://arxiv.org/pdf/2603.12660 | https://arxiv.org/abs/2603.12660,,pending_full_text,,Codex,
openalex_Q3_0091,openalex_Q3,openalex,Q3,Wanna Make Your TCP Scheme Great for Cellular Networks? Let Machines Do It for You!,"Can we instead of designing yet another new TCP algorithm, design a TCP plug-in that can enable machines to automatically boost the performance of the existing/future TCP designs in cellular networks? We answer this question by introducing DeepCC. DeepCC leverages advanced deep reinforcement learning (DRL) techniques to let machines automatically learn how to steer throughput-oriented TCP algorithms toward achieving applications' desired delays in a highly dynamic network such as the cellular network. We used DeepCC plug-in to boost the performance of various old and new TCP schemes including TCP Cubic, Google's BBR, TCP Westwood, and TCP Illinois in cellular networks. Through both extensive trace-based evaluations and real-world experiments, we show that not only DeepCC can significantly improve the performance of TCP schemes, but also after accompanied by DeepCC, these schemes can outperform state-of-the-art TCP protocols including new clean-slate machine learning-based designs and the ones designed solely for cellular networks.",2020,https://doi.org/10.1109/jsac.2020.3036958,pending,,to_assign,to_assign,doi:https://doi.org/10.1109/jsac.2020.3036958,,bbr;tcp;learning,priority_review,candidate_include,BBR/BDP-Veno/OVeno term plus a review topic,include_title_abstract,,not_started,Codex,2026-09-28,Direct BBR/Veno/BDP-Veno/OVeno evidence with a transport or network topic.,pending_full_text,0,open_candidate,https://arxiv.org/pdf/1912.11735 | http://arxiv.org/abs/1912.11735,,pending_full_text,,Codex,
openalex_Q3_0127,openalex_Q3,openalex,Q3,To switch or not to switch to TCP Prague? Incentives for adoption in a partial L4S deployment,"The Low Latency, Low Loss, Scalable Throughput (L4S) architecture has the potential to reduce queuing delay when it is deployed at endpoints and routers throughout the Internet. However, it is not clear how TCP Prague, a prototype scalable congestion control for L4S, behaves when L4S is not yet universally deployed. Specifically, we consider the question: in a partial L4S deployment, will a user benefit by unilaterally switching from the status quo TCP to TCP Prague? To address this question, we evaluate the performance of a TCP Prague flow when sharing an L4S or non-L4S bottleneck queue with a non-L4S flow. Our findings suggest that the L4S congestion control, TCP Prague, has less favorable throughput or fairness properties than TCP Cubic or BBR in some coexistence scenarios, which may hinder adoption.",2024,https://doi.org/10.1145/3673422.3674896,pending,,to_assign,to_assign,doi:https://doi.org/10.1145/3673422.3674896,,bbr;congestion control;tcp;fairness;queue,priority_review,candidate_include,BBR/BDP-Veno/OVeno term plus a review topic,include_title_abstract,,not_started,Codex,2026-09-28,Direct BBR/Veno/BDP-Veno/OVeno evidence with a transport or network topic.,pending_full_text,0,open_candidate,https://arxiv.org/pdf/2407.00464 | http://arxiv.org/abs/2407.00464,,pending_full_text,,Codex,
openalex_Q3_0163,openalex_Q3,openalex,Q3,Machine-Learned Recognition of Network Traffic for Optimization through Protocol Selection,"We introduce optimization through protocol selection (OPS) as a technique to improve bulk-data transfer on shared wide-area networks (WANs). Instead of just fine-tuning the parameters of a network protocol, our empirical results show that the selection of the protocol itself can result in up to four times higher throughput in some key cases. However, OPS for the foreground traffic (e.g., TCP CUBIC, TCP BBR, UDT) depends on knowledge about the network protocols used by the background traffic (i.e., other users). Therefore, we build and empirically evaluate several machine-learned (ML) classifiers, trained on local round-trip time (RTT) time-series data gathered using active probing, to recognize the mix of network protocols in the background with an accuracy of up to 0.96.",2021,https://doi.org/10.3390/computers10060076,pending,,to_assign,to_assign,doi:https://doi.org/10.3390/computers10060076,,bbr;tcp;rtt,priority_review,candidate_include,BBR/BDP-Veno/OVeno term plus a review topic,include_title_abstract,,not_started,Codex,2026-09-28,Direct BBR/Veno/BDP-Veno/OVeno evidence with a transport or network topic.,pending_full_text,0,open_candidate,https://www.mdpi.com/2073-431X/10/6/76/pdf?version=1623746390 | https://doi.org/10.3390/computers10060076,,pending_full_text,,Codex,
openalex_Q3_0166,openalex_Q3,openalex,Q3,Experimental Study of TCP Throughput Profiles and Dynamics Over Dedicated Connections,"A throughput profile expressed as a function of the round-trip times of a data transport infrastructure is a critical indicator of its level of optimization, particularly, over dedicated connections. We study the throughput profiles of eleven TCP versions using measurements collected over dedicated hardware-emulated connections with distances spanning round the earth. Among them, BBR has overall higher temporal variations and lower throughput profiles compared to five loss-based TCP versions, and the comparison with other TCP versions is mixed. Using the Poincare map regions of throughput time traces, we show that the richer dynamics of BBR are correlated with its lower throughput profiles. We present basic analytical results that indicate that higher temporal variations of TCP methods lead to lower throughput profiles, thereby establishing the underlying causality. Under external losses, BBR achieves sustained high throughput compared to others as the loss rate is increased. Overall, our results provide insights into the relationship between time dynamics and throughput profiles of TCP versions, in particular, show that limited time traces can be indicative of global properties of throughput profiles.",2023,https://doi.org/10.1145/3624062.3624589,pending,,to_assign,to_assign,doi:https://doi.org/10.1145/3624062.3624589,,bbr;tcp,priority_review,candidate_include,BBR/BDP-Veno/OVeno term plus a review topic,include_title_abstract,,not_started,Codex,2026-09-28,Direct BBR/Veno/BDP-Veno/OVeno evidence with a transport or network topic.,pending_full_text,0,open_candidate,https://dl.acm.org/doi/pdf/10.1145/3624062.3624589 | https://doi.org/10.1145/3624062.3624589,,pending_full_text,,Codex,
openalex_Q3_0168,openalex_Q3,openalex,Q3,An Active-Passive Measurement Study of TCP Performance over LTE on High-speed Rails,"High-speed rail (HSR) systems potentially provide a more efficient way of door-to-door transportation than airplane. However, they also pose unprecedented challenges in delivering seamless Internet service for on-board passengers. In this paper, we conduct a large-scale active-passive measurement study of TCP performance over LTE on HSR. Our measurement targets the HSR routes in China operating at above 300 km/h. We performed extensive data collection through both controlled setting and passive monitoring, obtaining 1732.9 GB data collected over 135719 km of trips. Leveraging such a unique dataset, we measure important performance metrics such as TCP goodput, latency, loss rate, as well as key characteristics of TCP flows, application breakdown, and users' behaviors. We further quantitatively study the impact of frequent cellular handover on HSR networking performance, and conduct in-depth examination of the performance of two widely deployed transport-layer protocols: TCP CUBIC and TCP BBR. Our findings reveal the performance of today's commercial HSR networks ""in the wild"", as well as identify several performance inefficiencies, which motivate us to design a simple yet effective congestion control algorithm based on BBR to further boost the throughput by up to 36.5%. They together highlight the need to develop dedicated protocol mechanisms that are friendly to extreme mobility.",2018,https://doi.org/10.48550/arxiv.1812.04823,pending,,to_assign,to_assign,doi:https://doi.org/10.48550/arxiv.1812.04823,,bbr;congestion control;tcp,priority_review,candidate_include,BBR/BDP-Veno/OVeno term plus a review topic,include_title_abstract,,not_started,Codex,2026-09-28,Direct BBR/Veno/BDP-Veno/OVeno evidence with a transport or network topic.,pending_full_text,0,open_candidate,https://arxiv.org/pdf/1812.04823 | http://arxiv.org/abs/1812.04823,,pending_full_text,,Codex,
openalex_Q3_0185,openalex_Q3,openalex,Q3,Improving Cloud Gaming Traffic QoS: A Comparison Between Class-Based Queuing Policy and L4S,"Some kinds of application traffic, such as Cloud Gaming (CG), are particularly demanding for a network to transport because they require at the same time a low-latency and a high-bitrate. Quality of Experience (QoE) can quickly deteriorate when the network Quality of Service (QoS) is not met regarding bandwidth and delay requirements. In particular, the competition with some capacity seeking flows may induce a high queuing latency on the bottleneck (buffer-bloat phenomenon). In this paper, we evaluate two network level solutions that allow CG traffic to be processed in specific queues, but exhibit different operational constraints. The first solution uses a class-based queuing policy (Hierarchical Token Buckets, HTB), which requires prior traffic classification and some traffic engineering. The second solution leverages the new Low Latency, Low Loss & Scalable Throughput (L4S) architecture and the DualPI2 Active Queue Management (AQM), but it needs the application support. We perform extensive measurements on an experimental CG platform that integrates the L4S-compliant SCReAM CCA and that we made to evaluate both approaches regarding their QoS enforcement capability and fairness against different competing flows that are driven by TCP CUBIC or BBRv2. We show that both solutions succeed to preserve the QoS of CG traffic.",2024,https://doi.org/10.23919/tma62044.2024.10558920,pending,,to_assign,to_assign,doi:https://doi.org/10.23919/tma62044.2024.10558920,,bbr;tcp;fairness;buffer;queue;quic,priority_review,candidate_include,BBR/BDP-Veno/OVeno term plus a review topic,include_title_abstract,,not_started,Codex,2026-09-28,Direct BBR/Veno/BDP-Veno/OVeno evidence with a transport or network topic.,pending_full_text,0,open_candidate,https://inria.hal.science/hal-04594817v1/document | https://inria.hal.science/hal-04594817,,pending_full_text,,Codex,
openalex_Q3_0189,openalex_Q3,openalex,Q3,Resilient TCP Variant Enabling Smooth Network Updates for Software-Defined Data Center Networks,"Network updates have become increasingly prevalent since the broad adoption of software-defined networks (SDNs) in data centers. Modern TCP designs, including cutting-edge TCP variants DCTCP, CUBIC, and BBR, however, are not resilient to network updates that provoke flow rerouting. In this paper, we first demonstrate that popular TCP implementations perform inadequately in the presence of frequent and inconsistent network updates, because inconsistent and frequent network updates result in out-of-order packets and packet drops induced via transitory congestion and lead to serious performance deterioration. We look into the causes and propose a network update-friendly TCP (NUFTCP), which is an extension of the DCTCP variant, as a solution. Simulations are used to assess the proposed NUFTCP. Our findings reveal that NUFTCP can more effectively manage the problems of out-of-order packets and packet drops triggered in network updates, and it outperforms DCTCP considerably.",2024,https://doi.org/10.26599/tst.2024.9010010,pending,,to_assign,to_assign,doi:https://doi.org/10.26599/tst.2024.9010010,,bbr;tcp,priority_review,candidate_include,BBR/BDP-Veno/OVeno term plus a review topic,include_title_abstract,,not_started,Codex,2026-09-28,Direct BBR/Veno/BDP-Veno/OVeno evidence with a transport or network topic.,pending_full_text,0,open_candidate,https://doi.org/10.26599/tst.2024.9010010,,pending_full_text,,Codex,
openalex_Q3_0190,openalex_Q3,openalex,Q3,Forecasting TCP's Rate to Speed up Slow Start,"Selection of the optimal transmission rate in packet-switched best-effort networks is challenging. Typically, senders do not have any information about the end-to-end path and should not congest the connection but at once fully utilize it. The accomplishment of these goals lead to congestion control protocols such as TCP Reno, TCP Cubic, or TCP BBR that adapt the sending rate according to extensive measurements of the path characteristics by monitoring packets and related acknowledgments. To improve and speed up this adaptation, we propose and evaluate a machine learning approach for the prediction of sending rates from measurements of metrics provided by the TCP stack. For the prediction a neural network is trained and evaluated. The prediction is implemented in the TCP stack to speed up TCP slow start. For a customizable and performant implementation the extended Berkeley packet filter is used to extract relevant data from the kernel space TCP stack, to forward the monitoring data to a user space data rate prediction, and to feed the prediction result back to the stack. Results from a online experiment show improvement in flow completion time of up to 30%.",2022,https://doi.org/10.1109/ojcs.2022.3208701,pending,,to_assign,to_assign,doi:https://doi.org/10.1109/ojcs.2022.3208701,,bbr;congestion control;tcp;learning,priority_review,candidate_include,BBR/BDP-Veno/OVeno term plus a review topic,include_title_abstract,,not_started,Codex,2026-09-28,Direct BBR/Veno/BDP-Veno/OVeno evidence with a transport or network topic.,pending_full_text,0,open_candidate,https://ieeexplore.ieee.org/ielx7/8782664/9024218/09899695.pdf | https://doi.org/10.1109/ojcs.2022.3208701,,pending_full_text,,Codex,
openalex_Q3_0195,openalex_Q3,openalex,Q3,Troubleshooting Enhancement with Automated Slow-Start Detection,"Detecting anomalies in networks usually requires packet level traffic capturing and analysing. Indeed, the observation of emission patterns sheds some light on the kind of degradation experienced by a connection. In the case of reliable transport traffic where congestion control is performed, such as TCP and QUIC traffic, these patterns are the fruit of decisions made by the Congestion Control Algorithm (CCA), according to its own perception of network conditions. The CCA estimates the bottleneck’s capacity via an exponential probing, during the so-called “Slow-Start” (SS) state. The bottleneck is considered as reached upon reception of congestion signs, typically lost packets or abnormal packet delays depending on the version of CCA used. The SS state duration is thus a key indicator for the diagnosis of faults; this indicator is estimated empirically by human experts today, which is time-consuming and a cumbersome task with large error margins.This paper proposes a method to automatically identify the Slow-Start state from actively and passively obtained bidirectional packet traces. It relies on an innovative timeless representation of the observed packets series. We implemented our method in our active and passive probes and tested it with CUBIC and BBR under different network conditions. We then picked a few real-life examples to illustrate the value of our representation for easy discrimination between typical faults.",2023,https://doi.org/10.1109/icin56760.2023.10073485,pending,,to_assign,to_assign,doi:https://doi.org/10.1109/icin56760.2023.10073485,,bbr;congestion control;tcp;quic,priority_review,candidate_include,BBR/BDP-Veno/OVeno term plus a review topic,include_title_abstract,,not_started,Codex,2026-09-28,Direct BBR/Veno/BDP-Veno/OVeno evidence with a transport or network topic.,pending_full_text,0,open_candidate,https://hal.science/hal-04167112v1/file/Troubleshooting_enhancement_with_automated_Slow_Start_detection.pdf | https://hal.science/hal-04167112,,pending_full_text,,Codex,
openalex_Q4_0066,openalex_Q4,openalex,Q4,RCOAP: A Rate Control Scheme for Reliable Bursty Data Transfer in IoT Networks,"The Internet Engineering Task Force (IETF) standardized the Constrained Application Protocol (CoAP) for Internet of Things (IoT) devices to meet the demands of IoT applications. Due to the constrained IoT environment, CoAP was designed based on UDP as a lightweight protocol with simple congestion control, which leverages the basic binary exponential backoff. However, the basic congestion control of CoAP is unable to effectively perform reliable bursty data transfer in IoT networks. Recent studies have indicated that CoAP and its modifications still suffer from critical performance problems regarding congestion control, throughput, and delay. The current congestion control of the CoAP does not support bursty data transfer. In contrast to the current schemes that focus on a loss-based mechanism and a retransmission time-out (RTO) calculation, we propose a new rate control scheme, RCOAP, for reliable bursty data transfer in IoT networks. RCOAP uses the concept of regulating the transmission rate of CoAP sources. The key features of RCOAP are 1) estimating the initial sending rate by probing the bottleneck bandwidth, 2) adjusting the sending rate according to the dynamic network condition, and 3) distinguishing between losses due to congestion and losses due to wireless errors for the purpose of maintaining high throughput. Simulation results indicate that RCOAP is suitable for bursty data transfer. RCOAP shows a throughput increase of approximately 135% compared to the basic CoAP, CoCoA, and CoCoA+ under the same conditions while maintaining a low delay, loss rate, and a low number of retransmission attempts.",2021,https://doi.org/10.1109/access.2021.3135435,pending,,to_assign,to_assign,doi:https://doi.org/10.1109/access.2021.3135435,,congestion control;wireless,priority_review,candidate_include,BBR/BDP-Veno/OVeno term plus a review topic,include_title_abstract,,not_started,Codex,2026-09-28,Direct BBR/Veno/BDP-Veno/OVeno evidence with a transport or network topic.,pending_full_text,0,open_candidate,https://ieeexplore.ieee.org/ielx7/6287639/6514899/09648336.pdf | https://doi.org/10.1109/access.2021.3135435,,pending_full_text,,Codex,
openalex_Q4_0086,openalex_Q4,openalex,Q4,Learn-ing-Based On-AP TCP Performance Enhancement,"Data transmissions suffer from TCP’s poor performance since the introduction of the first commercial wireless services in the 1990s. Recent years have witnessed a surge of academia and industry activities in the field of TCP performance optimization. For a TCP flow whose last hop is a wireless link, congestions in the last hop dominate its performance. We implement an integral data sampling, network monitoring, and rate control software-defined wireless networking (SDWN) system. By analysing our sampled data, we find that there exist strong relationships between congestion packet loss behaviors and the instant cross-layer network metric measurements (states). We utilize these qualitative relationships to predict future congestions in wireless links and enhance TCP performance by launch necessary rate control locally on the access points (AP) before the congestions. We also implement modeling and rate control modules on this platform. Our platform senses the instant wireless dynamic and takes actions promptly to avoid future congestions. We conduct real-world experiments to evaluate its performance. The experiment results show that our methods outperform the bottleneck bandwidth and RTT (BBR) protocol and a recently proposed protocol Vivace on throughput, delay, and jitter performance at least 16.5%, 25%, and 12.6%, respectively.",2020,https://doi.org/10.1155/2020/8863420,pending,,to_assign,to_assign,doi:https://doi.org/10.1155/2020/8863420,,bbr;tcp;rtt;wireless,priority_review,candidate_include,BBR/BDP-Veno/OVeno term plus a review topic,include_title_abstract,,not_started,Codex,2026-09-28,Direct BBR/Veno/BDP-Veno/OVeno evidence with a transport or network topic.,pending_full_text,0,open_candidate,https://downloads.hindawi.com/journals/wcmc/2020/8863420.pdf | https://doi.org/10.1155/2020/8863420,,pending_full_text,,Codex,
openalex_Q4_0145,openalex_Q4,openalex,Q4,Evaluating modern TCP congestion control algorithms,"This thesis presents a comprehensive evaluation of congestion control algorithms of Transmission Control Protocol (TCP), with a focus on TCP NewReno, TCP Cubic, and TCP Bottleneck Bandwidth and Round-trip time (BBR).The study aims to understand how different congestion control mechanisms behave under varying network conditions, including delay, packet loss, and competition for bandwidth.Ns-3 network simulator is used in the analysis of the algorithms.Two network topologies were considered: a point-to-point link and a multiple-flow topology.The point-to-point setup was used to analyze the individual performance of the algorithms under controlled network delay and packet loss.The multiple-flow topology was used to study fairness and bandwidth sharing behavior when algorithms compete for bottleneck.This analysis leveraged two queuing disciplines, First In First Out (FIFO) and Fair Queuing and Controlled Delay (Fq-CoDel), to investigate their impact on flow performance and fairness.Results demonstrate that TCP BBR achieves higher throughput in high-delay environments due to its model-based rate control, while TCP NewReno and TCP Cubic show more conservative behavior, especially under loss.In the presence of multiple flows, FIFO queuing led to unfair bandwidth allocation, favoring more aggressive algorithms like TCP BBR.In contrast, Fq-CoDel significantly improved fairness and flow isolation, as reflected in higher Jain's fairness indices.",2025,,pending,,to_assign,to_assign,title:evaluating modern tcp congestion control algorithms,,bbr;congestion control;tcp;fairness,priority_review,candidate_include,BBR/BDP-Veno/OVeno term plus a review topic,include_title_abstract,,not_started,Codex,2026-09-28,Direct BBR/Veno/BDP-Veno/OVeno evidence with a transport or network topic.,pending_full_text,0,open_candidate,https://trepo.tuni.fi/bitstream/10024/227657/2/BakhshiMuhammadSaad.pdf | https://trepo.tuni.fi/handle/10024/227657,,pending_full_text,,Codex,
openalex_Q4_0153,openalex_Q4,openalex,Q4,A Lower Bound on Latency Spikes for Capacity-Seeking Network Traffic,"Most Internet traffic is carried by capacity-seeking protocols such as TCP and QUIC. Capacity-seeking protocols probe to find the maximum available throughput from sender to receiver, and, once they converge, attempt to keep sending traffic at this maximum rate. Achieving reliable low latency with capacity-seeking end-to-end methods is not yet entirely solved. We contribute a theoretical analysis to this ongoing discussion. In this work, we derive an expression for the minimum size of the spike in latency caused by a sudden drop in network capacity. Our results highlight a quantifiable and fundamental constraint on capacity-seeking network traffic. When end-to-end capacity is suddenly reduced, capacity-seeking traffic inevitably produces a latency spike. A lower bound on this latency spike can be calculated by multiplying the round-trip delay from the network bottleneck to the source of capacity-seeking traffic by the magnitude of the end-to-end capacity reduction. Testbed experiments show that this bound holds for the DCTCP, BBR, and Cubic congestion control algorithms. Our results have implications for the design of low-latency PHY and MAC-layer technologies because we quantify an important transport-layer consequence of unstable traffic rates.",2021,https://doi.org/10.48550/arxiv.2111.00488,pending,,to_assign,to_assign,doi:https://doi.org/10.48550/arxiv.2111.00488,,bbr;congestion control;tcp;quic,priority_review,candidate_include,BBR/BDP-Veno/OVeno term plus a review topic,include_title_abstract,,not_started,Codex,2026-09-28,Direct BBR/Veno/BDP-Veno/OVeno evidence with a transport or network topic.,pending_full_text,0,open_candidate,https://arxiv.org/pdf/2111.00488 | http://arxiv.org/abs/2111.00488,,pending_full_text,,Codex,
openalex_Q4_0154,openalex_Q4,openalex,Q4,An Experimental Evaluation of Constrained Application Protocol Performance over TCP,"The Internet of Things (IoT) is the Internet augmented with diverse everyday and industrial objects, enabling a variety of services ranging from smart homes to smart cities. Because of their embedded nature, IoT nodes are typically low-power devices with many constraints, such as limited memory and computing power. They often connect to the Internet over error-prone wireless links with low or variable speed. To accommodate these characteristics, protocols specifically designed for IoT use have been designed. The Constrained Application Protocol (CoAP) is a lightweight web transfer protocol for resource manipulation. It is designed for constrained devices working in impoverished environments. By default, CoAP traffic is carried over the unreliable User Datagram Protocol (UDP). As UDP is connectionless and has little header overhead, it is well-suited for typical IoT communication consisting of short request-response exchanges. To achieve reliability on top of UDP, CoAP also implements features normally found in the transport layer. Despite the advantages, the use of CoAP over UDP may be sub-optimal in certain settings. First, some networks rate-limit or entirely block UDP traffic. Second, the default CoAP congestion control is extremely simple and unable to properly adjust its behaviour to variable network conditions, for example bursts. Finally, even IoT devices occasionally need to transfer large amounts of data, for example to perform firmware updates. For these reasons, it may prove beneficial to carry CoAP over reliable transport protocols, such as the Transmission Control Protocol (TCP). RFC 8323 specifies CoAP over stateful connections, including TCP. Currently, little research exists on CoAP over TCP performance. This thesis experimentally evaluates CoAP over TCP suitability for long-lived connections in a constrained setting, assessing factors limiting scalability and problems packet loss and high levels of traffic may cause. The experiments are performed in an emulated network, under varying levels of congestion and likelihood of errors, as well as in the presence of overly large buffers. For TCP results, both TCP New Reno and the newer TCP BBR are examined. For baseline measurements, CoAP over UDP is carried using both the default CoAP congestion control and the more advanced CoAP Simple Congestion Control/Advanced (CoCoA) congestion control. This work shows CoAP over TCP to be more efficient or at least on par with CoAP over UDP in a constrained setting when connections are long-lived. CoAP over TCP is notably more adept than CoAP over UDP at fully utilising the capacity of the link when there are no or few errors, even if the link is congested or bufferbloat is present. When the congestion level and the frequency of link errors grow high, the difference between CoAP over UDP and CoAP over TCP diminishes, yet CoAP over TCP continues to perform well, showing that in this setting CoAP over TCP is more scalable than CoAP over UDP. Finally, this thesis finds TCP BBR to be a promising congestion control candidate. It is able to outperform the older New Reno in almost all explored scenarios, most notably in the presence of bufferbloat.",2020,,pending,,to_assign,to_assign,title:an experimental evaluation of constrained application protocol performance over tcp,,bbr;congestion control;tcp;buffer;wireless,priority_review,candidate_include,BBR/BDP-Veno/OVeno term plus a review topic,include_title_abstract,,not_started,Codex,2026-09-28,Direct BBR/Veno/BDP-Veno/OVeno evidence with a transport or network topic.,pending_full_text,0,open_candidate,http://hdl.handle.net/10138/313585,,pending_full_text,,Codex,
openalex_Q4_0156,openalex_Q4,openalex,Q4,BISCAY: Practical Radio KPI Driven Congestion Control for Mobile Networks,"Mobile application performance is often bottlenecked by cellular links with rapid bandwidth fluctuations. We show that radio KPIs from the device chipset can precisely and promptly measure available cellular bandwidth. Building on this, we propose Biscay, a practical KPI-driven congestion control for mobile networks. Biscay leverages OpenDiag, an in-kernel, real-time KPI extractor we introduce along with a KPI-based bandwidth estimator to adjust the congestion window, utilizing available bandwidth while minimizing delay. We implement Biscay and OpenDiag on unrooted Android 5G phones. Across trace-driven emulations and real-world 4G/5G experiments, Biscay outperforms state-of-the-art CCAs (e.g., BBR, CUBIC), typically reducing average and tail delay by >90% while matching or improving throughput. These gains stem from OpenDiag’s 100× finer on-device KPI granularity than existing alternatives like MobileInsight.",2026,https://doi.org/10.4230/oasics.nines.2026.15,pending,,to_assign,to_assign,doi:https://doi.org/10.4230/oasics.nines.2026.15,,bbr;congestion control,priority_review,candidate_include,BBR/BDP-Veno/OVeno term plus a review topic,include_title_abstract,,not_started,Codex,2026-09-28,Direct BBR/Veno/BDP-Veno/OVeno evidence with a transport or network topic.,pending_full_text,0,open_candidate,https://drops.dagstuhl.de/storage/01oasics/oasics-vol139-nines2026/OASIcs.NINeS.2026.15/OASIcs.NINeS.2026.15.pdf | https://drops.dagstuhl.de/entities/document/10.4230/OASIcs.NINeS.2026.15,,pending_full_text,,Codex,
openalex_Q4_0157,openalex_Q4,openalex,Q4,An investigation of TCP security and performance issues when deployed in high-speed networks,"As high-speed networks become more prevalent in modern communication infrastructures, the security and performance of the underlying transport protocols become increasingly important. A few particular problems arise when Transport Control Protocol (TCP), a crucial component of the internet, is implemented on high-speed networks. This study delves deeply into the performance and security concerns related to TCP in high-speed networks, including the effects of higher data rates and shorter round trip durations. It also suggests possible remedies that could lessen these risks. The study investigates the inefficiencies in TCP's congestion control algorithms, which are optimized for slower networks, when it comes to making the most use of available bandwidth in high-speed settings. It looks at the effects of being more susceptible to Distributed Denial of Service (DDoS) assaults, which have the ability to overload TCP connections and undermine their dependability. The paper examines current TCP variants and additions, such as TCP BBR and TCP SACK, which attempt to increase TCP's adaptability to high-speed network situations, in order to address these issues. It assesses how well these solutions work to mitigate the performance difficulties that have been identified and to sustain dependable and effective communication in high-speed contexts. The primary goals of the research are to improve our knowledge of TCP security and performance in high-speed networks and to aid in the development of more robust and secure communication protocols.",2024,https://doi.org/10.30574/gscarr.2024.21.2.0130,pending,,to_assign,to_assign,doi:https://doi.org/10.30574/gscarr.2024.21.2.0130,,bbr;congestion control;tcp,priority_review,candidate_include,BBR/BDP-Veno/OVeno term plus a review topic,include_title_abstract,,not_started,Codex,2026-09-28,Direct BBR/Veno/BDP-Veno/OVeno evidence with a transport or network topic.,pending_full_text,0,open_candidate,https://gsconlinepress.com/journals/gscarr/sites/default/files/GSCARR-2024-0130.pdf | http://dx.doi.org/10.30574/gscarr.2024.21.2.0130,,pending_full_text,,Codex,
openalex_Q4_0199,openalex_Q4,openalex,Q4,Monitoring and analysis of the QoE on SATCOM systems,"Cette thèse s'articule autour des réseaux satellites (SATCOM) et de la Qualité d'Expérience (QoE).L'accès à Internet par satellite est une solution nécessaire pour les zones peu ou non couvertes par les réseaux classiques, comme sur les mers et les océans, les déserts. C'est aussi une solution de secours, pour les zones touchées par des désastres naturels ou même la guerre. Le type de contenu consommé sur Internet via satellite est assez proche de celui des réseaux terrestres (filaire, optique et 4G). Ainsi, le streaming de vidéo, tel que YouTube est Netflix, représente une part importante des données qui passe par satellites.La Qualité d'Expérience (QoE) est la qualité ressentie par les utilisateurs d'une application ou d'un service.Les Fournisseurs d'Accès d'Internet (FAIs) via satellite sont donc intéressés par la mesure et l'amélioration la QoE.Cependant, les FAIs n'ont accès qu'à la Qualité de Service (QoS), qui correspond à la latence, le débit, la gigue, etc.L'objectif de la thèse est donc de collecter et d'analyser les métriques retournées par un environnement satellitaire afin de les corréler avec la QoE des utilisateurs.La thèse s'attèle à la collecte de la QoS et de la QoE sur les vidéos en store streaming, et plus en particulier les vidéos YouTube. Puis, la thèse utilise des algorithmes de machine learning pour prédire la QoE obtenue en fonction de la QoS. Enfin, elle s'intéresse à l'implémentation en temps réel de ces modèles. Aussi, elle aborde une potentielle solution d'amélioration de la QoE à travers de la redondance de paquets via ""Sliding Window Forward Erasure Coding"" (SWF) sur différent type d'algorithme de contrôle de congestion, en l'occurrence CUBIC et BBR.Dans les potentielles suites de cette thèse, il sera possible d'aborder la réaction en fonction de ces prédictions, pour impacter la QoS et ainsi améliorer la QoE sur les liens SATCOM.",2023,,pending,,to_assign,to_assign,title:monitoring and analysis of the qoe on satcom systems,,bbr;satellite;learning,priority_review,candidate_include,BBR/BDP-Veno/OVeno term plus a review topic,include_title_abstract,,not_started,Codex,2026-09-28,Direct BBR/Veno/BDP-Veno/OVeno evidence with a transport or network topic.,pending_full_text,0,open_candidate,http://www.theses.fr/2023ESAE0066/document,,pending_full_text,,Codex,
openalex_Q5_0016,openalex_Q5,openalex,Q5,DL-TCP: Deep Learning-Based Transmission Control Protocol for Disaster 5G mmWave Networks,"The 5G mobile communication system is attracting attention as one of the most suitable communication models for broadcasting and managing disaster situations, owing to its large capacity and low latency. High-quality videos taken by a drone, which is an embedded IoT device for shooting in a disaster environment, play an important role in managing the disaster. However, the 5G mmWave frequency band is susceptible to obstacles and has beam misalignment problems, severing the connection and greatly affecting the degradation of TCP performance. This problem becomes even more serious in high-mobility drones and disaster sites with many obstacles. To solve this problem, we propose a deep-learning-based TCP (DL-TCP) for a disaster 5G mmWave network. DL-TCP learns the node's mobility information and signal strength, and adjusts the TCP congestion window by predicting when the network is disconnected and reconnected. As a result of the experiment, DL-TCP provides better network stability and higher network throughput than the existing TCP NewReno, TCP Cubic, and TCP BBR.",2019,https://doi.org/10.1109/access.2019.2945582,pending,,to_assign,to_assign,doi:https://doi.org/10.1109/access.2019.2945582,,bbr;tcp;learning,priority_review,candidate_include,BBR/BDP-Veno/OVeno term plus a review topic,include_title_abstract,,not_started,Codex,2026-09-28,Direct BBR/Veno/BDP-Veno/OVeno evidence with a transport or network topic.,pending_full_text,0,open_candidate,https://ieeexplore.ieee.org/ielx7/6287639/8600701/08859212.pdf | https://doi.org/10.1109/access.2019.2945582,,pending_full_text,,Codex,
openalex_Q5_0048,openalex_Q5,openalex,Q5,Performance Evaluation and Selection of Appropriate Congestion Control Algorithms for MPT Networks,"Recent academic research highlights a growing interest in multipath technologies, which offer promising solutions to networking challenges in complex environments. This interest is reflected in the emergence of protocols such as Multipath TCP (MPTCP) and Multipath UDP-in-GRE (MPT-GRE). The development of network protocols, particularly various iterations of the Transmission Control Protocol (TCP), has been distinguished by congestion detection and control algorithms, such as HighSpeed, CUBIC, Reno, LP, BBR, and Illinois. This paper evaluates the performance and suitability of these algorithms for multipath MPT-GRE networks under varying conditions, including delay, jitter, and data loss at different transmission speeds (both symmetric and asymmetric). Using StarBED resources, we applied delay, jitter, or packet loss to one of two physical paths to simulate congestion. The results demonstrate that some algorithms, HighSpeed and BBR among them, significantly enhance Quality of Service (QoS) metrics and network throughput in multipath MPT-GRE networks. These findings provide valuable insights into their performance and practical applications.",2025,https://doi.org/10.14569/ijacsa.2025.0160211,pending,,to_assign,to_assign,doi:https://doi.org/10.14569/ijacsa.2025.0160211,,bbr;congestion control;tcp,priority_review,candidate_include,BBR/BDP-Veno/OVeno term plus a review topic,include_title_abstract,,not_started,Codex,2026-09-28,Direct BBR/Veno/BDP-Veno/OVeno evidence with a transport or network topic.,pending_full_text,0,open_candidate,https://thesai.org/Downloads/Volume16No2/Paper_11-Performance_Evaluation_and_Selection_of_Appropriate_Congestion.pdf | https://doi.org/10.14569/ijacsa.2025.0160211,,pending_full_text,,Codex,
openalex_Q8_0006,openalex_Q8,openalex,Q8,Large-Scale Transportation Network Congestion Evolution Prediction Using Deep Learning Theory,"Understanding how congestion at one location can cause ripples throughout large-scale transportation network is vital for transportation researchers and practitioners to pinpoint traffic bottlenecks for congestion mitigation. Traditional studies rely on either mathematical equations or simulation techniques to model traffic congestion dynamics. However, most of the approaches have limitations, largely due to unrealistic assumptions and cumbersome parameter calibration process. With the development of Intelligent Transportation Systems (ITS) and Internet of Things (IoT), transportation data become more and more ubiquitous. This triggers a series of data-driven research to investigate transportation phenomena. Among them, deep learning theory is considered one of the most promising techniques to tackle tremendous high-dimensional data. This study attempts to extend deep learning theory into large-scale transportation network analysis. A deep Restricted Boltzmann Machine and Recurrent Neural Network architecture is utilized to model and predict traffic congestion evolution based on Global Positioning System (GPS) data from taxi. A numerical study in Ningbo, China is conducted to validate the effectiveness and efficiency of the proposed method. Results show that the prediction accuracy can achieve as high as 88% within less than 6 minutes when the model is implemented in a Graphic Processing Unit (GPU)-based parallel computing environment. The predicted congestion evolution patterns can be visualized temporally and spatially through a map-based platform to identify the vulnerable links for proactive congestion mitigation.",2015,https://doi.org/10.1371/journal.pone.0119044,pending,,to_assign,to_assign,doi:https://doi.org/10.1371/journal.pone.0119044,,learning,low_priority_review,candidate_background,General learning congestion-control evidence; scope must be checked,include_title_abstract,,not_started,Codex,2026-09-28,Learning-assisted congestion-control background evidence.,pending_full_text,0,open_candidate,https://doi.org/10.1371/journal.pone.0119044,,pending_full_text,,Codex,
openalex_Q8_0022,openalex_Q8,openalex,Q8,Toward A Thousand Lights: Decentralized Deep Reinforcement Learning for Large-Scale Traffic Signal Control,"Traffic congestion plagues cities around the world. Recent years have witnessed an unprecedented trend in applying reinforcement learning for traffic signal control. However, the primary challenge is to control and coordinate traffic lights in large-scale urban networks. No one has ever tested RL models on a network of more than a thousand traffic lights. In this paper, we tackle the problem of multi-intersection traffic signal control, especially for large-scale networks, based on RL techniques and transportation theories. This problem is quite difficult because there are challenges such as scalability, signal coordination, data feasibility, etc. To address these challenges, we (1) design our RL agents utilizing ‘pressure’ concept to achieve signal coordination in region-level; (2) show that implicit coordination could be achieved by individual control agents with well-crafted reward design thus reducing the dimensionality; and (3) conduct extensive experiments on multiple scenarios, including a real-world scenario with 2510 traffic lights in Manhattan, New York City 1 2.",2020,https://doi.org/10.1609/aaai.v34i04.5744,pending,,to_assign,to_assign,doi:https://doi.org/10.1609/aaai.v34i04.5744,,learning,low_priority_review,candidate_background,General learning congestion-control evidence; scope must be checked,include_title_abstract,,not_started,Codex,2026-09-28,Learning-assisted congestion-control background evidence.,pending_full_text,0,open_candidate,https://doi.org/10.1609/aaai.v34i04.5744,,pending_full_text,,Codex,
openalex_Q8_0024,openalex_Q8,openalex,Q8,Congestion control in machine learning clusters,"This paper argues that fair-sharing, the holy grail of congestion control algorithms for decades, is not necessarily a desirable property in Machine Learning (ML) training clusters. We demonstrate that for a specific combination of jobs, introducing unfairness improves the training time for all competing jobs. We call this specific combination of jobs compatible and define the compatibility criterion using a novel geometric abstraction. Our abstraction rolls time around a circle and rotates the communication phases of jobs to identify fully compatible jobs. Using this abstraction, we demonstrate up to 1.3× improvement in the average training iteration time of popular ML models. We advocate that resource management algorithms should take job compatibility on network links into account. We then propose three directions to ameliorate the impact of network congestion in ML training clusters: (i) an adaptively unfair congestion control scheme, (ii) priority queues on switches, and (iii) precise flow scheduling.",2022,https://doi.org/10.1145/3563766.3564115,pending,,to_assign,to_assign,doi:https://doi.org/10.1145/3563766.3564115,,congestion control;fairness;queue;learning,priority_review,candidate_background,General learning congestion-control evidence; scope must be checked,include_title_abstract,,not_started,Codex,2026-09-28,Learning-assisted congestion-control background evidence.,pending_full_text,0,open_candidate,https://dl.acm.org/doi/pdf/10.1145/3563766.3564115 | https://doi.org/10.1145/3563766.3564115,,pending_full_text,,Codex,
openalex_Q8_0025,openalex_Q8,openalex,Q8,"Applications of deep learning in congestion detection, prediction and alleviation: A survey","Detecting, predicting, and alleviating traffic congestion are targeted at improving the level of service of the transportation network. With increasing access to larger datasets of higher resolution, the relevance of deep learning for such tasks is increasing. Several comprehensive survey papers in recent years have summarised the deep learning applications in the transportation domain. However, the system dynamics of the transportation network vary greatly between the non-congested state and the congested state — thereby necessitating the need for a clear understanding of the challenges specific to congestion prediction. In this survey, we present the current state of deep learning applications in the tasks related to detection, prediction, and alleviation of congestion. Recurring and non-recurring congestion are discussed separately. Our survey leads us to uncover inherent challenges and gaps in the current state of research. Finally, we present some suggestions for future research directions as answers to the identified challenges.",2021,https://doi.org/10.1016/j.trc.2021.103432,pending,,to_assign,to_assign,doi:https://doi.org/10.1016/j.trc.2021.103432,,learning,low_priority_review,candidate_background,General learning congestion-control evidence; scope must be checked,include_title_abstract,,not_started,Codex,2026-09-28,Learning-assisted congestion-control background evidence.,pending_full_text,0,open_candidate,https://linkinghub.elsevier.com/science/article/pii/S0968090X21004241/pdfft?md5=7c344499ef77ca0dafb0d0da23485c8f&pid=1-s2.0-S0968090X21004241-main.pdf | https://doi.org/10.1016/j.trc.2021.103432,,pending_full_text,,Codex,
openalex_Q8_0028,openalex_Q8,openalex,Q8,TCP-Drinc: Smart Congestion Control Based on Deep Reinforcement Learning,"As wired/wireless networks become more and more complex, the fundamental assumptions made by many existing TCP variants may not hold true anymore. In this paper, we develop a model-free, smart congestion control algorithm based on deep reinforcement learning, which has a high potential in dealing with the complex and dynamic network environment. We present TCP-Deep ReInforcement learNing-based Congestion control (Drinc) which learns from past experience in the form of a set of measured features to decide how to adjust the congestion window size. We present the TCP-Drinc design and validate its performance with extensive ns-3 simulations and comparison with five benchmark schemes.",2019,https://doi.org/10.1109/access.2019.2892046,pending,,to_assign,to_assign,doi:https://doi.org/10.1109/access.2019.2892046,,congestion control;tcp;wireless;learning,priority_review,candidate_background,General learning congestion-control evidence; scope must be checked,include_title_abstract,,not_started,Codex,2026-09-28,Learning-assisted congestion-control background evidence.,pending_full_text,0,open_candidate,https://ieeexplore.ieee.org/ielx7/6287639/8600701/08610116.pdf | https://doi.org/10.1109/access.2019.2892046,,pending_full_text,,Codex,
openalex_Q8_0029,openalex_Q8,openalex,Q8,A Review of Machine Learning and IoT in Smart Transportation,"With the rise of the Internet of Things (IoT), applications have become smarter and connected devices give rise to their exploitation in all aspects of a modern city. As the volume of the collected data increases, Machine Learning (ML) techniques are applied to further enhance the intelligence and the capabilities of an application. The field of smart transportation has attracted many researchers and it has been approached with both ML and IoT techniques. In this review, smart transportation is considered to be an umbrella term that covers route optimization, parking, street lights, accident prevention/detection, road anomalies, and infrastructure applications. The purpose of this paper is to make a self-contained review of ML techniques and IoT applications in Intelligent Transportation Systems (ITS) and obtain a clear view of the trends in the aforementioned fields and spot possible coverage needs. From the reviewed articles it becomes profound that there is a possible lack of ML coverage for the Smart Lighting Systems and Smart Parking applications. Additionally, route optimization, parking, and accident/detection tend to be the most popular ITS applications among researchers.",2019,https://doi.org/10.3390/fi11040094,pending,,to_assign,to_assign,doi:https://doi.org/10.3390/fi11040094,,learning,low_priority_review,candidate_background,General learning congestion-control evidence; scope must be checked,include_title_abstract,,not_started,Codex,2026-09-28,Learning-assisted congestion-control background evidence.,pending_full_text,0,open_candidate,https://www.mdpi.com/1999-5903/11/4/94/pdf?version=1556100449 | https://doi.org/10.3390/fi11040094,,pending_full_text,,Codex,
openalex_Q8_0031,openalex_Q8,openalex,Q8,Deep Reinforcement Learning for Traffic Signal Control: A Review,"Traffic congestion is a complex, vexing, and growing issue day by day in most urban areas worldwide. The integration of the newly emerging deep learning approach and the traditional reinforcement learning approach has created an advanced approach called deep reinforcement learning (DRL) that has shown promising results in solving high-dimensional and complex problems, including traffic congestion. This article presents a review of the attributes of traffic signal control (TSC), as well as DRL architectures and methods applied to TSC, which helps to understand how DRL has been applied to address traffic congestion and achieve performance enhancement. The review also covers simulation platforms, a complexity analysis, as well as guidelines and design considerations for the application of DRL to TSC. Finally, this article presents open issues and new research areas with the objective to spark new interest in this research field. To the best of our knowledge, this is the first review article that focuses on the application of DRL to TSC.",2020,https://doi.org/10.1109/access.2020.3034141,pending,,to_assign,to_assign,doi:https://doi.org/10.1109/access.2020.3034141,,learning,low_priority_review,candidate_background,General learning congestion-control evidence; scope must be checked,include_title_abstract,,not_started,Codex,2026-09-28,Learning-assisted congestion-control background evidence.,pending_full_text,0,open_candidate,https://ieeexplore.ieee.org/ielx7/6287639/8948470/09241006.pdf | https://doi.org/10.1109/access.2020.3034141,,pending_full_text,,Codex,
openalex_Q8_0033,openalex_Q8,openalex,Q8,Copa: Practical Delay-Based Congestion Control for the Internet.,"Congestion control schemes that are commonly deployed today are loss-based and were developed in the 2000s. The internet has changed dramatically since then, and these schemes are no longer suitable. This has prompted new research interest in this area, ranging from complex machine learning and optimization techniques [1, 2, 3, 4] to exploring usage of hitherto under-explored ack-arrival rate as signals [5, 6, 7]. It has long been recognized that delay-based congestion control overcomes many challenges that loss-based schemes face [8, 9]. However they have challenges of their own that have precluded their deployment. In this work, we identify and solve some of these challenges to create Copa, a practical delay-based congestion control algorithm for the Copa solves three challenges. (1) It periodically empties the queue to accurately measure the minimum (base) RTT, (2) it proposes a simple estimator for queuing delay that is robust to noise in RTT measurements, (3) it introduces TCP-mode switching: normally Copa maintains low delays, but typically delay-sensitive schemes get low throughput when a buffer-filling flow shares the bottleneck. To solve this problem, when Copa detects a non-Copa flow, such as a buffer-filling TCP, it switches to a TCP-competitive mode to get its fair share of the bandwidth. Based on work published at Arun, Venkat, and Hari Balakrishnan. Copa: Practical Delay-Based Congestion Control for the Internet. 15th {USENIX} Symposium on Networked Systems Design and Implementation ({NSDI} 18). USENIX} Association, 2018.",2018,,pending,,to_assign,to_assign,title:copa practical delay based congestion control for the internet,,congestion control;tcp;rtt;buffer;queue;learning,priority_review,candidate_background,General learning congestion-control evidence; scope must be checked,include_title_abstract,,not_started,Codex,2026-09-28,Learning-assisted congestion-control background evidence.,pending_full_text,0,open_candidate,https://hdl.handle.net/1721.1/137382,,pending_full_text,,Codex,
openalex_Q8_0042,openalex_Q8,openalex,Q8,IoT for Smart Cities: Machine Learning Approaches in Smart Healthcare—A Review,"Smart city is a collective term for technologies and concepts that are directed toward making cities efficient, technologically more advanced, greener and more socially inclusive. These concepts include technical, economic and social innovations. This term has been tossed around by various actors in politics, business, administration and urban planning since the 2000s to establish tech-based changes and innovations in urban areas. The idea of the smart city is used in conjunction with the utilization of digital technologies and at the same time represents a reaction to the economic, social and political challenges that post-industrial societies are confronted with at the start of the new millennium. The key focus is on dealing with challenges faced by urban society, such as environmental pollution, demographic change, population growth, healthcare, the financial crisis or scarcity of resources. In a broader sense, the term also includes non-technical innovations that make urban life more sustainable. So far, the idea of using IoT-based sensor networks for healthcare applications is a promising one with the potential of minimizing inefficiencies in the existing infrastructure. A machine learning approach is key to successful implementation of the IoT-powered wireless sensor networks for this purpose since there is large amount of data to be handled intelligently. Throughout this paper, it will be discussed in detail how AI-powered IoT and WSNs are applied in the healthcare sector. This research will be a baseline study for understanding the role of the IoT in smart cities, in particular in the healthcare sector, for future research works.",2021,https://doi.org/10.3390/fi13080218,pending,,to_assign,to_assign,doi:https://doi.org/10.3390/fi13080218,,wireless;learning,priority_review,candidate_background,General learning congestion-control evidence; scope must be checked,include_title_abstract,,not_started,Codex,2026-09-28,Learning-assisted congestion-control background evidence.,pending_full_text,0,open_candidate,https://www.mdpi.com/1999-5903/13/8/218/pdf?version=1629696512 | https://doi.org/10.3390/fi13080218,,pending_full_text,,Codex,
openalex_Q8_0043,openalex_Q8,openalex,Q8,Using a Deep Reinforcement Learning Agent for Traffic Signal Control,"Ensuring transportation systems are efficient is a priority for modern society. Technological advances have made it possible for transportation systems to collect large volumes of varied data on an unprecedented scale. We propose a traffic signal control system which takes advantage of this new, high quality data, with minimal abstraction compared to other proposed systems. We apply modern deep reinforcement learning methods to build a truly adaptive traffic signal control agent in the traffic microsimulator SUMO. We propose a new state space, the discrete traffic state encoding, which is information dense. The discrete traffic state encoding is used as input to a deep convolutional neural network, trained using Q-learning with experience replay. Our agent was compared against a one hidden layer neural network traffic signal control agent and reduces average cumulative delay by 82%, average queue length by 66% and average travel time by 20%.",2016,https://doi.org/10.48550/arxiv.1611.01142,pending,,to_assign,to_assign,doi:https://doi.org/10.48550/arxiv.1611.01142,,queue;learning,priority_review,candidate_background,General learning congestion-control evidence; scope must be checked,include_title_abstract,,not_started,Codex,2026-09-28,Learning-assisted congestion-control background evidence.,pending_full_text,0,open_candidate,https://arxiv.org/pdf/1611.01142 | https://arxiv.org/abs/1611.01142,,pending_full_text,,Codex,
openalex_Q8_0051,openalex_Q8,openalex,Q8,Multi-Agent Reinforcement Learning-Based Resource Allocation for UAV Networks,"Unmanned aerial vehicles (UAVs) are capable of serving as aerial base stations (BSs) for providing both cost-effective and on-demand wireless communications. This article investigates dynamic resource allocation of multiple UAVs enabled communication networks with the goal of maximizing long-term rewards. More particularly, each UAV communicates with a ground user by automatically selecting its communicating user, power level and subchannel without any information exchange among UAVs. To model the dynamics and uncertainty in environments, we formulate the long-term resource allocation problem as a stochastic game for maximizing the expected rewards, where each UAV becomes a learning agent and each resource allocation solution corresponds to an action taken by the UAVs. Afterwards, we develop a multi-agent reinforcement learning (MARL) framework that each agent discovers its best strategy according to its local observations using learning. More specifically, we propose an agent-independent method, for which all agents conduct a decision algorithm independently but share a common structure based on Q-learning. Finally, simulation results reveal that: 1) appropriate parameters for exploitation and exploration are capable of enhancing the performance of the proposed MARL based resource allocation algorithm; 2) the proposed MARL algorithm provides acceptable performance compared to the case with complete information exchanges among UAVs. By doing so, it strikes a good tradeoff between performance gains and information exchange overheads.",2019,https://doi.org/10.1109/twc.2019.2935201,pending,,to_assign,to_assign,doi:https://doi.org/10.1109/twc.2019.2935201,,wireless;learning,priority_review,candidate_background,General learning congestion-control evidence; scope must be checked,include_title_abstract,,not_started,Codex,2026-09-28,Learning-assisted congestion-control background evidence.,pending_full_text,0,open_candidate,https://ieeexplore.ieee.org/ielx7/7693/8994112/08807386.pdf | https://doi.org/10.1109/twc.2019.2935201,,pending_full_text,,Codex,
openalex_Q8_0052,openalex_Q8,openalex,Q8,Reinforcement learning in urban network traffic signal control: A systematic literature review,"Improvement of traffic signal control (TSC) efficiency has been found to lead to improved urban transportation and enhanced quality of life. Recently, the use of reinforcement learning (RL) in various areas of TSC has gained significant traction; thus, we conducted a systematic literature review as a systematic, comprehensive, and reproducible review to dissect all the existing research that applied RL in the network-level TSC domain, called as RL in NTSC or RL-NTSC for brevity. The review only targeted the network-level articles that tested the proposed methods in networks with two or more intersections. This review covers 160 peer-reviewed articles from 30 countries published from 1994 to March 2020. The goal of this study is to provide the research community with statistical and conceptual knowledge, summarize existence evidence, characterize RL applications in NTSC domains, explore all applied methods and major first events in the defined scope, and identify areas for further research based on the explored research problems in current research. We analyzed the extracted data from the included articles in the following seven categories: (i) publication and authors’ data, (ii) method identification and analysis, (iii) environment attributes and traffic simulation, (iv) application domains of RL-NTSC, (v) major first events of RL-NTSC and authors’ key statements, (vi) code availability, and (vii) evaluation. This paper provides a comprehensive view of the past 26 years of research on applying RL to NTSC. It also reveals the role of advancing deep learning methods in the revival of the research area, the rise of using non-commercial microscopic traffic simulators, a lack of interaction between traffic and transportation engineering practitioners and researchers, and a lack of proposal and creation of testbeds which can likely bring different communities together around common goals.",2022,https://doi.org/10.1016/j.eswa.2022.116830,pending,,to_assign,to_assign,doi:https://doi.org/10.1016/j.eswa.2022.116830,,learning,low_priority_review,candidate_background,General learning congestion-control evidence; scope must be checked,include_title_abstract,,not_started,Codex,2026-09-28,Learning-assisted congestion-control background evidence.,pending_full_text,0,open_candidate,https://www.sciencedirect.com/science/article/pii/S0957417422002858/pdf | https://doi.org/10.1016/j.eswa.2022.116830,,pending_full_text,,Codex,
openalex_Q8_0057,openalex_Q8,openalex,Q8,Efficient Large-Scale Fleet Management via Multi-Agent Deep Reinforcement Learning,"Large-scale online ride-sharing platforms have substantially transformed our lives by reallocating transportation resources to alleviate traffic congestion and promote transportation efficiency. An efficient fleet management strategy not only can significantly improve the utilization of transportation resources but also increase the revenue and customer satisfaction. It is a challenging task to design an effective fleet management strategy that can adapt to an environment involving complex dynamics between demand and supply. Existing studies usually work on a simplified problem setting that can hardly capture the complicated stochastic demand-supply variations in high-dimensional space. In this paper we propose to tackle the large-scale fleet management problem using reinforcement learning, and propose a contextual multi-agent reinforcement learning framework including two concrete algorithms, namely contextual deep Q-learning and contextual multi-agent actor-critic, to achieve explicit coordination among a large number of agents adaptive to different contexts. We show significant improvements of the proposed framework over state-of-the-art approaches through extensive empirical studies.",2018,https://doi.org/10.1145/3219819.3219993,pending,,to_assign,to_assign,doi:https://doi.org/10.1145/3219819.3219993,,learning,low_priority_review,candidate_background,General learning congestion-control evidence; scope must be checked,include_title_abstract,,not_started,Codex,2026-09-28,Learning-assisted congestion-control background evidence.,pending_full_text,0,open_candidate,https://dl.acm.org/doi/pdf/10.1145/3219819.3219993 | https://doi.org/10.1145/3219819.3219993,,pending_full_text,,Codex,
openalex_Q8_0071,openalex_Q8,openalex,Q8,"City-Wide Traffic Congestion Prediction Based on CNN, LSTM and Transpose CNN","Traffic congestion is a significant problem faced by large and growing cities that hurt the economy, commuters, and the environment. Forecasting the congestion level of a road network timely can prevent its formation and increase the efficiency and capacity of the road network. However, despite its importance, traffic congestion prediction is not a hot topic among the researcher and traffic engineers. It is due to the lack of high-quality city-wide traffic data and computationally efficient algorithms for traffic prediction. In this paper, we propose (i) an efficient and inexpensive city-wide data acquisition scheme by taking a snapshot of traffic congestion map from an open-source online web service; Seoul Transportation Operation and Information Service (TOPIS), and (ii) a hybrid neural network architecture formed by combing Convolutional Neural Network, Long Short-Term Memory, and Transpose Convolutional Neural Network to extract the spatial and temporal information from the input image to predict the network-wide congestion level. Our experiment shows that the proposed model can efficiently and effectively learn both spatial and temporal relationships for traffic congestion prediction. Our model outperforms two other deep neural networks (Auto-encoder and ConvLSTM) in terms of computational efficiency and prediction performance.",2020,https://doi.org/10.1109/access.2020.2991462,pending,,to_assign,to_assign,doi:https://doi.org/10.1109/access.2020.2991462,,,low_priority_review,manual_check,No safe automatic exclusion from title/abstract alone,include_title_abstract,,not_started,Codex,2026-09-28,Learning-assisted congestion-control background evidence.,pending_full_text,0,open_candidate,https://ieeexplore.ieee.org/ielx7/6287639/8948470/09082667.pdf | https://doi.org/10.1109/access.2020.2991462,,pending_full_text,,Codex,
openalex_Q8_0080,openalex_Q8,openalex,Q8,A Reinforcement Learning-Based Congestion Control Approach for V2V Communication in VANET,"Vehicular ad hoc networks (VANETs) are crucial components of intelligent transportation systems (ITS) aimed at enhancing road safety and providing additional services to vehicles and their users. To achieve reliable delivery of periodic status information, referred to as basic safety messages (BSMs) and event-driven alerts, vehicles need to manage the conflicting requirements of situational awareness and congestion control in a dynamic environment. To address this challenge, this paper focuses on controlling the message transmission rate through a Markov decision process (MDP) and solves it using a novel reinforcement learning (RL) algorithm. The proposed RL approach selects the most suitable transmission rate based on the current channel conditions, resulting in a balanced performance in terms of packet delivery and channel congestion, as shown by simulation results for different traffic scenarios. Additionally, the proposed approach offers increased flexibility for adaptive congestion control through the design of an appropriate reward function.",2023,https://doi.org/10.3390/app13063640,pending,,to_assign,to_assign,doi:https://doi.org/10.3390/app13063640,,congestion control;learning,priority_review,candidate_background,General learning congestion-control evidence; scope must be checked,include_title_abstract,,not_started,Codex,2026-09-28,Learning-assisted congestion-control background evidence.,pending_full_text,0,open_candidate,https://www.mdpi.com/2076-3417/13/6/3640/pdf?version=1678690541 | https://doi.org/10.3390/app13063640,,pending_full_text,,Codex,
openalex_Q8_0087,openalex_Q8,openalex,Q8,Toward Edge-Based Deep Learning in Industrial Internet of Things,"As a typical application of the Internet of Things (IoT), the Industrial IoT (IIoT) connects all the related IoT sensing and actuating devices ubiquitously so that the monitoring and control of numerous industrial systems can be realized. Deep learning, as one viable way to carry out big-data-driven modeling and analysis, could be integrated in IIoT systems to aid the automation and intelligence of IIoT systems. As deep learning requires large computation power, it is commonly deployed in cloud servers. Thus, the data collected by IoT devices must be transmitted to the cloud for training process, contributing to network congestion and affecting the IoT network performance as well as the supported applications. To address this issue, in this article, we leverage the fog/edge computing paradigm and propose an edge computing-based deep learning model, which utilizes edge computing to migrate the deep learning process from cloud servers to edge nodes, reducing data transmission demands in the IIoT network and mitigating network congestion. Since edge nodes have limited computation ability compared to servers, we design a mechanism to optimize the deep learning model so that its requirements for computational power can be reduced. To evaluate our proposed solution, we design a testbed implemented in the Google cloud and deploy the proposed convolutional neural network (CNN) model, utilizing a real-world IIoT data set to evaluate our approach.1Our experimental results confirm the effectiveness of our approach, which cannot only reduce the network traffic overhead for IIoT but also maintain the classification accuracy in comparison with several baseline schemes.1Certain commercial equipment, instruments, or materials are identified in this article in order to specify the experimental procedure adequately. Such identification is not intended to imply recommendation or endorsement by the National Institute of Standards and Technology, nor is it intended to imply that the materials or equipment identified are necessarily the best available for the purpose.",2020,https://doi.org/10.1109/jiot.2019.2963635,pending,,to_assign,to_assign,doi:https://doi.org/10.1109/jiot.2019.2963635,,learning,low_priority_review,candidate_background,General learning congestion-control evidence; scope must be checked,include_title_abstract,,not_started,Codex,2026-09-28,Learning-assisted congestion-control background evidence.,pending_full_text,0,open_candidate,https://pmc.ncbi.nlm.nih.gov/articles/PMC10938735/pdf/nihms-1588405.pdf | https://www.ncbi.nlm.nih.gov/pmc/articles/10938735,,pending_full_text,,Codex,
openalex_Q8_0092,openalex_Q8,openalex,Q8,Towards Transparent Traffic Solutions: Reinforcement Learning and Explainable AI for Traffic Congestion,"This study introduces a novel approach to traffic congestion detection using Reinforcement Learning (RL) of machine learning classifiers enhanced by Explainable Artificial Intelligence (XAI) techniques in Smart City (SC). Conventional traffic management systems rely on static rules, and heuristics face challenges in dynamically addressing urban traffic problems' complexities. This study explains the novel Reinforcement Learning (RL) framework integrated with an Explainable Artificial Intelligence (XAI) approach to deliver more transparent results. The model significantly reduces the missing data rate and improves overall prediction accuracy by incorporating RL for real-time adaptability and XAI for clarity. The proposed method enhances security, privacy, and prediction accuracy for traffic congestion detection by using Machine Learning (ML). Using RL for adaptive learning and XAI for interpretability, the proposed model achieves improved prediction and reduces the missing data rate, with an accuracy of 98.10, which is better than the existing methods.",2025,https://doi.org/10.14569/ijacsa.2025.0160150,pending,,to_assign,to_assign,doi:https://doi.org/10.14569/ijacsa.2025.0160150,,learning,low_priority_review,candidate_background,General learning congestion-control evidence; scope must be checked,include_title_abstract,,not_started,Codex,2026-09-28,Learning-assisted congestion-control background evidence.,pending_full_text,0,open_candidate,https://thesai.org/Downloads/Volume16No1/Paper_50-Towards_Transparent_Traffic_Solutions_Reinforcement_Learning.pdf | https://doi.org/10.14569/ijacsa.2025.0160150,,pending_full_text,,Codex,
openalex_Q8_0098,openalex_Q8,openalex,Q8,Crop Yield Prediction Using Deep Reinforcement Learning Model for Sustainable Agrarian Applications,"Predicting crop yield based on the environmental, soil, water and crop parameters has been a potential research topic. Deep-learning-based models are broadly used to extract significant crop features for prediction. Though these methods could resolve the yield prediction problem there exist the following inadequacies: Unable to create a direct non-linear or linear mapping between the raw data and crop yield values; and the performance of those models highly relies on the quality of the extracted features. Deep reinforcement learning provides direction and motivation for the aforementioned shortcomings. Combining the intelligence of reinforcement learning and deep learning, deep reinforcement learning builds a complete crop yield prediction framework that can map the raw data to the crop prediction values. The proposed work constructs a Deep Recurrent Q-Network model which is a Recurrent Neural Network deep learning algorithm over the Q-Learning reinforcement learning algorithm to forecast the crop yield. The sequentially stacked layers of Recurrent Neural network is fed by the data parameters. The Q- learning network constructs a crop yield prediction environment based on the input parameters. A linear layer maps the Recurrent Neural Network output values to the Q-values. The reinforcement learning agent incorporates a combination of parametric features with the threshold that assist in predicting crop yield. Finally, the agent receives an aggregate score for the actions performed by minimizing the error and maximizing the forecast accuracy. The proposed model efficiently predicts the crop yield outperforming existing models by preserving the original data distribution with an accuracy of 93.7%.",2020,https://doi.org/10.1109/access.2020.2992480,pending,,to_assign,to_assign,doi:https://doi.org/10.1109/access.2020.2992480,,learning,low_priority_review,candidate_background,General learning congestion-control evidence; scope must be checked,include_title_abstract,,not_started,Codex,2026-09-28,Learning-assisted congestion-control background evidence.,pending_full_text,0,open_candidate,https://ieeexplore.ieee.org/ielx7/6287639/8948470/09086620.pdf | https://doi.org/10.1109/access.2020.2992480,,pending_full_text,,Codex,
openalex_Q8_0100,openalex_Q8,openalex,Q8,Survey on decentralized congestion control methods for vehicular communication,"Vehicular communications have grown in interest over the years and are nowadays recognized as a pillar for the Intelligent Transportation Systems (ITSs) in order to ensure an efficient management of the road traffic and to achieve a reduction in the number of traffic accidents. To support the safety applications, both the ETSI ITS-G5 and IEEE 1609 standard families require each vehicle to deliver periodic awareness messages throughout the neighborhood. As the vehicles density grows, the scenario dynamics may require a high message exchange that can easily lead to a radio channel congestion issue and then to a degradation on safety critical services. ETSI has defined a Decentralized Congestion Control (DCC) mechanism to mitigate the channel congestion acting on the transmission parameters (i.e., message rate, transmit power and data-rate) with performances that vary according to the specific algorithm. In this paper, a review of the DCC standardization activities is proposed as well as an analysis of the existing methods and algorithms for the congestion mitigation. Also, some applied machine learning techniques for DCC are addressed.",2021,https://doi.org/10.1016/j.vehcom.2021.100394,pending,,to_assign,to_assign,doi:https://doi.org/10.1016/j.vehcom.2021.100394,,congestion control;learning,priority_review,candidate_background,General learning congestion-control evidence; scope must be checked,include_title_abstract,,not_started,Codex,2026-09-28,Learning-assisted congestion-control background evidence.,pending_full_text,0,open_candidate,https://www.sciencedirect.com/science/article/pii/S2214209621000632/pdf | https://doi.org/10.1016/j.vehcom.2021.100394,,pending_full_text,,Codex,
openalex_Q8_0104,openalex_Q8,openalex,Q8,Machine Learning Technologies for Secure Vehicular Communication in Internet of Vehicles: Recent Advances and Applications,"Recently, interest in Internet of Vehicles’ (IoV) technologies has significantly emerged due to the substantial development in the smart automobile industries. Internet of Vehicles’ technology enables vehicles to communicate with public networks and interact with the surrounding environment. It also allows vehicles to exchange and collect information about other vehicles and roads. IoV is introduced to enhance road users’ experience by reducing road congestion, improving traffic management, and ensuring the road safety. The promised applications of smart vehicles and IoV systems face many challenges, such as big data collection in IoV and distribution to attractive vehicles and humans. Another challenge is achieving fast and efficient communication between many different vehicles and smart devices called Vehicle-to-Everything (V2X). One of the vital questions that the researchers need to address is how to effectively handle the privacy of large groups of data and vehicles in IoV systems. Artificial Intelligence technology offers many smart solutions that may help IoV networks address all these questions and issues. Machine learning (ML) is one of the highest efficient AI tools that have been extensively used to resolve all mentioned problematic issues. For example, ML can be used to avoid road accidents by analyzing the driving behavior and environment by sensing data of the surrounding environment. Machine learning mechanisms are characterized by the time change and are critical to channel modeling in-vehicle network scenarios. This paper aims to provide theoretical foundations for machine learning and the leading models and algorithms to resolve IoV applications’ challenges. This paper has conducted a critical review with analytical modeling for offloading mobile edge-computing decisions based on machine learning and Deep Reinforcement Learning (DRL) approaches for the Internet of Vehicles (IoV). The paper has assumed a Secure IoV edge-computing offloading model with various data processing and traffic flow. The proposed analytical model considers the Markov decision process (MDP) and ML in offloading the decision process of different task flows of the IoV network control cycle. In the paper, we focused on buffer and energy aware in ML-enabled Quality of Experience (QoE) optimization, where many recent related research and methods were analyzed, compared, and discussed. The IoV edge computing and fog-based identity authentication and security mechanism were presented as well. Finally, future directions and potential solutions for secure ML IoV and V2X were highlighted.",2021,https://doi.org/10.1155/2021/8868355,pending,,to_assign,to_assign,doi:https://doi.org/10.1155/2021/8868355,,buffer;learning,priority_review,candidate_background,General learning congestion-control evidence; scope must be checked,include_title_abstract,,not_started,Codex,2026-09-28,Learning-assisted congestion-control background evidence.,pending_full_text,0,open_candidate,https://downloads.hindawi.com/journals/scn/2021/8868355.pdf | https://doi.org/10.1155/2021/8868355,,pending_full_text,,Codex,
openalex_Q8_0110,openalex_Q8,openalex,Q8,Cellular Network Traffic Scheduling With Deep Reinforcement Learning,"Modern mobile networks are facing unprecedented growth in demand due to a new class of traffic from Internet of Things (IoT) devices such as smart wearables and autonomous cars. Future networks must schedule delay-tolerant software updates, data backup, and other transfers from IoT devices while maintaining strict service guarantees for conventional real-time applications such as voice-calling and video. This problem is extremely challenging because conventional traffic is highly dynamic across space and time, so its performance is significantly impacted if all IoT traffic is scheduled immediately when it originates. In this paper, we present a reinforcement learning (RL) based scheduler that can dynamically adapt to traffic variation, and to various reward functions set by network operators, to optimally schedule IoT traffic. Using 4 weeks of real network data from downtown Melbourne, Australia spanning diverse traffic patterns, we demonstrate that our RL scheduler can enable mobile networks to carry 14.7% more data with minimal impact on existing traffic, and outpeforms heuristic schedulers by more than 2x. Our work is a valuable step towards designing autonomous, ""self-driving"" networks that learn to manage themselves from past data.",2018,https://doi.org/10.1609/aaai.v32i1.11339,pending,,to_assign,to_assign,doi:https://doi.org/10.1609/aaai.v32i1.11339,,learning,low_priority_review,candidate_background,General learning congestion-control evidence; scope must be checked,include_title_abstract,,not_started,Codex,2026-09-28,Learning-assisted congestion-control background evidence.,pending_full_text,0,open_candidate,https://doi.org/10.1609/aaai.v32i1.11339,,pending_full_text,,Codex,
openalex_Q8_0123,openalex_Q8,openalex,Q8,"Maximization, learning, and economic behavior","The rationality assumption that underlies mainstream economic theory has proved to be a useful approximation, despite the fact that systematic violations to its predictions can be found. That is, the assumption of rational behavior is useful in understanding the ways in which many successful economic institutions function, although it is also true that actual human behavior falls systematically short of perfect rationality. We consider a possible explanation of this apparent inconsistency, suggesting that mechanisms that rest on the rationality assumption are likely to be successful when they create an environment in which the behavior they try to facilitate leads to the best payoff for all agents on average, and most of the time. Review of basic learning research suggests that, under these conditions, people quickly learn to maximize expected return. This review also shows that there are many situations in which experience does not increase maximization. In many cases, experience leads people to underweight rare events. In addition, the current paper suggests that it is convenient to distinguish between two behavioral approaches to improve economic analyses. The first, and more conventional approach among behavioral economists and psychologists interested in judgment and decision making, highlights violations of the rational model and proposes descriptive models that capture these violations. The second approach studies human learning to clarify the conditions under which people quickly learn to maximize expected return. The current review highlights one set of conditions of this type and shows how the understanding of these conditions can facilitate market design.",2014,https://doi.org/10.1073/pnas.1402846111,pending,,to_assign,to_assign,doi:https://doi.org/10.1073/pnas.1402846111,,quic;learning,priority_review,candidate_background,General learning congestion-control evidence; scope must be checked,include_title_abstract,,not_started,Codex,2026-09-28,Learning-assisted congestion-control background evidence.,pending_full_text,0,open_candidate,https://www.pnas.org/content/pnas/111/Supplement_3/10818.full.pdf | https://doi.org/10.1073/pnas.1402846111,,pending_full_text,,Codex,
openalex_Q8_0131,openalex_Q8,openalex,Q8,DeepPool: Distributed Model-Free Algorithm for Ride-Sharing Using Deep Reinforcement Learning,"The success of modern ride-sharing platforms crucially depends on the profit of the ride-sharing fleet operating companies, and how efficiently the resources are managed. Further, ride-sharing allows sharing costs and, hence, reduces the congestion and emission by making better use of vehicle capacities. In this paper, we develop a distributed model-free, DeepPool, that uses deep Q-network (DQN) techniques to learn optimal dispatch policies by interacting with the environment. Further, DeepPool efficiently incorporates travel demand statistics and deep learning models to manage dispatching vehicles for improved ride sharing services. Using real-world dataset of taxi trip records in New York, DeepPool performs better than other strategies, proposed in the literature, that do not consider ride sharing or do not dispatch the vehicles to regions where the future demand is anticipated. Finally, DeepPool can adapt rapidly to dynamic environments since it is implemented in a distributed manner in which each vehicle solves its own DQN individually without coordination.",2019,https://doi.org/10.1109/tits.2019.2931830,pending,,to_assign,to_assign,doi:https://doi.org/10.1109/tits.2019.2931830,,learning,low_priority_review,candidate_background,General learning congestion-control evidence; scope must be checked,include_title_abstract,,not_started,Codex,2026-09-28,Learning-assisted congestion-control background evidence.,pending_full_text,0,open_candidate,https://arxiv.org/pdf/1903.03882 | https://arxiv.org/abs/1903.03882,,pending_full_text,,Codex,
openalex_Q8_0138,openalex_Q8,openalex,Q8,"Edge Artificial Intelligence for 6G: Vision, Enabling Technologies, and Applications","The thriving of artificial intelligence (AI) applications is driving the further evolution of wireless networks. It has been envisioned that 6G will be transformative and will revolutionize the evolution of wireless from “connected things” to “connected intelligence”. However, state-of-the-art deep learning and big data analytics based AI systems require tremendous computation and communication resources, causing significant latency, energy consumption, network congestion, and privacy leakage in both of the training and inference processes. By embedding model training and inference capabilities into the network edge, edge AI stands out as a disruptive technology for 6G to seamlessly integrate sensing, communication, computation, and intelligence, thereby improving the efficiency, effectiveness, privacy, and security of 6G networks. In this paper, we shall provide our vision for scalable and trustworthy edge AI systems with integrated design of wireless communication strategies and decentralized machine learning models. New design principles of wireless networks, service-driven resource allocation optimization methods, as well as a holistic end-to-end system architecture to support edge AI will be described. Standardization, software and hardware platforms, and application scenarios are also discussed to facilitate the industrialization and commercialization of edge AI systems.",2021,https://doi.org/10.1109/jsac.2021.3126076,pending,,to_assign,to_assign,doi:https://doi.org/10.1109/jsac.2021.3126076,,wireless;learning,priority_review,candidate_background,General learning congestion-control evidence; scope must be checked,include_title_abstract,,not_started,Codex,2026-09-28,Learning-assisted congestion-control background evidence.,pending_full_text,0,open_candidate,https://ieeexplore.ieee.org/ielx7/49/9653871/09606720.pdf | https://doi.org/10.1109/jsac.2021.3126076,,pending_full_text,,Codex,
openalex_Q8_0139,openalex_Q8,openalex,Q8,Smart Detection: An Online Approach for DoS/DDoS Attack Detection Using Machine Learning,"Users and Internet service providers (ISPs) are constantly affected by denial-of-service (DoS) attacks. This cyber threat continues to grow even with the development of new protection technologies. Developing mechanisms to detect this threat is a current challenge in network security. This article presents a machine learning- (ML-) based DoS detection system. The proposed approach makes inferences based on signatures previously extracted from samples of network traffic. The experiments were performed using four modern benchmark datasets. The results show an online detection rate (DR) of attacks above 96%, with high precision (PREC) and low false alarm rate (FAR) using a sampling rate (SR) of 20% of network traffic.",2019,https://doi.org/10.1155/2019/1574749,pending,,to_assign,to_assign,doi:https://doi.org/10.1155/2019/1574749,,learning,low_priority_review,candidate_background,General learning congestion-control evidence; scope must be checked,include_title_abstract,,not_started,Codex,2026-09-28,Learning-assisted congestion-control background evidence.,pending_full_text,0,open_candidate,https://downloads.hindawi.com/journals/scn/2019/1574749.pdf | https://doi.org/10.1155/2019/1574749,,pending_full_text,,Codex,
openalex_Q8_0141,openalex_Q8,openalex,Q8,"Federated learning: Overview, strategies, applications, tools and future directions","Federated learning (FL) is a distributed machine learning process, which allows multiple nodes to work together to train a shared model without exchanging raw data. It offers several key advantages, such as data privacy, security, efficiency, and scalability, by keeping data local and only exchanging model updates through the communication network. This review paper provides a comprehensive overview of federated learning, including its principles, strategies, applications, and tools along with opportunities, challenges, and future research directions. The findings of this paper emphasize that federated learning strategies can significantly help overcome privacy and confidentiality concerns, particularly for high-risk applications.",2024,https://doi.org/10.1016/j.heliyon.2024.e38137,pending,,to_assign,to_assign,doi:https://doi.org/10.1016/j.heliyon.2024.e38137,,learning,low_priority_review,candidate_background,General learning congestion-control evidence; scope must be checked,include_title_abstract,,not_started,Codex,2026-09-28,Learning-assisted congestion-control background evidence.,pending_full_text,0,open_candidate,https://doi.org/10.1016/j.heliyon.2024.e38137,,pending_full_text,,Codex,
openalex_Q8_0143,openalex_Q8,openalex,Q8,Efficient Reinforcement Learning-Based Transmission Control for Mitigating Channel Congestion in 5G V2X Sidelink,"Channel congestion has been an open challenge for vehicular networks due to the limited resource of communication channels. Explosion of channel access requests from a massive number of transmitter vehicles can exhaust bandwidth and then degrade transmission quality. The rapid drop of messages (because of the high bit error rate in the transmission congestion condition) can threaten the safety of connected vehicles. Maintaining congestion-free communications is then essential to improve the reliability for vehicular networks, including Cellular-V2X (C-V2X)-based cooperative intelligent transport systems and road-safety applications. In this work, we present a novel intelligent transmission control model, namely DEEPCUT, to automatically adjust the message broadcasting rate of a transmitter vehicle. DEEPCUT works based on a Double Deep Q-learning Networks with Prioritized Experience Relay framework. DEEPCUT encourages the transmitter vehicle to (1) reduce its broadcasting rate if the vehicle is maintaining a safe distance from its neighbors and (2) increase the rate if the vehicle is approaching the others at a high-risk distance, all done by using reward/punish strategies. The evaluation results show that DEEPCUT can cut up 16% redundant data while increasing 22% packet reception rate compared with baseline models, particularly in crowd vehicular communications. Our risk-based transmission control can be an excellent complement to address the congestion when the channel cannot satisfy every vehicle’s resource requests. At best, the risk assessment-based approach in our congestion control method can provide a novel material to enhance Decentralized Congestion Control (DCC) for 5G V2X sidelink in the coming specifications.",2022,https://doi.org/10.1109/access.2022.3182021,pending,,to_assign,to_assign,doi:https://doi.org/10.1109/access.2022.3182021,,congestion control;learning,priority_review,candidate_background,General learning congestion-control evidence; scope must be checked,include_title_abstract,,not_started,Codex,2026-09-28,Learning-assisted congestion-control background evidence.,pending_full_text,0,open_candidate,https://ieeexplore.ieee.org/ielx7/6287639/6514899/09793684.pdf | https://doi.org/10.1109/access.2022.3182021,,pending_full_text,,Codex,
openalex_Q8_0149,openalex_Q8,openalex,Q8,Multi-Agent Deep Reinforcement Learning for Large-Scale Traffic Signal Control with Spatio-Temporal Attention Mechanism,"Traffic congestion in large-scale road networks significantly impacts urban sustainability. Traditional traffic signal control methods lack adaptability to dynamic traffic conditions. Recently, deep reinforcement learning (DRL) has emerged as a promising solution for optimizing signal control. This study proposes a Multi-Agent Deep Reinforcement Learning (MADRL) framework for large-scale traffic signal control. The framework employs spatio-temporal attention networks to extract relevant traffic patterns and a hierarchical reinforcement learning strategy for coordinated multi-agent optimization. The problem is formulated as a Markov Decision Process (MDP) with a novel reward function that balances vehicle waiting time, throughput, and fairness. We validate our approach on simulated large-scale traffic scenarios using SUMO (Simulation of Urban Mobility). Experimental results demonstrate that our framework reduces vehicle waiting time by 25% compared to baseline methods while maintaining scalability across different road network sizes. The proposed spatio-temporal multi-agent reinforcement learning framework effectively optimizes large-scale traffic signal control, providing a scalable and efficient solution for smart urban transportation.",2025,https://doi.org/10.3390/app15158605,pending,,to_assign,to_assign,doi:https://doi.org/10.3390/app15158605,,fairness;learning,priority_review,candidate_background,General learning congestion-control evidence; scope must be checked,include_title_abstract,,not_started,Codex,2026-09-28,Learning-assisted congestion-control background evidence.,pending_full_text,0,open_candidate,https://www.mdpi.com/2076-3417/15/15/8605/pdf | https://doi.org/10.3390/app15158605,,pending_full_text,,Codex,
openalex_Q8_0157,openalex_Q8,openalex,Q8,Iroko: A Framework to Prototype Reinforcement Learning for Data Center Traffic Control,"Recent networking research has identified that data-driven congestion control (CC) can be more efficient than traditional CC in TCP. Deep reinforcement learning (RL), in particular, has the potential to learn optimal network policies. However, RL suffers from instability and over-fitting, deficiencies which so far render it unacceptable for use in datacenter networks. In this paper, we analyze the requirements for RL to succeed in the datacenter context. We present a new emulator, Iroko, which we developed to support different network topologies, congestion control algorithms, and deployment scenarios. Iroko interfaces with the OpenAI gym toolkit, which allows for fast and fair evaluation of different RL and traditional CC algorithms under the same conditions. We present initial benchmarks on three deep RL algorithms compared to TCP New Vegas and DCTCP. Our results show that these algorithms are able to learn a CC policy which exceeds the performance of TCP New Vegas on a dumbbell and fat-tree topology. We make our emulator open-source and publicly available: https://github.com/dcgym/iroko",2018,https://doi.org/10.48550/arxiv.1812.09975,pending,,to_assign,to_assign,doi:https://doi.org/10.48550/arxiv.1812.09975,,congestion control;tcp;learning,priority_review,candidate_background,General learning congestion-control evidence; scope must be checked,include_title_abstract,,not_started,Codex,2026-09-28,Learning-assisted congestion-control background evidence.,pending_full_text,0,open_candidate,https://arxiv.org/pdf/1812.09975 | http://arxiv.org/abs/1812.09975,,pending_full_text,,Codex,
openalex_Q8_0166,openalex_Q8,openalex,Q8,"Federated Learning and Meta Learning: Approaches, Applications, and Directions","Over the past few years, significant advancements have been made in the field of machine learning (ML) to address resource management, interference management, autonomy, and decision-making in wireless networks. Traditional ML approaches rely on centralized methods, where data is collected at a central server for training. However, this approach poses a challenge in terms of preserving the data privacy of devices. To address this issue, federated learning (FL) has emerged as an effective solution that allows edge devices to collaboratively train ML models without compromising data privacy. In FL, local datasets are not shared, and the focus is on learning a global model for a specific task involving all devices. However, FL has limitations when it comes to adapting the model to devices with different data distributions. In such cases, meta learning is considered, as it enables the adaptation of learning models to different data distributions using only a few data samples. In this tutorial, we present a comprehensive review of FL, meta learning, and federated meta learning (FedMeta). Unlike other tutorial papers, our objective is to explore how FL, meta learning, and FedMeta methodologies can be designed, optimized, and evolved, and their applications over wireless networks. We also analyze the relationships among these learning algorithms and examine their advantages and disadvantages in real-world applications.",2023,https://doi.org/10.1109/comst.2023.3330910,pending,,to_assign,to_assign,doi:https://doi.org/10.1109/comst.2023.3330910,,wireless;learning,priority_review,candidate_background,General learning congestion-control evidence; scope must be checked,include_title_abstract,,not_started,Codex,2026-09-28,Learning-assisted congestion-control background evidence.,pending_full_text,0,open_candidate,https://qmro.qmul.ac.uk/xmlui/bitstream/123456789/98039/2/Xiaonan_COMST_23.pdf | https://qmro.qmul.ac.uk/xmlui/handle/123456789/98039,,pending_full_text,,Codex,
openalex_Q8_0169,openalex_Q8,openalex,Q8,A deep-learning model for urban traffic flow prediction with traffic events mined from twitter,"Abstract Short-term traffic parameter forecasting is critical to modern urban traffic management and control systems. Predictive accuracy in data-driven traffic models is reduced when exposed to non-recurring or non-routine traffic events, such as accidents, road closures, and extreme weather conditions. The analytical mining of data from social networks – specifically twitter – can improve urban traffic parameter prediction by complementing traffic data with data representing events capable of disrupting regular traffic patterns reported in social media posts. This paper proposes a deep learning urban traffic prediction model that combines information extracted from tweet messages with traffic and weather information. The predictive model adopts a deep Bi-directional Long Short-Term Memory (LSTM) stacked autoencoder (SAE) architecture for multi-step traffic flow prediction trained using tweets, traffic and weather datasets. The model is evaluated on an urban road network in Greater Manchester, United Kingdom. The findings from extensive empirical analysis using real-world data demonstrate the effectiveness of the approach in improving prediction accuracy when compared to other classical/statistical and machine learning (ML) state-of-the-art models. The improvement in predictive accuracy can lead to reduced frustration for road users, cost savings for businesses, and less harm to the environment.",2020,https://doi.org/10.1007/s11280-020-00800-3,pending,,to_assign,to_assign,doi:https://doi.org/10.1007/s11280-020-00800-3,,learning,low_priority_review,candidate_background,General learning congestion-control evidence; scope must be checked,include_title_abstract,,not_started,Codex,2026-09-28,Learning-assisted congestion-control background evidence.,pending_full_text,0,open_candidate,https://link.springer.com/content/pdf/10.1007/s11280-020-00800-3.pdf | https://doi.org/10.1007/s11280-020-00800-3,,pending_full_text,,Codex,
openalex_Q8_0171,openalex_Q8,openalex,Q8,OpenNetLab: Open Platform for RL-based Congestion Control for Real-Time Communications,"With the growing importance of real-time communications (RTC), designing congestion control (CC) algorithms for RTC that achieve high network performance and QoE is gaining attention. Recently, data-driven, reinforcement learning (RL)-based CC algorithms for RTC have shown great potential, outperforming traditional rule-based counterparts. However, there are no open platforms tailored for training, evaluation, and validation of the algorithms that can facilitate this emerging research area.",2022,https://doi.org/10.1145/3542637.3542648,pending,,to_assign,to_assign,doi:https://doi.org/10.1145/3542637.3542648,,congestion control;learning,priority_review,candidate_background,General learning congestion-control evidence; scope must be checked,include_title_abstract,,not_started,Codex,2026-09-28,Learning-assisted congestion-control background evidence.,pending_full_text,0,open_candidate,https://dl.acm.org/doi/pdf/10.1145/3542637.3542648 | https://doi.org/10.1145/3542637.3542648,,pending_full_text,,Codex,
openalex_Q8_0172,openalex_Q8,openalex,Q8,The Fluid Flow Approximation of the TCP Vegas and Reno Congestion Control Mechanism,"TCP congestion control algorithms have been design to improve Internet transmission performance and stability. In recent years the classic Tahoe/Reno/NewReno TCP congestion control, based on losses as congestion indicators, has been improved and many congestion control algorithms have been proposed. In this paper the performance of standard TCP NewReno algorithm is compared to the performance of TCP Vegas, which tries to avoid congestion by reducing the congestion window (CWND) size before packets are lost. The article uses fluid flow approximation to investigate the influence of the two above-mentioned TCP congestion control mechanisms on CWND evolution, packet loss probability, queue length and its variability. Obtained results show that TCP Vegas is a fair algorithm, however it has problems with the use of available bandwidth. These keywords were added by machine and not by the authors. This process is experimental and the keywords may be updated as the learning algorithm improves.",2016,https://doi.org/10.1007/978-3-319-47217-1_21,pending,,to_assign,to_assign,doi:https://doi.org/10.1007/978-3-319-47217-1_21,,congestion control;tcp;queue;learning,priority_review,candidate_background,General learning congestion-control evidence; scope must be checked,include_title_abstract,,not_started,Codex,2026-09-28,Learning-assisted congestion-control background evidence.,pending_full_text,0,open_candidate,https://link.springer.com/content/pdf/10.1007/978-3-319-47217-1_21.pdf | https://doi.org/10.1007/978-3-319-47217-1_21,,pending_full_text,,Codex,
openalex_Q8_0173,openalex_Q8,openalex,Q8,DCL-AIM: Decentralized coordination learning of autonomous intersection management for connected and automated vehicles,"Conventional intersection managements, such as signalized intersections, may not necessarily be the optimal strategies when it comes to connected and automated vehicles (CAVs) environment. Autonomous intersection management (AIM) is tailored for CAVs aiming at replacing the conventional traffic control strategies. In this work, using the communication and computation technologies of CAVs, the sequential movements of vehicles through intersections are modelled as multi-agent Markov decision processes (MAMDPs) in which vehicle agents cooperate to minimize intersection delay with collision-free constraints. To handle the huge dimension scale incurred by the nature of multi-agent decision making problems, the state space of CAVs are decomposed into independent part and coordinated part by exploiting the structural properties of the AIM problem, and a decentralized coordination multi-agent learning approach (DCL-AIM) is proposed to solve the problem efficiently by exploiting both global and localized agent coordination needs in AIM. The main feature of the proposed approach is to explicitly identify and dynamically adapt agent coordination needs during the learning process so that the curse of dimensionality and environment nonstationarity problems in multi-agent learning can be alleviated. The effectiveness of the proposed method is demonstrated under a variety of traffic conditions. The comparison analysis is performed between DCL-AIM and the First-Come-First-Serve based AIM (FCFS-AIM), with Longest-Queue-First (LQF-AIM) policy and the signal control based on the Webster’s method (Signal) as benchmarks. Experimental results show that the sequential decisions from DCL-AIM outperform the other control policies.",2019,https://doi.org/10.1016/j.trc.2019.04.012,pending,,to_assign,to_assign,doi:https://doi.org/10.1016/j.trc.2019.04.012,,queue;learning,priority_review,candidate_background,General learning congestion-control evidence; scope must be checked,include_title_abstract,,not_started,Codex,2026-09-28,Learning-assisted congestion-control background evidence.,pending_full_text,0,open_candidate,https://doi.org/10.1016/j.trc.2019.04.012,,pending_full_text,,Codex,
openalex_Q8_0178,openalex_Q8,openalex,Q8,DDPG-MPCC: An Experience Driven Multipath Performance Oriented Congestion Control,"We introduce a novel multipath data transport approach at the transport layer referred to as ‘Deep Deterministic Policy Gradient for Multipath Performance-oriented Congestion Control’ (DDPG-MPCC), which leverages deep reinforcement learning to enhance congestion management in multipath networks. Our method combines DDPG with online convex optimization to optimize fairness and performance in simultaneously challenging multipath internet congestion control scenarios. Through experiments by developing kernel implementation, we show how DDPG-MPCC performs compared to the state-of-the-art solutions.",2024,https://doi.org/10.3390/fi16020037,pending,,to_assign,to_assign,doi:https://doi.org/10.3390/fi16020037,,congestion control;fairness;learning,priority_review,candidate_background,General learning congestion-control evidence; scope must be checked,include_title_abstract,,not_started,Codex,2026-09-28,Learning-assisted congestion-control background evidence.,pending_full_text,0,open_candidate,https://www.mdpi.com/1999-5903/16/2/37/pdf?version=1706017459 | https://doi.org/10.3390/fi16020037,,pending_full_text,,Codex,
openalex_Q8_0189,openalex_Q8,openalex,Q8,A Comprehensive Survey on the Application of Deep and Reinforcement Learning Approaches in Autonomous Driving,"Recent advances in Intelligent Transport Systems (ITS) and Artificial Intelligence (AI) have stimulated and paved the way toward the widespread introduction of Autonomous Vehicles (AVs). This has opened new opportunities for smart roads, intelligent traffic safety, and traveler comfort. Autonomous Vehicles have become a highly popular research topic in recent years because of their significant capability to reduce road accidents and human injuries. This paper is an attempt to survey all recent AI based techniques used to deal with major functions in AVs, namely scene understanding, motion planning, decision making, vehicle control, social behavior, and communication. Our survey focuses solely on deep learning and reinforcement learning based approaches; it does not include conventional (shallow) shallow based techniques, a subject that has been extensively investigated in the past. Our survey builds a taxonomy of DL and RL algorithms that have been used so far to bring solutions to the four main issues in autonomous driving. Finally, this survey highlights the open challenges and points out possible future research directions.",2022,https://doi.org/10.1016/j.jksuci.2022.03.013,pending,,to_assign,to_assign,doi:https://doi.org/10.1016/j.jksuci.2022.03.013,,learning,low_priority_review,candidate_background,General learning congestion-control evidence; scope must be checked,include_title_abstract,,not_started,Codex,2026-09-28,Learning-assisted congestion-control background evidence.,pending_full_text,0,open_candidate,https://www.sciencedirect.com/science/article/pii/S1319157822000970/pdf | https://doi.org/10.1016/j.jksuci.2022.03.013,,pending_full_text,,Codex,
openalex_Q8_0190,openalex_Q8,openalex,Q8,Machine learning algorithms for monitoring pavement performance,"This work introduces the need to develop competitive, low-cost and applicable technologies to real roads to detect the asphalt condition by means of Machine Learning (ML) algorithms. Specifically, the most recent studies are described according to the data collection methods: images, ground penetrating radar (GPR), laser and optic fiber. The main models that are presented for such state-of-the-art studies are Support Vector Machine, Random Forest, Naïve Bayes, Artificial neural networks or Convolutional Neural Networks. For these analyses, the methodology, type of problem, data source, computational resources, discussion and future research are highlighted. Open data sources, programming frameworks, model comparisons and data collection technologies are illustrated to allow the research community to initiate future investigation. There is indeed research on ML-based pavement evaluation but there is not a widely used applicability by pavement management entities yet, so it is mandatory to work on the refinement of models and data collection methods.",2022,https://doi.org/10.1016/j.autcon.2022.104309,pending,,to_assign,to_assign,doi:https://doi.org/10.1016/j.autcon.2022.104309,,learning,low_priority_review,candidate_background,General learning congestion-control evidence; scope must be checked,include_title_abstract,,not_started,Codex,2026-09-28,Learning-assisted congestion-control background evidence.,pending_full_text,0,open_candidate,https://www.sciencedirect.com/science/article/pii/S0926580522001820/pdf | https://doi.org/10.1016/j.autcon.2022.104309,,pending_full_text,,Codex,
openalex_Q8_0191,openalex_Q8,openalex,Q8,Approximate reinforcement learning to control beaconing congestion in distributed networks,"In vehicular communications, the increase of the channel load caused by excessive periodical messages (beacons) is an important aspect which must be controlled to ensure the appropriate operation of safety applications and driver-assistance systems. To date, the majority of congestion control solutions involve including additional information in the payload of the messages transmitted, which may jeopardize the appropriate operation of these control solutions when channel conditions are unfavorable, provoking packet losses. This study exploits the advantages of non-cooperative, distributed beaconing allocation, in which vehicles operate independently without requiring any costly road infrastructure. In particular, we formulate the beaconing rate control problem as a Markov Decision Process and solve it using approximate reinforcement learning to carry out optimal actions. Results obtained were compared with other traditional solutions, revealing that our approach, called SSFA, is able to keep a certain fraction of the channel capacity available, which guarantees the delivery of emergency-related notifications with faster convergence than other proposals. Moreover, good performance was obtained in terms of packet delivery and collision ratios.",2022,https://doi.org/10.1038/s41598-021-04123-9,pending,,to_assign,to_assign,doi:https://doi.org/10.1038/s41598-021-04123-9,,congestion control;learning,priority_review,candidate_background,General learning congestion-control evidence; scope must be checked,include_title_abstract,,not_started,Codex,2026-09-28,Learning-assisted congestion-control background evidence.,pending_full_text,0,open_candidate,https://www.nature.com/articles/s41598-021-04123-9.pdf | https://doi.org/10.1038/s41598-021-04123-9,,pending_full_text,,Codex,
openalex_Q8_0197,openalex_Q8,openalex,Q8,Learning Traffic Network Embeddings for Predicting Congestion Propagation,"Traffic congestion has become a global concern due to continuous increase in traffic demand and limited road capacity. The ability to predict traffic congestion propagation, which depicts the spatiotemporal evolution of the congestion scenario, is essential for developing smart traffic management systems and enabling road users to make informed route choices. In this work, we study the behavior of congestion propagation at the road segment level, and leverage this to develop a novel machine learning framework that characterizes and predicts the congestion evolution among different road segments in the traffic network. In particular, our framework can infer the likelihood of congestion propagation between any pair of road segments through single or multiple propagation paths. The proposed framework relies on a network embedding module to learn a representation for each road segment, and a propagation model which calculates the congestion propagation likelihood based on the learned representations. Specifically, an asymmetric embedding of local proximity and global tendency (AE-LPGT) is relied upon for learning low dimension embeddings of the road segments which incorporate various realistic properties of congestion propagations, such as the local proximity property, global propagation tendency, and asymmetric transitivity of congestion propagations. Experimental results with Singapore traffic data show that our method significantly outperforms the state-of-the-art, and the congestion propagation properties in our embeddings have significant impact on the prediction performance.",2021,https://doi.org/10.1109/tits.2021.3105445,pending,,to_assign,to_assign,doi:https://doi.org/10.1109/tits.2021.3105445,,learning,low_priority_review,candidate_background,General learning congestion-control evidence; scope must be checked,include_title_abstract,,not_started,Codex,2026-09-28,Learning-assisted congestion-control background evidence.,pending_full_text,0,open_candidate,https://dr.ntu.edu.sg/bitstream/10356/153860/3/Learning%20Traffic%20Network%20Embeddings%20for%20Predicting%20Congestion%20Propagation.pdf | https://hdl.handle.net/10356/153860,,pending_full_text,,Codex,
openalex_Q8_0199,openalex_Q8,openalex,Q8,Spatial-Temporal Graph Attention Networks: A Deep Learning Approach for Traffic Forecasting,"Traffic speed prediction, as one of the most important topics in Intelligent Transport Systems (ITS), has been investigated thoroughly in the literature. Nonetheless, traditional methods show their limitation in coping with complexity and high nonlinearity of traffic data as well as learning spatial-temporal dependencies. Particularly, they often neglect the dynamics happening to traffic network. Attention-based models witnessed extensive developments in recent years and have shown its efficacy in a host of fields, which inspires us to leverage graph-attention-based method to handling traffic network speed prediction. In this paper, we propose a novel deep learning framework, Spatial-Temporal Graph Attention Networks (ST-GAT). A graph attention mechanism is adopted to extract the spatial dependencies among road segments. Additionally, we introduce a LSTM network to extract temporal domain features. Compared with previous related research, the proposed approach is able to capture dynamic spatial dependencies of traffic networks. A series of comprehensive case studies on a real-world dataset demonstrate that ST-GAT supersedes existing state-of-the-art results of traffic speed prediction. Furthermore, outstanding robustness against noise and on reduced graphs of the proposed model has been demonstrated through the tests.",2019,https://doi.org/10.1109/access.2019.2953888,pending,,to_assign,to_assign,doi:https://doi.org/10.1109/access.2019.2953888,,learning,low_priority_review,candidate_background,General learning congestion-control evidence; scope must be checked,include_title_abstract,,not_started,Codex,2026-09-28,Learning-assisted congestion-control background evidence.,pending_full_text,0,open_candidate,https://ieeexplore.ieee.org/ielx7/6287639/8600701/08903252.pdf | https://doi.org/10.1109/access.2019.2953888,,pending_full_text,,Codex,
openalex_Q1_0010,openalex_Q1,openalex,Q1,BBR-With Enhanced Fairness (BBR-EFRA): A new enhanced RTT fairness for BBR congestion control algorithm,,2022,https://doi.org/10.1016/j.comcom.2022.12.015,pending,,to_assign,to_assign,doi:https://doi.org/10.1016/j.comcom.2022.12.015,,bbr;congestion control;fairness;rtt,priority_review,candidate_include,BBR/BDP-Veno/OVeno term plus a review topic,include_title_abstract,,not_started,Codex,2026-09-28,Direct BBR/Veno/BDP-Veno/OVeno evidence with a transport or network topic.,pending_full_text,6,doi_or_subscription,https://doi.org/10.1016/j.comcom.2022.12.015,,pending_full_text,,Codex,
crossref_Q1_0001,crossref_Q1,crossref,Q1,Bbr-With Enhanced Fairness (Bbr-Efra): A New Enhanced Rtt Fairness for Bbr Congestion Control Algorithm,,2022,10.2139/ssrn.4123862,pending,,to_assign,to_assign,doi:10.2139/ssrn.4123862,,bbr;congestion control;fairness;rtt,priority_review,candidate_include,BBR/BDP-Veno/OVeno term plus a review topic,include_title_abstract,,not_started,Codex,2026-09-28,Direct BBR/Veno/BDP-Veno/OVeno evidence with a transport or network topic.,pending_full_text,6,doi_or_subscription,,,pending_full_text,,Codex,
crossref_Q1_0011,crossref_Q1,crossref,Q1,BBR-With Enhanced Fairness (BBR-EFRA): A new enhanced RTT fairness for BBR congestion control algorithm,,2023,10.1016/j.comcom.2022.12.015,pending,,to_assign,to_assign,doi:10.1016/j.comcom.2022.12.015,,bbr;congestion control;fairness;rtt,priority_review,candidate_include,BBR/BDP-Veno/OVeno term plus a review topic,include_title_abstract,,not_started,Codex,2026-09-28,Direct BBR/Veno/BDP-Veno/OVeno evidence with a transport or network topic.,pending_full_text,6,doi_or_subscription,,,pending_full_text,,Codex,
crossref_Q1_0003,crossref_Q1,crossref,Q1,BBR-With Adaptive Pacing Gain Rates (BBR-APG): An improved  TCP-BBR Congestion Control Algorithm on RTT Fairness Design Problem,,2023,10.21203/rs.3.rs-3118820/v1,pending,,to_assign,to_assign,doi:10.21203/rs.3.rs-3118820/v1,,bbr;congestion control;tcp;fairness;rtt,priority_review,candidate_include,BBR/BDP-Veno/OVeno term plus a review topic,include_title_abstract,,not_started,Codex,2026-09-28,Direct BBR/Veno/BDP-Veno/OVeno evidence with a transport or network topic.,pending_full_text,5,doi_or_subscription,,,pending_full_text,,Codex,
openalex_Q1_0071,openalex_Q1,openalex,Q1,MFBBR: An Optimized Fairness-aware TCP-BBR Algorithm in Wired-cum-wireless Network,"There are enormous types of traffic flows in the IoT era. The traffics could be control by Software Defined Network (SDN) or other transmission protocols in the core networks or mobile edge networks. TCP-BBR algorithm has a better performance on long-fat pipes than traditional TCP protocols in terms of link perception and response time. However, when TCP-BBR and other congestion control algorithms which are based on time delay like TCP-Westwood is applied to the same network links, TCP-BBR will perform unfriendly to the TCP-Westwood. Aiming to improve the fairness between TCP-BBR congestion control algorithm and delay-based congestion control algorithms, this paper proposes a congestion control algorithm based on TCP-BBR which has moderate fairness named Modest Fairness BBR(MFBBR). The simulation results on the Mininet show that our algorithm can improve the fairness of BBR when it coexists with Westwood, and it also has better fairness than delay-based congestion control algorithms.",2020,https://doi.org/10.1109/infocomwkshps50562.2020.9163004,pending,,to_assign,to_assign,doi:https://doi.org/10.1109/infocomwkshps50562.2020.9163004,,bbr;congestion control;tcp;fairness;wireless,priority_review,candidate_include,BBR/BDP-Veno/OVeno term plus a review topic,include_title_abstract,,not_started,Codex,2026-09-28,Direct BBR/Veno/BDP-Veno/OVeno evidence with a transport or network topic.,pending_full_text,4,doi_or_subscription,https://doi.org/10.1109/infocomwkshps50562.2020.9163004,,pending_full_text,,Codex,
openalex_Q1_0139,openalex_Q1,openalex,Q1,RFBBR: A Rtt Faireness Awared Algorithm Based on BBR,"The popularization and application of the Internet of Things (IoT) have produced massive and multi-type data. The information in the network grows explosively, and is transmitted in many forms in the network. The traditional TCP congestion control algorithms are not suitable for long fat pipes, and the transmission rates are very low in some scenarios such as dedicated line transmission. The TCP-BBR algorithm is a TCP congestion control protocol proposed by Google for transmission on the long fat pipeline to improve the transmission throughput and reduce the delay of data transmission. Through simulations, it is found that the competition between TCP-BBR streams with different RTTs will cause serious RTT unfairness problem. The TCP-BBR data streams with small RTTs are always suppressed by the data streams with large RTTs. To solve this problem, the improved BBR algorithm RFBBR is proposed. The RFBBR can guarantee the faireness of BBR streams with different RTTs. The simulation results show that RFBBR can significantly improve fairness compared with BBR and BBQ in the wireless network spindle topology scenarios.",2020,https://doi.org/10.1109/smartiot49966.2020.00027,pending,,to_assign,to_assign,doi:https://doi.org/10.1109/smartiot49966.2020.00027,,bbr;congestion control;tcp;fairness;rtt;wireless,priority_review,candidate_include,BBR/BDP-Veno/OVeno term plus a review topic,include_title_abstract,,not_started,Codex,2026-09-28,Direct BBR/Veno/BDP-Veno/OVeno evidence with a transport or network topic.,pending_full_text,4,doi_or_subscription,https://doi.org/10.1109/smartiot49966.2020.00027,,pending_full_text,,Codex,
openalex_Q3_0016,openalex_Q3,openalex,Q3,BBR-R: Improving BBR’s RTT Fairness by Dynamically Adjusting Delay Detection Intervals,,2024,https://doi.org/10.1007/978-3-031-57840-3_7,pending,,to_assign,to_assign,doi:https://doi.org/10.1007/978-3-031-57840-3_7,,bbr;fairness;rtt,priority_review,candidate_include,BBR/BDP-Veno/OVeno term plus a review topic,include_title_abstract,,not_started,Codex,2026-09-28,Direct BBR/Veno/BDP-Veno/OVeno evidence with a transport or network topic.,pending_full_text,4,doi_or_subscription,https://doi.org/10.1007/978-3-031-57840-3_7,,pending_full_text,,Codex,
crossref_Q3_0003,crossref_Q3,crossref,Q3,AirBBR: MAC-Aware Airtime Fairness for BBR via TCP ACK-based RTT Inference,,2026,10.2139/ssrn.7434484,pending,,to_assign,to_assign,doi:10.2139/ssrn.7434484,,bbr;tcp;fairness;rtt,priority_review,candidate_include,BBR/BDP-Veno/OVeno term plus a review topic,include_title_abstract,,not_started,Codex,2026-09-28,Direct BBR/Veno/BDP-Veno/OVeno evidence with a transport or network topic.,pending_full_text,4,doi_or_subscription,,,pending_full_text,,Codex,
crossref_Q3_0007,crossref_Q3,crossref,Q3,FaiRTT: An Empirical Approach for Enhanced RTT Fairness and Bottleneck Throughput in BBR,,2024,10.1109/iccworkshops59551.2024.10615947,pending,,to_assign,to_assign,doi:10.1109/iccworkshops59551.2024.10615947,,bbr;fairness;rtt,priority_review,candidate_include,BBR/BDP-Veno/OVeno term plus a review topic,include_title_abstract,,not_started,Codex,2026-09-28,Direct BBR/Veno/BDP-Veno/OVeno evidence with a transport or network topic.,pending_full_text,4,doi_or_subscription,,,pending_full_text,,Codex,
crossref_Q3_0013,crossref_Q3,crossref,Q3,BBR-R: Improving BBR’s RTT Fairness by Dynamically Adjusting Delay Detection Intervals,,2024,10.1007/978-3-031-57840-3_7,pending,,to_assign,to_assign,doi:10.1007/978-3-031-57840-3_7,,bbr;fairness;rtt,priority_review,candidate_include,BBR/BDP-Veno/OVeno term plus a review topic,include_title_abstract,,not_started,Codex,2026-09-28,Direct BBR/Veno/BDP-Veno/OVeno evidence with a transport or network topic.,pending_full_text,4,doi_or_subscription,,,pending_full_text,,Codex,
crossref_Q3_0016,crossref_Q3,crossref,Q3,RFBBR: A Rtt Faireness Awared Algorithm Based on BBR,,2020,10.1109/smartiot49966.2020.00027,pending,,to_assign,to_assign,doi:10.1109/smartiot49966.2020.00027,,bbr;rtt,priority_review,candidate_include,BBR/BDP-Veno/OVeno term plus a review topic,include_title_abstract,,not_started,Codex,2026-09-28,Direct BBR/Veno/BDP-Veno/OVeno evidence with a transport or network topic.,pending_full_text,4,doi_or_subscription,,,pending_full_text,,Codex,
crossref_Q3_0043,crossref_Q3,crossref,Q3,MFBBR: An Optimized Fairness-aware TCP-BBR Algorithm in Wired-cum-wireless Network,,2020,10.1109/infocomwkshps50562.2020.9163004,pending,,to_assign,to_assign,doi:10.1109/infocomwkshps50562.2020.9163004,,bbr;tcp;fairness;wireless,priority_review,candidate_include,BBR/BDP-Veno/OVeno term plus a review topic,include_title_abstract,,not_started,Codex,2026-09-28,Direct BBR/Veno/BDP-Veno/OVeno evidence with a transport or network topic.,pending_full_text,4,doi_or_subscription,,,pending_full_text,,Codex,
crossref_Q4_0022,crossref_Q4,crossref,Q4,CUBIC Local Loss Recovery vs. BBR on (Satellite) Internet Paths,,2023,10.1109/lanman58293.2023.10189417,pending,,to_assign,to_assign,doi:10.1109/lanman58293.2023.10189417,,bbr;satellite,priority_review,candidate_include,BBR/BDP-Veno/OVeno term plus a review topic,include_title_abstract,,not_started,Codex,2026-09-28,Direct BBR/Veno/BDP-Veno/OVeno evidence with a transport or network topic.,pending_full_text,4,doi_or_subscription,,,pending_full_text,,Codex,
crossref_Q7_0008,crossref_Q7,crossref,Q7,"Internet via Satellite: GEO vs. LEO, OpenVPN vs. Wireguard, and CUBIC vs. BBR",,2023,10.1145/3614454.3622998,pending,,to_assign,to_assign,doi:10.1145/3614454.3622998,,bbr;satellite;leo,priority_review,candidate_include,BBR/BDP-Veno/OVeno term plus a review topic,include_title_abstract,,not_started,Codex,2026-09-28,Direct BBR/Veno/BDP-Veno/OVeno evidence with a transport or network topic.,pending_full_text,4,doi_or_subscription,,,pending_full_text,,Codex,
openalex_Q1_0011,openalex_Q1,openalex,Q1,Fairness Improvement of BBR Congestion Control Algorithm for Different RTT Flows,"BBR is a new congestion-based congestion control algorithm for improving performance of traditional TCP by proposed Google recently. Unlike other loss-based congestion control algorithms used so far, BBR determines the sending rate by measuring bottleneck bandwidth and round-trip propagation time. It was designed to operate without creating persistent queues in the bottleneck. However, it has been studied that in many situations, a persistent queue is formed which causes unintended problems. Most significant problem is the fairness among flows with different round-trip times (RTTs). Contrary to the typical behaviors in a traditional TCP, short RTT flow is always overwhelmed by the long RTT flow in BBR. Surprisingly, the short RTT flow's share is affected even with a minor RTT difference between flows. This paper proposes a bottleneck queue buildup suppression method to enhance the fairness between different RTT flows. We showed our proposed method could enhance significantly fairness, compared with the original BBR.",2019,https://doi.org/10.23919/elinfocom.2019.8706412,pending,,to_assign,to_assign,doi:https://doi.org/10.23919/elinfocom.2019.8706412,,bbr;congestion control;tcp;fairness;rtt;queue,priority_review,candidate_include,BBR/BDP-Veno/OVeno term plus a review topic,include_title_abstract,,not_started,Codex,2026-09-28,Direct BBR/Veno/BDP-Veno/OVeno evidence with a transport or network topic.,pending_full_text,3,doi_or_subscription,https://doi.org/10.23919/elinfocom.2019.8706412,,pending_full_text,,Codex,
openalex_Q1_0012,openalex_Q1,openalex,Q1,Enhanced BBR Congestion Control Algorithm for Improving RTT Fairness,"Google has proposed the Bottleneck Bandwidth and Round-trip propagation time (BBR) as a new congestion control algorithm. The difference between it and the existing congestion control algorithm is that it is derived from actual congestions. BBR measures the bottleneck bandwidth and round-trip propagation time sequentially and sends data based on bandwidth delay product (BDP). The mere dependence on the BDP unfairly allocates a larger part of the bandwidth to a flow with long RTT than a short RTT flow. This nature of the BBR entirely conflicts with the trend of traditional TCP where a short RTT flow is more vibrant than long RTT flow. To solve this problem, we previously proposed the bottleneck queue buildup suppression method and verified that through NS-3. However, during the testbed experiments, we found that the previous method was unstable and led to unexpected results. Therefore, in this paper, we propose an improved version of the previously proposed algorithm. We confirmed through extensive testbed experiments that our proposed BBR-E improves fairness between the flows with different RTTs and ensures better throughput.",2019,https://doi.org/10.1109/icufn.2019.8806064,pending,,to_assign,to_assign,doi:https://doi.org/10.1109/icufn.2019.8806064,,bbr;congestion control;tcp;fairness;rtt;queue,priority_review,candidate_include,BBR/BDP-Veno/OVeno term plus a review topic,include_title_abstract,,not_started,Codex,2026-09-28,Direct BBR/Veno/BDP-Veno/OVeno evidence with a transport or network topic.,pending_full_text,3,doi_or_subscription,https://doi.org/10.1109/icufn.2019.8806064,,pending_full_text,,Codex,
openalex_Q1_0020,openalex_Q1,openalex,Q1,FEBBR: A Fairness-Enhanced Approach for BBR Congestion Control,"The Bottleneck Bandwidth and Round-trip propagation time (BBR) is a novel algorithm used for TCP congestion control, designed to optimize both throughput and latency for web servers and datacenter backbone connections. Unlike traditional loss-based congestion control algorithms, BBR measures and considers bottleneck bandwidth and round-trip time (RTT). However, recent research has shown that TCP BBR suffers from severe fairness problems when coexisting with ordinary TCP flows. In this paper, we propose a Fairness-Enhanced BBR (FEBBR) to address the fairness problem. FEBBR handles the aggressiveness of BBR by introducing delay deviations. Extensive emulation experiments on Mininet demonstrate that FEBBR improves the fairness index by 20%-40% compared to BBR, while not affecting much the throughput performance. In addition, FEBBR reduces RTT by 27%-40% while improving RTT fairness by 39%.",2023,https://doi.org/10.1109/bmsb58369.2023.10211562,pending,,to_assign,to_assign,doi:https://doi.org/10.1109/bmsb58369.2023.10211562,,bbr;congestion control;tcp;fairness;rtt,priority_review,candidate_include,BBR/BDP-Veno/OVeno term plus a review topic,include_title_abstract,,not_started,Codex,2026-09-28,Direct BBR/Veno/BDP-Veno/OVeno evidence with a transport or network topic.,pending_full_text,3,doi_or_subscription,https://doi.org/10.1109/bmsb58369.2023.10211562,,pending_full_text,,Codex,
openalex_Q1_0030,openalex_Q1,openalex,Q1,ModQUIC protocol performance verification with CUBIC and BBR congestion control mechanisms,,2021,https://doi.org/10.1504/ijipt.2021.117424,pending,,to_assign,to_assign,doi:https://doi.org/10.1504/ijipt.2021.117424,,bbr;congestion control;quic,priority_review,candidate_include,BBR/BDP-Veno/OVeno term plus a review topic,include_title_abstract,,not_started,Codex,2026-09-28,Direct BBR/Veno/BDP-Veno/OVeno evidence with a transport or network topic.,pending_full_text,3,doi_or_subscription,https://doi.org/10.1504/ijipt.2021.117424,,pending_full_text,,Codex,
openalex_Q1_0039,openalex_Q1,openalex,Q1,Performance Study of Improved BBR Congestion Control Algorithm using QUIC in Wireless LAN,"Congestion control enables network nodes to adopt certain approaches to avoid network congestion as much as possible, and respond when network congestion occurs. BBR is a transmission rate-based congestion control algorithm proposed by Google for Chromium QUIC and Linux kernel deployment. The new transmission protocol QUIC proposed by Google has a better congestion control mechanism than TCP. Based on the existing BBR congestion control algorithm, this paper proposes the IBCCA congestion control algorithm and evaluates the performance of the IBCCA, CUBIC, and BBR algorithms under the QUIC protocol in wireless LAN. When the network traffic burst flow is small or the burst duration is short, IBCCA achieves higher network goodput and lower transmission round-trip time. In the experiment of multi-stream transmission, the IBCCA algorithm achieves higher fairness while the good-put and RTT are at the same level. The BBR algorithm achieves a smaller RTT, and the goodput of the IBCCA algorithm is not much different from the CUBIC algorithm.",2021,https://doi.org/10.1109/iucc-cit-dsci-smartcns55181.2021.00085,pending,,to_assign,to_assign,doi:https://doi.org/10.1109/iucc-cit-dsci-smartcns55181.2021.00085,,bbr;congestion control;tcp;fairness;rtt;wireless;quic,priority_review,candidate_include,BBR/BDP-Veno/OVeno term plus a review topic,include_title_abstract,,not_started,Codex,2026-09-28,Direct BBR/Veno/BDP-Veno/OVeno evidence with a transport or network topic.,pending_full_text,3,doi_or_subscription,https://doi.org/10.1109/iucc-cit-dsci-smartcns55181.2021.00085,,pending_full_text,,Codex,
openalex_Q1_0040,openalex_Q1,openalex,Q1,BBR-with enhanced bandwidth estimation (BBR-EBE+): an improved BBR congestion control algorithm based on TCP acknowledgment compression and aggregation,,2025,https://doi.org/10.1007/s11235-025-01269-z,pending,,to_assign,to_assign,doi:https://doi.org/10.1007/s11235-025-01269-z,,bbr;congestion control;tcp,priority_review,candidate_include,BBR/BDP-Veno/OVeno term plus a review topic,include_title_abstract,,not_started,Codex,2026-09-28,Direct BBR/Veno/BDP-Veno/OVeno evidence with a transport or network topic.,pending_full_text,3,doi_or_subscription,https://doi.org/10.1007/s11235-025-01269-z,,pending_full_text,,Codex,
openalex_Q1_0042,openalex_Q1,openalex,Q1,Performance Evaluation of QUIC with BBR in Satellite Internet,"Quick UDP Internet connection(QUIC) protocol and bottleneck bandwidth and round-trip propagation time (BBR) based congestion control algorithm are two major contributions out of Google's persistent attempts to make the Internet faster. QUIC is an user level reliable protocol running on top of UDP to enable evolution of transport mechanisms, while BBR is designed for better TCP congestion control. Although in two different directions, they also converge with BBR support in QUIC. Many researches have proved the performance of QUIC and BBR in different network scenarios, but the evaluation in satellite Internet with long propagation delays and relatively high error rates is still missing.In this paper, we have a preliminary evaluation of the performance of QUIC with BBR via GEO satellite Internet access on dedicated network emulation testbeds. The results and our analysis confirms that for satellite Internet QUIC with the new BBR congestion control has improvements compared with the classic CUBIC.",2018,https://doi.org/10.1109/wisee.2018.8637347,pending,,to_assign,to_assign,doi:https://doi.org/10.1109/wisee.2018.8637347,,bbr;congestion control;tcp;satellite;quic,priority_review,candidate_include,BBR/BDP-Veno/OVeno term plus a review topic,include_title_abstract,,not_started,Codex,2026-09-28,Direct BBR/Veno/BDP-Veno/OVeno evidence with a transport or network topic.,pending_full_text,3,doi_or_subscription,https://doi.org/10.1109/wisee.2018.8637347,,pending_full_text,,Codex,
openalex_Q1_0067,openalex_Q1,openalex,Q1,An Improved BBR Algorithm with Adaptive Congestion Control for LEO Satellite Networks,"Low Earth Orbit (LEO) satellite networks are favored for their global coverage, low latency, and geographical flexibility, but they also face challenges of high dynamism in network topology and congestion control. To address these issues, this study introduces an improved BBR congestion control algorithm (Deep-BBR) based on traffic prediction. The algorithm integrates Long Short-Term Memory networks, Graph Convolutional Networks, and attention mechanisms to accurately predict bandwidth utilization and dynamically adjust pacing gains. Experimental results show that the Deep-BBR algorithm significantly outperforms the traditional BBR algorithm in effective throughput, latency, and in-flight data management, effectively enhancing the communication performance and stability of LEO satellite networks. This improvement offers a more efficient and intelligent solution for congestion control in LEO satellite networks.",2024,https://doi.org/10.1109/iccnc63989.2024.00013,pending,,to_assign,to_assign,doi:https://doi.org/10.1109/iccnc63989.2024.00013,,bbr;congestion control;satellite;leo,priority_review,candidate_include,BBR/BDP-Veno/OVeno term plus a review topic,include_title_abstract,,not_started,Codex,2026-09-28,Direct BBR/Veno/BDP-Veno/OVeno evidence with a transport or network topic.,pending_full_text,3,doi_or_subscription,http://dx.doi.org/10.1109/iccnc63989.2024.00013,,pending_full_text,,Codex,
openalex_Q1_0074,openalex_Q1,openalex,Q1,Unraveling the RTT-fairness Problem for BBR: A Queueing Model,"BBR is a congestion-based congestion control algorithm recently proposed by Google. It proactively measures the bottleneck bandwidth and round trip times (RTTs) of a connection pipe, based on which it governs its sending behaviors. Despite the significant throughput gains and latency reduction, some experimental studies reveal that BBR may result in a salient RTT-fairness problem, in that short-RTT flows can be starved of bandwidth allocation when comnetina with lons-R'I'T flows. In this paper, we study BBR's RTT-fairness problem from a theoretic perspective. We present a closed-form solution that characterizes the intrinsic dynamics of BBR flows and their interactions. Specifically, we model BBR's sending behaviors and bandwidth dynamics, based on which we establish an exponential relationship between the flows' bandwidth shares and their RTTs. We show that the degree of unfairness is dictated by the RTT ratio between two flows, irrespective of the other network parameters, such as the initial sending rates or link capacity. In particular, when the RTT ratio of the two flows is greater than 2, the short-RTT flow is starved of bandwidth allocation ( ≤ 0.1%), Our theoretical results are corroborated by simulations in a wide range of settings.",2018,https://doi.org/10.1109/glocom.2018.8647260,pending,,to_assign,to_assign,doi:https://doi.org/10.1109/glocom.2018.8647260,,bbr;congestion control;fairness;rtt;queue,priority_review,candidate_include,BBR/BDP-Veno/OVeno term plus a review topic,include_title_abstract,,not_started,Codex,2026-09-28,Direct BBR/Veno/BDP-Veno/OVeno evidence with a transport or network topic.,pending_full_text,3,doi_or_subscription,https://doi.org/10.1109/glocom.2018.8647260,,pending_full_text,,Codex,
openalex_Q1_0103,openalex_Q1,openalex,Q1,Measurements Comparing TCP Cubic and TCP BBR over a Satellite Network,"Satellite connections are critical for continuous network connectivity when disasters strike and for remote hosts that cannot use traditional network connections. While satellite Internet bitrates have increased, satellite latencies can still degrade TCP performance. Assessment of TCP over satellite networks is lacking, typically done only by simulation or emulation only, if at all. This paper presents experiments over a commercial satellite network comparing two popular TCP congestion control algorithms: Cubic (the default for most Internet servers) and BBR (recently deployed by Google servers). Analysis of the results shows similar steady-state bitrates for both BBR and Cubic, but with BBR having significantly higher bitrates (and, subsequently, higher round-trip times) than Cubic during start-up.",2021,https://doi.org/10.1109/ccnc49032.2021.9369602,pending,,to_assign,to_assign,doi:https://doi.org/10.1109/ccnc49032.2021.9369602,,bbr;congestion control;tcp;satellite,priority_review,candidate_include,BBR/BDP-Veno/OVeno term plus a review topic,include_title_abstract,,not_started,Codex,2026-09-28,Direct BBR/Veno/BDP-Veno/OVeno evidence with a transport or network topic.,pending_full_text,3,doi_or_subscription,https://doi.org/10.1109/ccnc49032.2021.9369602,,pending_full_text,,Codex,
openalex_Q1_0147,openalex_Q1,openalex,Q1,Enhanced Loss-Recovery Mechanism for BBR to Improve Inter-protocol Fairness,"In 2016, Google proposed a new congestion control algorithm called bottleneck bandwidth round-trip propagation time (BBR). While existing loss-based congestion control algorithms tend to fill the bottleneck buffer, TCP BBR determines the amount of delivered data based on Bottleneck Delay Product (bdp) consisting of available maximum and minimum round-trip time avoiding creation of excess queues. However, when it competes with loss-based congestion control algorithm, BBR encounters problems caused by its incorrect RTTminestimation, in particular the imbalance in the share of the bottleneck bandwidth for each flow, and excessive packet loss occurrence. In this paper, we propose a new loss recovery mechanism for BBR so that BBR shares the bottleneck link with loss-based congestion control algorithm flows without excessive packet losses. We focused on searching for the appropriate minimum RTT to allow BBR and CUBIC to coexist on a bottleneck link. Finally, we constructed a simple testbed topology in order to evaluate the performance of the proposed BBR loss recovery mechanism. We confirmed that the proposed BBR approach allows it to fairly share a bottleneck link with CUBIC while reducing the packet loss caused by the overestimation of bdp.",2019,https://doi.org/10.1109/ictc46691.2019.8939768,pending,,to_assign,to_assign,doi:https://doi.org/10.1109/ictc46691.2019.8939768,,bbr;congestion control;tcp;fairness;rtt;buffer;queue,priority_review,candidate_include,BBR/BDP-Veno/OVeno term plus a review topic,include_title_abstract,,not_started,Codex,2026-09-28,Direct BBR/Veno/BDP-Veno/OVeno evidence with a transport or network topic.,pending_full_text,3,doi_or_subscription,https://doi.org/10.1109/ictc46691.2019.8939768,,pending_full_text,,Codex,
openalex_Q1_0166,openalex_Q1,openalex,Q1,BAR : BBR with Adjusting RTprop for Inter-Protocol Fairness with CUBIC TCP,"BBR has been proposed as a new congestion control algorithm avoiding bufferbloat and is one of the widely used one along with CUBIC in the current Internet. In this paper, we evaluate preliminary performance of BBR when it shares the bottleneck link with CUBIC. Evaluation results reveal that one of the reasons for unfairness between BBR and CUBIC is misestimation of BBR control parameter RTprop. We also reveal that by increase/decrease of RTprop, we can control delivery rate of BBR. Based on these insights, we propose a new BBR algorithm, BAR(BBR with Adjusting RTprop). BAR adjusts RTprop so that BBR obtains fair bandwidth with CUBIC. Our performance evaluation results show that inter-protocol fairness between BBR and CUBIC flows can be significantly improved by BAR with few packet losses.",2023,https://doi.org/10.1109/lanman58293.2023.10189813,pending,,to_assign,to_assign,doi:https://doi.org/10.1109/lanman58293.2023.10189813,,bbr;congestion control;tcp;fairness;buffer,priority_review,candidate_include,BBR/BDP-Veno/OVeno term plus a review topic,include_title_abstract,,not_started,Codex,2026-09-28,Direct BBR/Veno/BDP-Veno/OVeno evidence with a transport or network topic.,pending_full_text,3,doi_or_subscription,https://doi.org/10.1109/lanman58293.2023.10189813,,pending_full_text,,Codex,
openalex_Q3_0075,openalex_Q3,openalex,Q3,RTT Fairness Improvement in TCP BBR with Dynamic Target Adjustment,"A congestion control algorithm TCP BBR is widely used in the current Internet. It has been reported that the throughput becomes unfair when multiple TCP BBR connections with different RTTs communicate over a bottleneck link. In our previous work, we proposed a method to reduce the throughput of TCP BBR in a network element by making TCP BBRs observe small RTTs. In this paper, we propose a method to improve RTT fairness by dynamically detecting bandwidth consuming connections in a network element and evaluate the method with our prototype.",2025,https://doi.org/10.1109/icce-taiwan66881.2025.11208040,pending,,to_assign,to_assign,doi:https://doi.org/10.1109/icce-taiwan66881.2025.11208040,,bbr;congestion control;tcp;fairness;rtt,priority_review,candidate_include,BBR/BDP-Veno/OVeno term plus a review topic,include_title_abstract,,not_started,Codex,2026-09-28,Direct BBR/Veno/BDP-Veno/OVeno evidence with a transport or network topic.,pending_full_text,3,doi_or_subscription,https://doi.org/10.1109/icce-taiwan66881.2025.11208040,,pending_full_text,,Codex,
openalex_Q3_0092,openalex_Q3,openalex,Q3,Improvement of TCP BBR Congestion Control Algorithm for RTT Fairness and Low Latency,,2021,,pending,,to_assign,to_assign,title:improvement of tcp bbr congestion control algorithm for rtt fairness and low latency,,bbr;congestion control;tcp;fairness;rtt,priority_review,candidate_include,BBR/BDP-Veno/OVeno term plus a review topic,include_title_abstract,,not_started,Codex,2026-09-28,Direct BBR/Veno/BDP-Veno/OVeno evidence with a transport or network topic.,pending_full_text,3,doi_or_subscription,https://www.ieice.org/ken/paper/20210305pCDX/eng/,,pending_full_text,,Codex,
openalex_Q3_0124,openalex_Q3,openalex,Q3,Poster: Fairness Improvement Method Using ECNs with Different Congestion Control Algorithms within QUIC,"QUIC is a transport protocol that adds congestion control, retransmission control, and TLS to UDP. QUIC can use the same congestion control algorithms as TCP. In previous work, when both CUBIC and BBR flows compete within QUIC, we have shown that communication performance becomes unfair with respect to the buffer size of the shared bottleneck link. In this study, we improve the communication performance at different bottleneck link buffer sizes using Round Trip Time (RTT) and Explicit Congestion Notification (ECN) when CUBIC and BBR compete within QUIC through actual experiments.",2023,https://doi.org/10.1109/icnp59255.2023.10355640,pending,,to_assign,to_assign,doi:https://doi.org/10.1109/icnp59255.2023.10355640,,bbr;congestion control;tcp;fairness;rtt;buffer;ecn;quic,priority_review,candidate_include,BBR/BDP-Veno/OVeno term plus a review topic,include_title_abstract,,not_started,Codex,2026-09-28,Direct BBR/Veno/BDP-Veno/OVeno evidence with a transport or network topic.,pending_full_text,3,doi_or_subscription,http://dx.doi.org/10.1109/icnp59255.2023.10355640,,pending_full_text,,Codex,
crossref_Q1_0004,crossref_Q1,crossref,Q1,Modest BBR: Enabling Better Fairness for BBR Congestion Control,,2018,10.1109/iscc.2018.8538521,pending,,to_assign,to_assign,doi:10.1109/iscc.2018.8538521,,bbr;congestion control;fairness,priority_review,candidate_include,BBR/BDP-Veno/OVeno term plus a review topic,include_title_abstract,,not_started,Codex,2026-09-28,Direct BBR/Veno/BDP-Veno/OVeno evidence with a transport or network topic.,pending_full_text,3,doi_or_subscription,,,pending_full_text,,Codex,
crossref_Q1_0007,crossref_Q1,crossref,Q1,Rethinking TCP Congestion Control for Lossy Networks: A Loss-Aware Design for Efficient Bandwidth Utilization Beyond Vegas and BBR,,2026,10.2139/ssrn.6826525,pending,,to_assign,to_assign,doi:10.2139/ssrn.6826525,,bbr;congestion control;tcp,priority_review,candidate_include,BBR/BDP-Veno/OVeno term plus a review topic,include_title_abstract,,not_started,Codex,2026-09-28,Direct BBR/Veno/BDP-Veno/OVeno evidence with a transport or network topic.,pending_full_text,3,doi_or_subscription,,,pending_full_text,,Codex,
crossref_Q1_0013,crossref_Q1,crossref,Q1,BBR-with enhanced bandwidth estimation (BBR-EBE+): an improved BBR congestion control algorithm based on TCP acknowledgment compression and aggregation,,2025,10.1007/s11235-025-01269-z,pending,,to_assign,to_assign,doi:10.1007/s11235-025-01269-z,,bbr;congestion control;tcp,priority_review,candidate_include,BBR/BDP-Veno/OVeno term plus a review topic,include_title_abstract,,not_started,Codex,2026-09-28,Direct BBR/Veno/BDP-Veno/OVeno evidence with a transport or network topic.,pending_full_text,3,doi_or_subscription,,,pending_full_text,,Codex,
crossref_Q1_0023,crossref_Q1,crossref,Q1,Fairness Improvement of BBR Congestion Control Algorithm for Different RTT Flows,,2019,10.23919/elinfocom.2019.8706412,pending,,to_assign,to_assign,doi:10.23919/elinfocom.2019.8706412,,bbr;congestion control;fairness;rtt,priority_review,candidate_include,BBR/BDP-Veno/OVeno term plus a review topic,include_title_abstract,,not_started,Codex,2026-09-28,Direct BBR/Veno/BDP-Veno/OVeno evidence with a transport or network topic.,pending_full_text,3,doi_or_subscription,,,pending_full_text,,Codex,
crossref_Q1_0025,crossref_Q1,crossref,Q1,Improved RTT Fairness of BBR Congestion Control Algorithm Based on Adaptive Congestion Window,,2021,10.3390/electronics10050615,pending,,to_assign,to_assign,doi:10.3390/electronics10050615,,bbr;congestion control;fairness;rtt,priority_review,candidate_include,BBR/BDP-Veno/OVeno term plus a review topic,include_title_abstract,,not_started,Codex,2026-09-28,Direct BBR/Veno/BDP-Veno/OVeno evidence with a transport or network topic.,pending_full_text,3,doi_or_subscription,,,pending_full_text,,Codex,
crossref_Q1_0026,crossref_Q1,crossref,Q1,ModQUIC protocol performance verification with CUBIC and BBR congestion control mechanisms,,2021,10.1504/ijipt.2021.117424,pending,,to_assign,to_assign,doi:10.1504/ijipt.2021.117424,,bbr;congestion control;quic,priority_review,candidate_include,BBR/BDP-Veno/OVeno term plus a review topic,include_title_abstract,,not_started,Codex,2026-09-28,Direct BBR/Veno/BDP-Veno/OVeno evidence with a transport or network topic.,pending_full_text,3,doi_or_subscription,,,pending_full_text,,Codex,
crossref_Q1_0032,crossref_Q1,crossref,Q1,Enhanced BBR Congestion Control Algorithm for Improving RTT Fairness,,2019,10.1109/icufn.2019.8806064,pending,,to_assign,to_assign,doi:10.1109/icufn.2019.8806064,,bbr;congestion control;fairness;rtt,priority_review,candidate_include,BBR/BDP-Veno/OVeno term plus a review topic,include_title_abstract,,not_started,Codex,2026-09-28,Direct BBR/Veno/BDP-Veno/OVeno evidence with a transport or network topic.,pending_full_text,3,doi_or_subscription,,,pending_full_text,,Codex,
crossref_Q1_0039,crossref_Q1,crossref,Q1,BBR-PP: Accelerating Slow Start for Congestion Control in LEO Satellite Networks,,2026,10.1145/3821162.3821172,pending,,to_assign,to_assign,doi:10.1145/3821162.3821172,,bbr;congestion control;satellite;leo,priority_review,candidate_include,BBR/BDP-Veno/OVeno term plus a review topic,include_title_abstract,,not_started,Codex,2026-09-28,Direct BBR/Veno/BDP-Veno/OVeno evidence with a transport or network topic.,pending_full_text,3,doi_or_subscription,,,pending_full_text,,Codex,
crossref_Q1_0040,crossref_Q1,crossref,Q1,Through the RTT Lens : A Comparative study of CUBIC and BBR Congestion Control,,2023,10.32628/cseit2390652,pending,,to_assign,to_assign,doi:10.32628/cseit2390652,,bbr;congestion control;rtt,priority_review,candidate_include,BBR/BDP-Veno/OVeno term plus a review topic,include_title_abstract,,not_started,Codex,2026-09-28,Direct BBR/Veno/BDP-Veno/OVeno evidence with a transport or network topic.,pending_full_text,3,doi_or_subscription,,,pending_full_text,,Codex,
crossref_Q1_0046,crossref_Q1,crossref,Q1,An Improved BBR Algorithm with Adaptive Congestion Control for LEO Satellite Networks,,2024,10.1109/iccnc63989.2024.00013,pending,,to_assign,to_assign,doi:10.1109/iccnc63989.2024.00013,,bbr;congestion control;satellite;leo,priority_review,candidate_include,BBR/BDP-Veno/OVeno term plus a review topic,include_title_abstract,,not_started,Codex,2026-09-28,Direct BBR/Veno/BDP-Veno/OVeno evidence with a transport or network topic.,pending_full_text,3,doi_or_subscription,,,pending_full_text,,Codex,
crossref_Q1_0055,crossref_Q1,crossref,Q1,Improvement of RTT Fairness Problem in BBR Congestion Control Algorithm by Gamma Correction,,2021,10.3390/s21124128,pending,,to_assign,to_assign,doi:10.3390/s21124128,,bbr;congestion control;fairness;rtt,priority_review,candidate_include,BBR/BDP-Veno/OVeno term plus a review topic,include_title_abstract,,not_started,Codex,2026-09-28,Direct BBR/Veno/BDP-Veno/OVeno evidence with a transport or network topic.,pending_full_text,3,doi_or_subscription,,,pending_full_text,,Codex,
crossref_Q1_0056,crossref_Q1,crossref,Q1,Performance Study of Improved BBR Congestion Control Algorithm using QUIC in Wireless LAN,,2021,10.1109/iucc-cit-dsci-smartcns55181.2021.00085,pending,,to_assign,to_assign,doi:10.1109/iucc-cit-dsci-smartcns55181.2021.00085,,bbr;congestion control;wireless;quic,priority_review,candidate_include,BBR/BDP-Veno/OVeno term plus a review topic,include_title_abstract,,not_started,Codex,2026-09-28,Direct BBR/Veno/BDP-Veno/OVeno evidence with a transport or network topic.,pending_full_text,3,doi_or_subscription,,,pending_full_text,,Codex,
crossref_Q1_0058,crossref_Q1,crossref,Q1,FEBBR: A Fairness-Enhanced Approach for BBR Congestion Control,,2023,10.1109/bmsb58369.2023.10211562,pending,,to_assign,to_assign,doi:10.1109/bmsb58369.2023.10211562,,bbr;congestion control;fairness,priority_review,candidate_include,BBR/BDP-Veno/OVeno term plus a review topic,include_title_abstract,,not_started,Codex,2026-09-28,Direct BBR/Veno/BDP-Veno/OVeno evidence with a transport or network topic.,pending_full_text,3,doi_or_subscription,,,pending_full_text,,Codex,
crossref_Q1_0069,crossref_Q1,crossref,Q1,A QoS‐Based Fairness‐Aware BBR Congestion Control Algorithm Using QUIC,,2022,10.1155/2022/7222030,pending,,to_assign,to_assign,doi:10.1155/2022/7222030,,bbr;congestion control;fairness;quic,priority_review,candidate_include,BBR/BDP-Veno/OVeno term plus a review topic,include_title_abstract,,not_started,Codex,2026-09-28,Direct BBR/Veno/BDP-Veno/OVeno evidence with a transport or network topic.,pending_full_text,3,doi_or_subscription,,,pending_full_text,,Codex,
crossref_Q1_0099,crossref_Q1,crossref,Q1,Delay-Aware BBR Congestion Control Algorithm for RTT Fairness Improvement,,2020,10.1109/access.2019.2962213,pending,,to_assign,to_assign,doi:10.1109/access.2019.2962213,,bbr;congestion control;fairness;rtt,priority_review,candidate_include,BBR/BDP-Veno/OVeno term plus a review topic,include_title_abstract,,not_started,Codex,2026-09-28,Direct BBR/Veno/BDP-Veno/OVeno evidence with a transport or network topic.,pending_full_text,3,doi_or_subscription,,,pending_full_text,,Codex,
crossref_Q1_0168,crossref_Q1,crossref,Q1,Bbr-With Adaptive Pacing Gain(Bbr-Apg): An Improved Rtt,,2022,10.2139/ssrn.4132906,pending,,to_assign,to_assign,doi:10.2139/ssrn.4132906,,bbr;rtt,priority_review,candidate_include,BBR/BDP-Veno/OVeno term plus a review topic,include_title_abstract,,not_started,Codex,2026-09-28,Direct BBR/Veno/BDP-Veno/OVeno evidence with a transport or network topic.,pending_full_text,3,doi_or_subscription,,,pending_full_text,,Codex,
crossref_Q3_0005,crossref_Q3,crossref,Q3,RTT Fairness Improvement in TCP BBR with Dynamic Target Adjustment,,2025,10.1109/icce-taiwan66881.2025.11208040,pending,,to_assign,to_assign,doi:10.1109/icce-taiwan66881.2025.11208040,,bbr;tcp;fairness;rtt,priority_review,candidate_include,BBR/BDP-Veno/OVeno term plus a review topic,include_title_abstract,,not_started,Codex,2026-09-28,Direct BBR/Veno/BDP-Veno/OVeno evidence with a transport or network topic.,pending_full_text,3,doi_or_subscription,,,pending_full_text,,Codex,
crossref_Q3_0008,crossref_Q3,crossref,Q3,Unraveling the RTT-fairness Problem for BBR: A Queueing Model,,2018,10.1109/glocom.2018.8647260,pending,,to_assign,to_assign,doi:10.1109/glocom.2018.8647260,,bbr;fairness;rtt;queue,priority_review,candidate_include,BBR/BDP-Veno/OVeno term plus a review topic,include_title_abstract,,not_started,Codex,2026-09-28,Direct BBR/Veno/BDP-Veno/OVeno evidence with a transport or network topic.,pending_full_text,3,doi_or_subscription,,,pending_full_text,,Codex,
crossref_Q3_0021,crossref_Q3,crossref,Q3,A Study on Cyclic Performance Fluctuation of CUBIC TCP and TCP BBR Considering Estimated RTT and Bandwidth,,2019,10.1109/candarw.2019.00091,pending,,to_assign,to_assign,doi:10.1109/candarw.2019.00091,,bbr;tcp;rtt,priority_review,candidate_include,BBR/BDP-Veno/OVeno term plus a review topic,include_title_abstract,,not_started,Codex,2026-09-28,Direct BBR/Veno/BDP-Veno/OVeno evidence with a transport or network topic.,pending_full_text,3,doi_or_subscription,,,pending_full_text,,Codex,
crossref_Q3_0030,crossref_Q3,crossref,Q3,BBR-CWS: Improving the Inter-Protocol Fairness of BBR,,2020,10.3390/electronics9050862,pending,,to_assign,to_assign,doi:10.3390/electronics9050862,,bbr;fairness,priority_review,candidate_include,BBR/BDP-Veno/OVeno term plus a review topic,include_title_abstract,,not_started,Codex,2026-09-28,Direct BBR/Veno/BDP-Veno/OVeno evidence with a transport or network topic.,pending_full_text,3,doi_or_subscription,,,pending_full_text,,Codex,
crossref_Q3_0031,crossref_Q3,crossref,Q3,BAR : BBR with Adjusting RTprop for Inter-Protocol Fairness with CUBIC TCP,,2023,10.1109/lanman58293.2023.10189813,pending,,to_assign,to_assign,doi:10.1109/lanman58293.2023.10189813,,bbr;tcp;fairness,priority_review,candidate_include,BBR/BDP-Veno/OVeno term plus a review topic,include_title_abstract,,not_started,Codex,2026-09-28,Direct BBR/Veno/BDP-Veno/OVeno evidence with a transport or network topic.,pending_full_text,3,doi_or_subscription,,,pending_full_text,,Codex,
crossref_Q3_0034,crossref_Q3,crossref,Q3,BBR Advanced (BBR-A) — Reduced retransmissions with improved fairness,,2020,10.1016/j.icte.2020.05.009,pending,,to_assign,to_assign,doi:10.1016/j.icte.2020.05.009,,bbr;fairness,priority_review,candidate_include,BBR/BDP-Veno/OVeno term plus a review topic,include_title_abstract,,not_started,Codex,2026-09-28,Direct BBR/Veno/BDP-Veno/OVeno evidence with a transport or network topic.,pending_full_text,3,doi_or_subscription,,,pending_full_text,,Codex,
crossref_Q3_0036,crossref_Q3,crossref,Q3,Enhanced Loss-Recovery Mechanism for BBR to Improve Inter-protocol Fairness,,2019,10.1109/ictc46691.2019.8939768,pending,,to_assign,to_assign,doi:10.1109/ictc46691.2019.8939768,,bbr;fairness,priority_review,candidate_include,BBR/BDP-Veno/OVeno term plus a review topic,include_title_abstract,,not_started,Codex,2026-09-28,Direct BBR/Veno/BDP-Veno/OVeno evidence with a transport or network topic.,pending_full_text,3,doi_or_subscription,,,pending_full_text,,Codex,
crossref_Q3_0040,crossref_Q3,crossref,Q3,A Modified TCP BBR to Enable High Fairness in High-Speed Wireless Networks,,2024,10.3390/fi16110392,pending,,to_assign,to_assign,doi:10.3390/fi16110392,,bbr;tcp;fairness;wireless,priority_review,candidate_include,BBR/BDP-Veno/OVeno term plus a review topic,include_title_abstract,,not_started,Codex,2026-09-28,Direct BBR/Veno/BDP-Veno/OVeno evidence with a transport or network topic.,pending_full_text,3,doi_or_subscription,,,pending_full_text,,Codex,
crossref_Q3_0044,crossref_Q3,crossref,Q3,OBF-SFP: Service-Rate Based AQM with BDP Gating and Stochastic Binning for BBR-CUBIC Fairness in Single-Queue Networks,,2026,10.1109/isitia71267.2026.11642321,pending,,to_assign,to_assign,doi:10.1109/isitia71267.2026.11642321,,bbr;fairness;queue,priority_review,candidate_include,BBR/BDP-Veno/OVeno term plus a review topic,include_title_abstract,,not_started,Codex,2026-09-28,Direct BBR/Veno/BDP-Veno/OVeno evidence with a transport or network topic.,pending_full_text,3,doi_or_subscription,,,pending_full_text,,Codex,
crossref_Q3_0045,crossref_Q3,crossref,Q3,Ad-BBR: Enhancing Round-Trip Time Fairness and Transmission Stability in TCP-BBR,,2025,10.3390/fi17050189,pending,,to_assign,to_assign,doi:10.3390/fi17050189,,bbr;tcp;fairness,priority_review,candidate_include,BBR/BDP-Veno/OVeno term plus a review topic,include_title_abstract,,not_started,Codex,2026-09-28,Direct BBR/Veno/BDP-Veno/OVeno evidence with a transport or network topic.,pending_full_text,3,doi_or_subscription,,,pending_full_text,,Codex,
crossref_Q4_0001,crossref_Q4,crossref,Q4,"Figure 5: Buffer occupancy and throughput of BBR flows with varied RTTs (pre
                      <i>vs</i>
                      . post Niche).",,,10.7717/peerj-cs.3840/fig-5,pending,,to_assign,to_assign,doi:10.7717/peerj-cs.3840/fig-5,,bbr;rtt;buffer,priority_review,candidate_include,BBR/BDP-Veno/OVeno term plus a review topic,include_title_abstract,,not_started,Codex,2026-09-28,Direct BBR/Veno/BDP-Veno/OVeno evidence with a transport or network topic.,pending_full_text,3,doi_or_subscription,,,pending_full_text,,Codex,
crossref_Q7_0007,crossref_Q7,crossref,Q7,Performance Evaluation of QUIC with BBR in Satellite Internet,,2018,10.1109/wisee.2018.8637347,pending,,to_assign,to_assign,doi:10.1109/wisee.2018.8637347,,bbr;satellite;quic,priority_review,candidate_include,BBR/BDP-Veno/OVeno term plus a review topic,include_title_abstract,,not_started,Codex,2026-09-28,Direct BBR/Veno/BDP-Veno/OVeno evidence with a transport or network topic.,pending_full_text,3,doi_or_subscription,,,pending_full_text,,Codex,
crossref_Q8_0175,crossref_Q8,crossref,Q8,Double Fairness Policy Learning: Integrating Action Fairness and Outcome Fairness in Decision-making,,2026,10.2139/ssrn.6602098,pending,,to_assign,to_assign,doi:10.2139/ssrn.6602098,,fairness;learning,priority_review,candidate_background,General learning congestion-control evidence; scope must be checked,include_title_abstract,,not_started,Codex,2026-09-28,Learning-assisted congestion-control background evidence.,pending_full_text,3,doi_or_subscription,,,pending_full_text,,Codex,
crossref_Q8_0178,crossref_Q8,crossref,Q8,Double Fairness Policy Learning: Integrating Action Fairness and Outcome Fairness in Decision-making,,2026,10.2139/ssrn.6706678,pending,,to_assign,to_assign,doi:10.2139/ssrn.6706678,,fairness;learning,priority_review,candidate_background,General learning congestion-control evidence; scope must be checked,include_title_abstract,,not_started,Codex,2026-09-28,Learning-assisted congestion-control background evidence.,pending_full_text,3,doi_or_subscription,,,pending_full_text,,Codex,
openalex_Q1_0017,openalex_Q1,openalex,Q1,Improvement of inter-protocol fairness for BBR congestion control using machine learning,"In 2016, Google proposed the bottleneck bandwidth round-trip propagation time (BBR) as a new congestion control algorithm for improving network speed. As BBR has different behavioral characteristics from loss-based congestion control, it must ensure the coexistence between congestion control algorithms. However, throughput imbalance has been reported in a competition between BBR and loss-based congestion control. In this paper, we propose an opponent congestion control identification model of BBR (OI-BBR) with machine learning to improving inter-protocol fairness. In the emulation experiments, we confirmed that OI-BBR based on the proposed model improved the inter-protocol fairness by operating differently according to the opponent congestion control algorithms.",2020,https://doi.org/10.1109/icaiic48513.2020.9065259,pending,,to_assign,to_assign,doi:https://doi.org/10.1109/icaiic48513.2020.9065259,,bbr;congestion control;fairness;learning,priority_review,candidate_include,BBR/BDP-Veno/OVeno term plus a review topic,include_title_abstract,,not_started,Codex,2026-09-28,Direct BBR/Veno/BDP-Veno/OVeno evidence with a transport or network topic.,pending_full_text,2,doi_or_subscription,https://doi.org/10.1109/icaiic48513.2020.9065259,,pending_full_text,,Codex,
openalex_Q1_0022,openalex_Q1,openalex,Q1,TCP Fairness Among Modern TCP Congestion Control Algorithms Including TCP BBR,"For improving communication performance, many fast TCP algorithms, e.g. CUBIC TCP and Compound TCP, have been proposed. These proposals have raised another issue that is performance fairness among TCP congestion control algorithms. Several papers were published for discussing the fairness and some of them revealed their unfairness. In addition, some fairness improving methods based on packet dropping, for example applying CoDel, have been proposed. However, these existing works were based on the existing TCP algorithms, which were loss-based, delay-based, or hybrid type TCP congestion control algorithm. In 2016, another TCP congestion control algorithm, called TCP BBR, was proposed. The algorithm is based on the congestion model by Kleinrock and not loss-based or delay-based. In this paper, we investigate the performance fairness between CUBIC TCP and TCP BBR. We present performance evaluation in conditions wherein connections of TCP BBR and CUBIC TCP are concurrently established. We then demonstrate that the performance fairness between TCP BBR and CUBIC TCP is very low, especially with high latency. In the case of 64 ms RTT, TCP BBR obtained about 45 times of performance of CUBIC TCP. We applied CoDel for improving TCP fairness and evaluated the fairness. Our evaluation showed that it did not work well in case of TCP BBR consumes much bandwidth. On the other hand, it is effective in case of TCP BBR cannot obtain enough throughput.",2018,https://doi.org/10.1109/cloudnet.2018.8549505,pending,,to_assign,to_assign,doi:https://doi.org/10.1109/cloudnet.2018.8549505,,bbr;congestion control;tcp;fairness;rtt,priority_review,candidate_include,BBR/BDP-Veno/OVeno term plus a review topic,include_title_abstract,,not_started,Codex,2026-09-28,Direct BBR/Veno/BDP-Veno/OVeno evidence with a transport or network topic.,pending_full_text,2,doi_or_subscription,https://doi.org/10.1109/cloudnet.2018.8549505,,pending_full_text,,Codex,
openalex_Q1_0027,openalex_Q1,openalex,Q1,Adaptive-BBR: Fine-Grained Congestion Control with Improved Fairness and Low Latency,"Traditional loss-based congestion control protocols interpret packet loss as network congestion. Recently, Google proposed BBR, which is a congestion-based congestion control protocol. It employs delivery rate as the knob for congestion control, which achieves higher throughput and lower latency. Interestingly, BBR is found to have a preference for longer round-trip time (RTT) flows, which enjoy higher bandwidth ratio compared to flows with shorter RTT. To address this fairness issue, we proposed Adaptive-BBR, which creatively uses adaptive pacing gain to adjust the sending rate. The objective is that, via the proposed fine-grained adaptive mechanism, flows with different RTTs share similar portion of bottleneck bandwidth. Simulation results show that Adaptive-BBR can improve fairness by at least 47.8 %, and reduce average queuing delay by up to 93.3%, compared with that of BBR.",2019,https://doi.org/10.1109/wcnc.2019.8885527,pending,,to_assign,to_assign,doi:https://doi.org/10.1109/wcnc.2019.8885527,,bbr;congestion control;fairness;rtt,priority_review,candidate_include,BBR/BDP-Veno/OVeno term plus a review topic,include_title_abstract,,not_started,Codex,2026-09-28,Direct BBR/Veno/BDP-Veno/OVeno evidence with a transport or network topic.,pending_full_text,2,doi_or_subscription,https://doi.org/10.1109/wcnc.2019.8885527,,pending_full_text,,Codex,
openalex_Q1_0036,openalex_Q1,openalex,Q1,B3R: A New Approach to BBR Congestion Control for Shallow Buffers,"The introduction of Bottleneck Bandwidth and Round-trip time (BBR), a state based Congestion Control Algorithm (CCA), has brought new insights into the way how modern network handles multitude of data across shared links for minimal delay and maximum bandwidth utilization. It claimed to be operating at Kleinrock’s optimal operating point without filling up buffers or having large packet losses. However, evaluation of BBR revealed that it displayed a high loss rate under certain operating conditions. The reason for high losses in BBR is the static increase of sending rate by a factor of 1.25 while probing for more bandwidth under small bottleneck buffer sizes, typically when buffer sizes are less than one times the product of Bandwidth and delay. High packet losses in short buffer sizes can lead to disruptive connections and poor application performance. To tackle this issue, we propose Bottleneck Bandwidth Buffer and Round-trip propagation time (B3R) which aims to actively estimate the bottleneck link buffer and then sets up a proper congestion control in short buffer scenarios to eliminate the high packet loss. The proposed model is evaluated on a testbed network, and the results showed that B3R reduced retransmissions by up to 80% as compared to BBR under short buffer scenarios.",2021,https://doi.org/10.1109/acts53447.2021.9708095,pending,,to_assign,to_assign,doi:https://doi.org/10.1109/acts53447.2021.9708095,,bbr;congestion control;buffer,priority_review,candidate_include,BBR/BDP-Veno/OVeno term plus a review topic,include_title_abstract,,not_started,Codex,2026-09-28,Direct BBR/Veno/BDP-Veno/OVeno evidence with a transport or network topic.,pending_full_text,2,doi_or_subscription,https://doi.org/10.1109/acts53447.2021.9708095,,pending_full_text,,Codex,
openalex_Q1_0043,openalex_Q1,openalex,Q1,aBBRate: automating BBR congestion control attack exploration using a model-based approach.,,2019,,pending,,to_assign,to_assign,title:abbrate automating bbr congestion control attack exploration using a model based approach,,bbr;congestion control,priority_review,candidate_include,BBR/BDP-Veno/OVeno term plus a review topic,include_title_abstract,,not_started,Codex,2026-09-28,Direct BBR/Veno/BDP-Veno/OVeno evidence with a transport or network topic.,pending_full_text,2,doi_or_subscription,https://repository.library.northeastern.edu/files/neu:m044dz373/fulltext.pdf,,pending_full_text,,Codex,
openalex_Q1_0053,openalex_Q1,openalex,Q1,TCP CUBIC versus BBR on the Highway,,2018,https://doi.org/10.1007/978-3-319-76481-8_20,pending,,to_assign,to_assign,doi:https://doi.org/10.1007/978-3-319-76481-8_20,,bbr;tcp,priority_review,candidate_include,BBR/BDP-Veno/OVeno term plus a review topic,include_title_abstract,,not_started,Codex,2026-09-28,Direct BBR/Veno/BDP-Veno/OVeno evidence with a transport or network topic.,pending_full_text,2,doi_or_subscription,https://doi.org/10.1007/978-3-319-76481-8_20,,pending_full_text,,Codex,
openalex_Q1_0060,openalex_Q1,openalex,Q1,Congestion Window Scaling Method for Inter-protocol Fairness of BBR,"Unlike the existing loss-based and delay-based congestion control algorithms, the Bottleneck Bandwidth Round-trip propagation time (BBR) congestion control algorithm determines the amount of sending data to be transferred at a specific time by calculting BDP (Bandwidth Delay Product). However, when BBR competes with loss-based congestion control algorithms, such as Reno and CUBIC, most of the bottleneck bandwidth is occupied by specific flows or excessive packet loss occurs. In previous work, we proposed an improved loss recovery mechanism in order to address above problems. Through the previous proposal, the fairness between BBR and loss-based algorithms was improved if the buffer size was larger than 2 BDP. However, if the buffer size was smaller than 2 BDP, the performance imbalance and continuous packet retransmission still occurred. In this paper, we propose a congestion window upper scaling method that complements the previously proposed loss recovery mechanism. In addition, we conduct an experiment and evalute its enhanced performance in a Mininet emulator.",2020,https://doi.org/10.1109/ccnc46108.2020.9045307,pending,,to_assign,to_assign,doi:https://doi.org/10.1109/ccnc46108.2020.9045307,,bbr;congestion control;fairness;buffer,priority_review,candidate_include,BBR/BDP-Veno/OVeno term plus a review topic,include_title_abstract,,not_started,Codex,2026-09-28,Direct BBR/Veno/BDP-Veno/OVeno evidence with a transport or network topic.,pending_full_text,2,doi_or_subscription,https://doi.org/10.1109/ccnc46108.2020.9045307,,pending_full_text,,Codex,
openalex_Q1_0094,openalex_Q1,openalex,Q1,Improvement of Cyclic Performance Variation between TCP BBR and CUBIC,"Google proposed a new congestion control algorithm called bottleneck bandwidth round-trip propagation time (BBR) in 2016. CUBIC TCP tends to fill the bottleneck buffer, whereas TCP BBR tries to send data without creating excess queue. BBR periodically measures the maximum available bandwidth and the minimum round-trip time to estimate the bandwidth delay product (bdp). Then, BBR determines its sending rate. However, when BBR competes with CUBIC, it has some problems caused by BBR's incorrect estimation. These problems are as follows: most of the bandwidth is occupied by a certain flow, and excessive packet loss occurs. In this paper, we propose a new BBR loss recovery mechanism so that BBR can coexist with other loss-based congestion control algorithms without excessive packet losses, as we focused on searching for the appropriate minimum RTT to allow BBR and CUBIC to coexist fairly on the bottleneck link. Furthermore, we constructed a simple testbed topology so as to evaluate the performance of the proposed BBR loss recovery mechanism. We showed that proposed BBR got a fair share with CUBIC on the bottleneck link as well as that the packet loss caused by BBR's bdp overestimation were reduced.",2019,https://doi.org/10.1109/apcc47188.2019.9026471,pending,,to_assign,to_assign,doi:https://doi.org/10.1109/apcc47188.2019.9026471,,bbr;congestion control;tcp;rtt;buffer;queue,priority_review,candidate_include,BBR/BDP-Veno/OVeno term plus a review topic,include_title_abstract,,not_started,Codex,2026-09-28,Direct BBR/Veno/BDP-Veno/OVeno evidence with a transport or network topic.,pending_full_text,2,doi_or_subscription,https://doi.org/10.1109/apcc47188.2019.9026471,,pending_full_text,,Codex,
openalex_Q1_0098,openalex_Q1,openalex,Q1,WIP: Leveraging QUIC for a Receiver-driven BBR for Cellular Networks,"Cellular networks are continuously evolving to allow improved throughput and low latency performance for applications. However, it has been shown that, due to buffer over-provisioning, TCP's standard loss-based congestion control algorithms (CCAs) can cause long delays in cellular networks. The QUIC transport protocol and the Bottleneck Bandwidth and Round-trip propagation time (BBR) congestion control are both proposed in response to shortcomings observed in TCP and loss-based CCAs. Despite its notable advantages, BBR can experience suboptimal delay performance in cellular networks due to one of its underlying design choices: the maximum bandwidth filter at the sender. In this work, we leverage QUIC's extensibility to enhance BBR. Instead of using the ACK rate observed at the sender side, we apply a more fitting delivery rate calculated at the receiver. Our 5G-trace-based emulation experiments in CloudLab suggest that our modified QUIC could significantly improve latency without any notable effect on the throughput: In particular, in some of our experiments, we observe up to 39% reduction of the round-trip time (RTT) with a worstcase throughput reduction of 2.7%.",2021,https://doi.org/10.1109/wowmom51794.2021.00046,pending,,to_assign,to_assign,doi:https://doi.org/10.1109/wowmom51794.2021.00046,,bbr;congestion control;tcp;rtt;buffer;quic,priority_review,candidate_include,BBR/BDP-Veno/OVeno term plus a review topic,include_title_abstract,,not_started,Codex,2026-09-28,Direct BBR/Veno/BDP-Veno/OVeno evidence with a transport or network topic.,pending_full_text,2,doi_or_subscription,https://doi.org/10.1109/wowmom51794.2021.00046,,pending_full_text,,Codex,
openalex_Q1_0119,openalex_Q1,openalex,Q1,BBR vs. BBRv2: A Performance Evaluation,"Google's new congestion control algorithm, BBR, has seen wide adoption. However, there are concerns about its unfairness to legacy congestion control algorithms and the high retransmissions experienced under lossy conditions. In response, Google designed BBRv2 to address these concerns. However, the performance of BBRv2 with respect to BBR or Cubic has not been studied systematically. This paper presents a fine-grained performance study of BBRv2 under a variety of RTTs, band-widths, buffer sizes, and loss conditions, in both LAN and WAN environments. We construct a decision tree to determine whether BBR or BBRv2 performs better under different conditions. We observe that BBRv2‘s goodput is significantly low compared to BBR's under induced loss and bursty losses, and the effect is magnified under large BDP. Our results suggest that BBRv2 trades performance for better fairness under losses. To bridge this gap, we investigate the workings of BBRv2 and find that BBRv2 employs a long-term upper bound on sending rate that is not robust to losses. This upper bound is continually decremented in the presence of persistent losses, thereby depressing goodput. We show that by aligning BBRv2‘s upper bound with its maximum bandwidth estimation, BBRv2‘s performance can be greatly improved while maintaining its fairness.",2024,https://doi.org/10.1109/comsnets59351.2024.10427175,pending,,to_assign,to_assign,doi:https://doi.org/10.1109/comsnets59351.2024.10427175,,bbr;congestion control;fairness;rtt;buffer,priority_review,candidate_include,BBR/BDP-Veno/OVeno term plus a review topic,include_title_abstract,,not_started,Codex,2026-09-28,Direct BBR/Veno/BDP-Veno/OVeno evidence with a transport or network topic.,pending_full_text,2,doi_or_subscription,https://doi.org/10.1109/comsnets59351.2024.10427175,,pending_full_text,,Codex,
openalex_Q1_0126,openalex_Q1,openalex,Q1,Mechanism of Cyclic Performance Fluctuation of TCP BBR and CUBIC TCP Communications,"Traditional TCP congestion control algorithms, such as TCP Tahoe and TCP Reno, do not completely utilize the bandwidth of the recent long-fat networks. To address this issue, many fast TCP algorithms, such as CUBIC TCP, have been proposed. In addition, a novel TCP algorithm called TCP BBR was proposed in 2016. It is causes problems such as performance fairness between TCP algorithms. Existing studies have demonstrated that the performances of TCP BBR and CUBIC TCP severely fluctuate in networks where these TCP algorithms function competitively. However, the mechanism of this fluctuation has not been analyzed. In this paper, we reveal the cause of this performance fluctuation by analyzing insights into the behavior of these TCP algorithms and the queue in the bottlenecked link. When the TCP bottleneck bandwidth and round-trip propagation time (TCP BBR) connections dominate the consumption of the bandwidth, the DRAINs of TCP BBR significantly reduce the queue length and RTT. This causes a very small RTprop and a severe decrease in the congestion window size of TCP BBR. This small RTprop corresponds to an accurate round-trip propagation, but this accurate propagation, unfortunately, degrades the performance of the TCP BBR. Hence, CUBIC TCP becomes dominant. When CUBIC TCP connections dominate the bandwidth, the DRAINs of TCP BBR connections have little effect on the queue size and TCP BBR connections experience a large RTT. Thus, the RTprop and the congestion window sizes of TCP BBR connections increase significantly. Hence, TCP BBR becomes dominant.",2020,https://doi.org/10.1109/compsac48688.2020.0-103,pending,,to_assign,to_assign,doi:https://doi.org/10.1109/compsac48688.2020.0-103,,bbr;congestion control;tcp;fairness;rtt;queue,priority_review,candidate_include,BBR/BDP-Veno/OVeno term plus a review topic,include_title_abstract,,not_started,Codex,2026-09-28,Direct BBR/Veno/BDP-Veno/OVeno evidence with a transport or network topic.,pending_full_text,2,doi_or_subscription,https://doi.org/10.1109/compsac48688.2020.0-103,,pending_full_text,,Codex,
openalex_Q1_0177,openalex_Q1,openalex,Q1,Fairness Analysis and Optimization of BBR Congestion Control Algorithm,,2024,https://doi.org/10.1007/978-981-97-0798-0_5,pending,,to_assign,to_assign,doi:https://doi.org/10.1007/978-981-97-0798-0_5,,bbr;congestion control;fairness,priority_review,candidate_include,BBR/BDP-Veno/OVeno term plus a review topic,include_title_abstract,,not_started,Codex,2026-09-28,Direct BBR/Veno/BDP-Veno/OVeno evidence with a transport or network topic.,pending_full_text,2,doi_or_subscription,https://doi.org/10.1007/978-981-97-0798-0_5,,pending_full_text,,Codex,
openalex_Q1_0186,openalex_Q1,openalex,Q1,BBRvl vs BBRv2: Examining Performance Differences through Experimental Evaluation,"BBR, a congestion control algorithm proposed by Google, regulates the source sending rate by deriving an estimate of the bottleneck’s available bandwidth and RTT of the path. The initial version of BBR, called BBRvl, was found to be unfair, getting higher than the fair share of bandwidth when co-existing on bottleneck links with other congestion control algorithms. It also does not perform as well with networks having routers with shallow buffers. To overcome these concerns, a newer version, called BBRv2, has been proposed. Our goal in this paper is to understand the differences between the two versions and examine the primary reasons behind the improvement in performance of BBRv2. We present an experimental evaluation of BBRvl and BBRv2, evaluating their fairness across connections using the same protocol (intra-protocol fairness) and using different protocols (inter-protocol fairness) as well as delay and link utilization. From experiments with shallow and deep buffers, BBRv2 is most effective when it uses Explicit Congestion Notification (ECN), but fairness issues continue to exist in BBRv2 when ECN is disabled. A concern for BBRv2 is that it is somewhat complex to deploy in Wide Area Networks (WAN) because of the dependency with the DCTCP-style reduction of the congestion window, which is primarily usable in low-feedback delay Data Center Networks.",2020,https://doi.org/10.1109/lanman49260.2020.9153268,pending,,to_assign,to_assign,doi:https://doi.org/10.1109/lanman49260.2020.9153268,,bbr;congestion control;tcp;fairness;rtt;buffer;ecn,priority_review,candidate_include,BBR/BDP-Veno/OVeno term plus a review topic,include_title_abstract,,not_started,Codex,2026-09-28,Direct BBR/Veno/BDP-Veno/OVeno evidence with a transport or network topic.,pending_full_text,2,doi_or_subscription,https://doi.org/10.1109/lanman49260.2020.9153268,,pending_full_text,,Codex,
openalex_Q3_0032,openalex_Q3,openalex,Q3,TCP BBR Performance Improvement on a Network with Increasing RTT,"TCP BBR, which was proposed in 2016, has become actually in use in some cases, so the performance fairness between the TCP BBR and other TCPs has become important. In this paper, we introduce an important issue of TCP BBR that its performance drops significantly after the start of a connection in a situation wherein TCP BBR connections communicate competitively with CUBIC TCP connections. For this issue, we reveal that this drop is caused by the increase in RTT by CUBIC TCP. We then propose a method for relieving this significant performance decline by updating its estimated RTT (Round-trip time) on a detection of a large difference between estimated and measured RTTs. We evaluate the proposed method and show that the proposed method substantially mitigates the significant performance drop.",2020,https://doi.org/10.1109/candar51075.2020.00035,pending,,to_assign,to_assign,doi:https://doi.org/10.1109/candar51075.2020.00035,,bbr;tcp;fairness;rtt,priority_review,candidate_include,BBR/BDP-Veno/OVeno term plus a review topic,include_title_abstract,,not_started,Codex,2026-09-28,Direct BBR/Veno/BDP-Veno/OVeno evidence with a transport or network topic.,pending_full_text,2,doi_or_subscription,https://doi.org/10.1109/candar51075.2020.00035,,pending_full_text,,Codex,
openalex_Q3_0037,openalex_Q3,openalex,Q3,Improving Google’s BBR for Reduced Latency and Increased Fairness,"BBR is a low latency congestion control algorithm developed by Google as an alternative to the traditional lossbased TCP (Transmission Control Protocol) algorithms, such as CUBIC. However, recent work shows that BBR suffers from 1) additional queuing delay due to competing flows and 2) poor fairness among flows with different Round Trip Times (RTTs). In this paper, we derive an analytic model for BBR’s Multiplicative Increase/Multiplicative Decrease (MIMD) sending rate control that reveals the origin of these issues. Inspired by Google’s recent patch for reducing queuing delay, we further improve BBR for lower latency. Moreover, our analysis suggests that applying a RTT-based adaptive pacing gain to probe bandwidth helps mitigating the fairness issue. Finally, we validate these improvements through simulations using the ns-3 network simulator.",2019,https://doi.org/10.1109/infocomwkshps47286.2019.9093793,pending,,to_assign,to_assign,doi:https://doi.org/10.1109/infocomwkshps47286.2019.9093793,,bbr;congestion control;tcp;fairness;rtt,priority_review,candidate_include,BBR/BDP-Veno/OVeno term plus a review topic,include_title_abstract,,not_started,Codex,2026-09-28,Direct BBR/Veno/BDP-Veno/OVeno evidence with a transport or network topic.,pending_full_text,2,doi_or_subscription,http://dx.doi.org/10.1109/infocomwkshps47286.2019.9093793,,pending_full_text,,Codex,
openalex_Q3_0049,openalex_Q3,openalex,Q3,Improving TCP Fairness by Expiring TCP BBR Considering Frequency,"CUBIC TCP is a congestion control algorithm that enables high-speed communication, and is widely used as the default algorithm in Linux. TCP BBR, which was proposed in 2016, is also a widely used algorithm. It is based on Kleinrock's congestion model. It then estimates the bottleneck bandwidth (BtlBw) and the physical propagation delay (RTprop), and sets the window size as the product of these values, which is called the bandwidth-delay product (BDP). In some existing papers, it has been reported that in a situation where CUBIC TCP and TCP BBR share a bottleneck link, there is a fairness problem in their throughput. In an existing paper, the authors showed a serious problem that the throughput of TCP BBR drops significantly at the beginning of communication in the sharing situation. They then proposed a method to improve fairness where TCP BBR invokes the expire procedure if its estimated RTprop value and the measured RTT value are significantly different. In this paper, we evaluate its performance and show a significant decrease in throughput when TCP BBR communicates without sharing the network, i.e., standalone communication. To address this issue, we propose a method to mitigate this problem by dynamically setting the threshold to invoke the expire procedure and increase the pacing_gain. We then present performance evaluation results showing that the proposed approach achieves TCP fairness equal to or better than the existing method, without degrading the throughput during standalone communication.",2023,https://doi.org/10.1109/candarw60564.2023.00062,pending,,to_assign,to_assign,doi:https://doi.org/10.1109/candarw60564.2023.00062,,bbr;congestion control;tcp;fairness;rtt,priority_review,candidate_include,BBR/BDP-Veno/OVeno term plus a review topic,include_title_abstract,,not_started,Codex,2026-09-28,Direct BBR/Veno/BDP-Veno/OVeno evidence with a transport or network topic.,pending_full_text,2,doi_or_subscription,http://dx.doi.org/10.1109/candarw60564.2023.00062,,pending_full_text,,Codex,
openalex_Q3_0114,openalex_Q3,openalex,Q3,TCP ROCCET: An RTT-Oriented CUBIC Congestion Control Extension for 5G and Beyond Networks,"The behavior of loss-based TCP congestion control algorithms like TCP CUBIC continues to be a challenge in modern cellular networks. Due to the large RLC layer buffers required to deal with short-term changes in channel capacity, the behavior of both the Slow Start and congestion avoidance phases may be heavily impacted by the lack of packet losses and the resulting bufferbloat. While existing congestion control algorithms like TCP BBR do tend to perform better even in the presence of large bottleneck buffers, they still tend to fill the buffer more than necessary and can have fairness issues when compared to loss-based algorithms. In this paper, we analyze the issues with the use of loss-based congestion control algorithms by analyzing TCP CUBIC, which is currently the most popular variant. To mitigate the issues experienced by TCP CUBIC in cellular networks, we introduce TCP ROCCET, a latency-based extension of TCP CUBIC that responds to network congestion based on round-trip time in addition to packet loss. Our findings show that TCP ROCCET can reduce latency and bufferbloat compared to the standard CUBIC implementation, without requiring a specific network architecture. Compared to TCP BBRv3, ROCCET offers similar throughput while maintaining lower overall latency. The evaluation was conducted in real 5 G networks, including both stationary and mobile scenarios, confirming ROCCET's improved response to network congestion under varying conditions.",2026,https://doi.org/10.23919/wons68803.2026.11501781,pending,,to_assign,to_assign,doi:https://doi.org/10.23919/wons68803.2026.11501781,,bbr;congestion control;tcp;fairness;rtt;buffer,priority_review,candidate_include,BBR/BDP-Veno/OVeno term plus a review topic,include_title_abstract,,not_started,Codex,2026-09-28,Direct BBR/Veno/BDP-Veno/OVeno evidence with a transport or network topic.,pending_full_text,2,doi_or_subscription,https://doi.org/10.23919/wons68803.2026.11501781,,pending_full_text,,Codex,
openalex_Q5_0001,openalex_Q5,openalex,Q5,A bandwidth delay product based modified Veno for high-speed networks: BDP-Veno,,2024,https://doi.org/10.1016/j.jnca.2024.103983,pending,,to_assign,to_assign,doi:https://doi.org/10.1016/j.jnca.2024.103983,,veno,low_priority_review,manual_check,Protocol term present but topic relevance needs reading,include_title_abstract,,not_started,Codex,2026-09-28,Direct BBR/Veno/BDP-Veno/OVeno evidence with a transport or network topic.,pending_full_text,2,doi_or_subscription,https://doi.org/10.1016/j.jnca.2024.103983,,pending_full_text,,Codex,
crossref_Q1_0005,crossref_Q1,crossref,Q1,BBR-ES: An Extended-State Optimization for BBR Congestion Control,,2026,10.1109/tnsm.2026.3668966,pending,,to_assign,to_assign,doi:10.1109/tnsm.2026.3668966,,bbr;congestion control,priority_review,candidate_include,BBR/BDP-Veno/OVeno term plus a review topic,include_title_abstract,,not_started,Codex,2026-09-28,Direct BBR/Veno/BDP-Veno/OVeno evidence with a transport or network topic.,pending_full_text,2,doi_or_subscription,,,pending_full_text,,Codex,
crossref_Q1_0009,crossref_Q1,crossref,Q1,TCP BBR congestion control optimization algorithm for high fairness and low retransmission,,2023,10.21203/rs.3.rs-3365036/v1,pending,,to_assign,to_assign,doi:10.21203/rs.3.rs-3365036/v1,,bbr;congestion control;tcp;fairness,priority_review,candidate_include,BBR/BDP-Veno/OVeno term plus a review topic,include_title_abstract,,not_started,Codex,2026-09-28,Direct BBR/Veno/BDP-Veno/OVeno evidence with a transport or network topic.,pending_full_text,2,doi_or_subscription,,,pending_full_text,,Codex,
crossref_Q1_0016,crossref_Q1,crossref,Q1,A control-theoretic perspective on BBR/CUBIC congestion-control competition,,2026,10.1016/j.peva.2025.102529,pending,,to_assign,to_assign,doi:10.1016/j.peva.2025.102529,,bbr,low_priority_review,manual_check,Protocol term present but topic relevance needs reading,include_title_abstract,,not_started,Codex,2026-09-28,Direct BBR/Veno/BDP-Veno/OVeno evidence with a transport or network topic.,pending_full_text,2,doi_or_subscription,,,pending_full_text,,Codex,
crossref_Q1_0017,crossref_Q1,crossref,Q1,B3R: A New Approach to BBR Congestion Control for Shallow Buffers,,2021,10.1109/acts53447.2021.9708095,pending,,to_assign,to_assign,doi:10.1109/acts53447.2021.9708095,,bbr;congestion control;buffer,priority_review,candidate_include,BBR/BDP-Veno/OVeno term plus a review topic,include_title_abstract,,not_started,Codex,2026-09-28,Direct BBR/Veno/BDP-Veno/OVeno evidence with a transport or network topic.,pending_full_text,2,doi_or_subscription,,,pending_full_text,,Codex,
crossref_Q1_0018,crossref_Q1,crossref,Q1,SDN-based Wireless Access Networks Utilising BBR TCP Congestion Control,,2019,10.1109/itnac46935.2019.9078015,pending,,to_assign,to_assign,doi:10.1109/itnac46935.2019.9078015,,bbr;congestion control;tcp;wireless,priority_review,candidate_include,BBR/BDP-Veno/OVeno term plus a review topic,include_title_abstract,,not_started,Codex,2026-09-28,Direct BBR/Veno/BDP-Veno/OVeno evidence with a transport or network topic.,pending_full_text,2,doi_or_subscription,,,pending_full_text,,Codex,
crossref_Q1_0020,crossref_Q1,crossref,Q1,A Control-Theoretic Perspective on BBR/CUBIC Congestion-Control Competition,,2026,10.1145/3797823.3797839,pending,,to_assign,to_assign,doi:10.1145/3797823.3797839,,bbr,low_priority_review,manual_check,Protocol term present but topic relevance needs reading,include_title_abstract,,not_started,Codex,2026-09-28,Direct BBR/Veno/BDP-Veno/OVeno evidence with a transport or network topic.,pending_full_text,2,doi_or_subscription,,,pending_full_text,,Codex,
crossref_Q1_0022,crossref_Q1,crossref,Q1,On the suitability of BBR congestion control for QUIC over GEO SATCOM networks,,2022,10.1145/3547115.3547194,pending,,to_assign,to_assign,doi:10.1145/3547115.3547194,,bbr;congestion control;quic,priority_review,candidate_include,BBR/BDP-Veno/OVeno term plus a review topic,include_title_abstract,,not_started,Codex,2026-09-28,Direct BBR/Veno/BDP-Veno/OVeno evidence with a transport or network topic.,pending_full_text,2,doi_or_subscription,,,pending_full_text,,Codex,
crossref_Q1_0033,crossref_Q1,crossref,Q1,TCP Fairness Among Modern TCP Congestion Control Algorithms Including TCP BBR,,2018,10.1109/cloudnet.2018.8549505,pending,,to_assign,to_assign,doi:10.1109/cloudnet.2018.8549505,,bbr;congestion control;tcp;fairness,priority_review,candidate_include,BBR/BDP-Veno/OVeno term plus a review topic,include_title_abstract,,not_started,Codex,2026-09-28,Direct BBR/Veno/BDP-Veno/OVeno evidence with a transport or network topic.,pending_full_text,2,doi_or_subscription,,,pending_full_text,,Codex,
crossref_Q1_0034,crossref_Q1,crossref,Q1,Adaptive-BBR: Fine-Grained Congestion Control with Improved Fairness and Low Latency,,2019,10.1109/wcnc.2019.8885527,pending,,to_assign,to_assign,doi:10.1109/wcnc.2019.8885527,,bbr;congestion control;fairness,priority_review,candidate_include,BBR/BDP-Veno/OVeno term plus a review topic,include_title_abstract,,not_started,Codex,2026-09-28,Direct BBR/Veno/BDP-Veno/OVeno evidence with a transport or network topic.,pending_full_text,2,doi_or_subscription,,,pending_full_text,,Codex,
crossref_Q1_0035,crossref_Q1,crossref,Q1,Improvement of inter-protocol fairness for BBR congestion control using machine learning,,2020,10.1109/icaiic48513.2020.9065259,pending,,to_assign,to_assign,doi:10.1109/icaiic48513.2020.9065259,,bbr;congestion control;fairness;learning,priority_review,candidate_include,BBR/BDP-Veno/OVeno term plus a review topic,include_title_abstract,,not_started,Codex,2026-09-28,Direct BBR/Veno/BDP-Veno/OVeno evidence with a transport or network topic.,pending_full_text,2,doi_or_subscription,,,pending_full_text,,Codex,
crossref_Q1_0047,crossref_Q1,crossref,Q1,BBR and the Quest for Low Latency: Optimizing CoDel for Loss-Agnostic Congestion Control,,2025,10.1109/ants66931.2025.11430025,pending,,to_assign,to_assign,doi:10.1109/ants66931.2025.11430025,,bbr;congestion control,priority_review,candidate_include,BBR/BDP-Veno/OVeno term plus a review topic,include_title_abstract,,not_started,Codex,2026-09-28,Direct BBR/Veno/BDP-Veno/OVeno evidence with a transport or network topic.,pending_full_text,2,doi_or_subscription,,,pending_full_text,,Codex,
crossref_Q1_0051,crossref_Q1,crossref,Q1,BBR-ACD: BBR with Advanced Congestion Detection,,2020,10.3390/electronics9010136,pending,,to_assign,to_assign,doi:10.3390/electronics9010136,,bbr,low_priority_review,manual_check,Protocol term present but topic relevance needs reading,include_title_abstract,,not_started,Codex,2026-09-28,Direct BBR/Veno/BDP-Veno/OVeno evidence with a transport or network topic.,pending_full_text,2,doi_or_subscription,,,pending_full_text,,Codex,
crossref_Q1_0060,crossref_Q1,crossref,Q1,Congestion Window Scaling Method for Inter-protocol Fairness of BBR,,2020,10.1109/ccnc46108.2020.9045307,pending,,to_assign,to_assign,doi:10.1109/ccnc46108.2020.9045307,,bbr;fairness,priority_review,candidate_include,BBR/BDP-Veno/OVeno term plus a review topic,include_title_abstract,,not_started,Codex,2026-09-28,Direct BBR/Veno/BDP-Veno/OVeno evidence with a transport or network topic.,pending_full_text,2,doi_or_subscription,,,pending_full_text,,Codex,
crossref_Q1_0061,crossref_Q1,crossref,Q1,Fairness Analysis and Optimization of BBR Congestion Control Algorithm,,2024,10.1007/978-981-97-0798-0_5,pending,,to_assign,to_assign,doi:10.1007/978-981-97-0798-0_5,,bbr;congestion control;fairness,priority_review,candidate_include,BBR/BDP-Veno/OVeno term plus a review topic,include_title_abstract,,not_started,Codex,2026-09-28,Direct BBR/Veno/BDP-Veno/OVeno evidence with a transport or network topic.,pending_full_text,2,doi_or_subscription,,,pending_full_text,,Codex,
crossref_Q2_0001,crossref_Q2,crossref,Q2,BBRv2-TI: A Utility-Guided Congestion Control Algorithm for Tactile Internet over QUIC,,2026,10.1109/ccnc65079.2026.11366525,pending,,to_assign,to_assign,doi:10.1109/ccnc65079.2026.11366525,,bbr;congestion control;quic,priority_review,candidate_include,BBR/BDP-Veno/OVeno term plus a review topic,include_title_abstract,,not_started,Codex,2026-09-28,Direct BBR/Veno/BDP-Veno/OVeno evidence with a transport or network topic.,pending_full_text,2,doi_or_subscription,,,pending_full_text,,Codex,
crossref_Q2_0022,crossref_Q2,crossref,Q2,Understanding of BBRv2: Evaluation and Comparison With BBRv1 Congestion Control Algorithm,,2021,10.1109/access.2021.3061696,pending,,to_assign,to_assign,doi:10.1109/access.2021.3061696,,bbr;congestion control,priority_review,candidate_include,BBR/BDP-Veno/OVeno term plus a review topic,include_title_abstract,,not_started,Codex,2026-09-28,Direct BBR/Veno/BDP-Veno/OVeno evidence with a transport or network topic.,pending_full_text,2,doi_or_subscription,,,pending_full_text,,Codex,
crossref_Q2_0055,crossref_Q2,crossref,Q2,Improvement of BBRv2 Congestion Control Algorithm Based on Flow-aware ECN,,2022,10.1155/2022/1218245,pending,,to_assign,to_assign,doi:10.1155/2022/1218245,,bbr;congestion control;ecn,priority_review,candidate_include,BBR/BDP-Veno/OVeno term plus a review topic,include_title_abstract,,not_started,Codex,2026-09-28,Direct BBR/Veno/BDP-Veno/OVeno evidence with a transport or network topic.,pending_full_text,2,doi_or_subscription,,,pending_full_text,,Codex,
crossref_Q3_0015,crossref_Q3,crossref,Q3,TCP BBR Performance Improvement on a Network with Increasing RTT,,2020,10.1109/candar51075.2020.00035,pending,,to_assign,to_assign,doi:10.1109/candar51075.2020.00035,,bbr;tcp;rtt,priority_review,candidate_include,BBR/BDP-Veno/OVeno term plus a review topic,include_title_abstract,,not_started,Codex,2026-09-28,Direct BBR/Veno/BDP-Veno/OVeno evidence with a transport or network topic.,pending_full_text,2,doi_or_subscription,,,pending_full_text,,Codex,
crossref_Q3_0022,crossref_Q3,crossref,Q3,Overcoming Fairness and Latency Challenges in BBR With an Adaptive Delay Detection,,2025,10.1109/access.2025.3545088,pending,,to_assign,to_assign,doi:10.1109/access.2025.3545088,,bbr;fairness,priority_review,candidate_include,BBR/BDP-Veno/OVeno term plus a review topic,include_title_abstract,,not_started,Codex,2026-09-28,Direct BBR/Veno/BDP-Veno/OVeno evidence with a transport or network topic.,pending_full_text,2,doi_or_subscription,,,pending_full_text,,Codex,
crossref_Q3_0023,crossref_Q3,crossref,Q3,Improving TCP Fairness by Expiring TCP BBR Considering Frequency,,2023,10.1109/candarw60564.2023.00062,pending,,to_assign,to_assign,doi:10.1109/candarw60564.2023.00062,,bbr;tcp;fairness,priority_review,candidate_include,BBR/BDP-Veno/OVeno term plus a review topic,include_title_abstract,,not_started,Codex,2026-09-28,Direct BBR/Veno/BDP-Veno/OVeno evidence with a transport or network topic.,pending_full_text,2,doi_or_subscription,,,pending_full_text,,Codex,
crossref_Q3_0027,crossref_Q3,crossref,Q3,MPTCP fairness algorithm based on DTW and BBR,,2021,10.1109/eiecs53707.2021.9588019,pending,,to_assign,to_assign,doi:10.1109/eiecs53707.2021.9588019,,bbr;tcp;fairness,priority_review,candidate_include,BBR/BDP-Veno/OVeno term plus a review topic,include_title_abstract,,not_started,Codex,2026-09-28,Direct BBR/Veno/BDP-Veno/OVeno evidence with a transport or network topic.,pending_full_text,2,doi_or_subscription,,,pending_full_text,,Codex,
crossref_Q3_0032,crossref_Q3,crossref,Q3,Improving Google’s BBR for Reduced Latency and Increased Fairness,,2019,10.1109/infocomwkshps47286.2019.9093793,pending,,to_assign,to_assign,doi:10.1109/infocomwkshps47286.2019.9093793,,bbr;fairness,priority_review,candidate_include,BBR/BDP-Veno/OVeno term plus a review topic,include_title_abstract,,not_started,Codex,2026-09-28,Direct BBR/Veno/BDP-Veno/OVeno evidence with a transport or network topic.,pending_full_text,2,doi_or_subscription,,,pending_full_text,,Codex,
crossref_Q3_0049,crossref_Q3,crossref,Q3,"Model-based insights on the performance, fairness, and stability of BBR",,2022,10.1145/3517745.3561420,pending,,to_assign,to_assign,doi:10.1145/3517745.3561420,,bbr;fairness,priority_review,candidate_include,BBR/BDP-Veno/OVeno term plus a review topic,include_title_abstract,,not_started,Codex,2026-09-28,Direct BBR/Veno/BDP-Veno/OVeno evidence with a transport or network topic.,pending_full_text,2,doi_or_subscription,,,pending_full_text,,Codex,
crossref_Q3_0055,crossref_Q3,crossref,Q3,Research on BBR Fairness in Multiple Scenarios,,2025,10.1145/3727353.3727460,pending,,to_assign,to_assign,doi:10.1145/3727353.3727460,,bbr;fairness,priority_review,candidate_include,BBR/BDP-Veno/OVeno term plus a review topic,include_title_abstract,,not_started,Codex,2026-09-28,Direct BBR/Veno/BDP-Veno/OVeno evidence with a transport or network topic.,pending_full_text,2,doi_or_subscription,,,pending_full_text,,Codex,
crossref_Q3_0063,crossref_Q3,crossref,Q3,BBR-TAS: A TSQ-Adaptive Pacing Shift Design for BBR-v3 over Wi-Fi 6 Networks,,2026,10.20944/preprints202609.0073.v1,pending,,to_assign,to_assign,doi:10.20944/preprints202609.0073.v1,,bbr,low_priority_review,manual_check,Protocol term present but topic relevance needs reading,include_title_abstract,,not_started,Codex,2026-09-28,Direct BBR/Veno/BDP-Veno/OVeno evidence with a transport or network topic.,pending_full_text,2,doi_or_subscription,,,pending_full_text,,Codex,
crossref_Q3_0071,crossref_Q3,crossref,Q3,BBR+: improving TCP BBR Performance over WLAN,,2020,10.1109/icc40277.2020.9149220,pending,,to_assign,to_assign,doi:10.1109/icc40277.2020.9149220,,bbr;tcp,priority_review,candidate_include,BBR/BDP-Veno/OVeno term plus a review topic,include_title_abstract,,not_started,Codex,2026-09-28,Direct BBR/Veno/BDP-Veno/OVeno evidence with a transport or network topic.,pending_full_text,2,doi_or_subscription,,,pending_full_text,,Codex,
crossref_Q3_0118,crossref_Q3,crossref,Q3,BBR-TAS: A TSQ-Adaptive Pacing Shift Design for BBR-v3 over Wi-Fi 6 Networks,,2026,10.20944/preprints202609.0073.v2,pending,,to_assign,to_assign,doi:10.20944/preprints202609.0073.v2,,bbr,low_priority_review,manual_check,Protocol term present but topic relevance needs reading,include_title_abstract,,not_started,Codex,2026-09-28,Direct BBR/Veno/BDP-Veno/OVeno evidence with a transport or network topic.,pending_full_text,2,doi_or_subscription,,,pending_full_text,,Codex,
crossref_Q4_0002,crossref_Q4,crossref,Q4,Resilient Packet Transmission (RPT) for Buffer Based Routing (BBR) Protocol,,2014,10.3745/jips.03.0014,pending,,to_assign,to_assign,doi:10.3745/jips.03.0014,,bbr;buffer,priority_review,candidate_include,BBR/BDP-Veno/OVeno term plus a review topic,include_title_abstract,,not_started,Codex,2026-09-28,Direct BBR/Veno/BDP-Veno/OVeno evidence with a transport or network topic.,pending_full_text,2,doi_or_subscription,,,pending_full_text,,Codex,
crossref_Q5_0001,crossref_Q5,crossref,Q5,A bandwidth delay product based modified Veno for high-speed networks: BDP-Veno,,2024,10.1016/j.jnca.2024.103983,pending,,to_assign,to_assign,doi:10.1016/j.jnca.2024.103983,,veno,low_priority_review,manual_check,Protocol term present but topic relevance needs reading,include_title_abstract,,not_started,Codex,2026-09-28,Direct BBR/Veno/BDP-Veno/OVeno evidence with a transport or network topic.,pending_full_text,2,doi_or_subscription,,,pending_full_text,,Codex,
crossref_Q8_0006,crossref_Q8,crossref,Q8,On the Fairness of Internet Congestion Control over WiFi with Deep Reinforcement Learning,,2024,10.3390/fi16090330,pending,,to_assign,to_assign,doi:10.3390/fi16090330,,congestion control;fairness;learning,priority_review,candidate_background,General learning congestion-control evidence; scope must be checked,include_title_abstract,,not_started,Codex,2026-09-28,Learning-assisted congestion-control background evidence.,pending_full_text,2,doi_or_subscription,,,pending_full_text,,Codex,
openalex_Q1_0001,openalex_Q1,openalex,Q1,Experimental evaluation of BBR congestion control,"BBR is a recently proposed congestion control. Instead of using packet loss as congestion signal, like many currently used congestion controls, it uses an estimate of the available bottleneck link bandwidth to determine its sending rate. BBR tries to provide high link utilization while avoiding to create queues in bottleneck buffers. The original publication of BBR shows that it can deliver superior performance compared to Cubic TCP in some environments. This paper provides an independent and extensive experimental evaluation of BBR at higher speeds. The experimental setup uses BBR's Linux kernel 4.9 implementation and typical data rates of 10Gbit/s and 1 Gbit/s at the bottleneck link. The experiments vary the flows' round-trip times, the number of flows, and buffer sizes at the bottleneck. The evaluation considers throughput, queuing delay, packet loss, and fairness. On the one hand, the intended behavior of BBR could be observed with our experiments. On the other hand, some severe inherent issues such as increased queuing delays, unfairness, and massive packet loss were also detected. The paper provides an in-depth discussion of BBR's behavior in different experiment setups.",2017,https://doi.org/10.1109/icnp.2017.8117540,pending,,to_assign,to_assign,doi:https://doi.org/10.1109/icnp.2017.8117540,,bbr;congestion control;tcp;fairness;buffer;queue,priority_review,candidate_include,BBR/BDP-Veno/OVeno term plus a review topic,include_title_abstract,,not_started,Codex,2026-09-28,Direct BBR/Veno/BDP-Veno/OVeno evidence with a transport or network topic.,pending_full_text,1,doi_or_subscription,https://doi.org/10.1109/icnp.2017.8117540,,pending_full_text,,Codex,
openalex_Q1_0003,openalex_Q1,openalex,Q1,Towards a Deeper Understanding of TCP BBR Congestion Control,"In 2016, Google published the bottleneck bandwidth and round-trip time (BBR) congestion control algorithm. Unlike established loss- or delay-based algorithms like CUBIC or Vegas, BBR claims to operate without creating packet loss or filling buffers. Because of these prospects and promising initial performance results, BBR has gained wide-spread attention. As such it has been subject to behavior and performance analysis, which confirmed the results, but also revealed critical flaws.Because BBR is still work in progress, measurement results have limited validity for the future. In this paper we present our publicly available framework for reproducible TCP measurements based on network emulation. In a case study, we analyze the TCP BBR algorithm, reproduce and confirm weaknesses of the current BBR implementation, and provide further insights. We also contribute an analysis of BBR's inter-flow synchronization behavior, showing that it reaches fairness equilibrium for long lived flows.",2018,https://doi.org/10.23919/ifipnetworking.2018.8696830,pending,,to_assign,to_assign,doi:https://doi.org/10.23919/ifipnetworking.2018.8696830,,bbr;congestion control;tcp;fairness;buffer,priority_review,candidate_include,BBR/BDP-Veno/OVeno term plus a review topic,include_title_abstract,,not_started,Codex,2026-09-28,Direct BBR/Veno/BDP-Veno/OVeno evidence with a transport or network topic.,pending_full_text,1,doi_or_subscription,https://doi.org/10.23919/ifipnetworking.2018.8696830,,pending_full_text,,Codex,
openalex_Q1_0004,openalex_Q1,openalex,Q1,BBR Congestion Control,"This document specifies the BBR congestion control algorithm. BBR uses
recent measurements of a transport connection's delivery rate and
round-trip time to build an explicit model that includes both the
maximum recent bandwidth available to that connection, and its minimum
recent round-trip delay. BBR then uses this model to control both how
fast it sends data and the maximum amount of data it allows in flight
in the network at any time. Relative to loss-based congestion control
algorithms such as Reno [RFC5681] or CUBIC [draft-ietf-tcpm-cubic],
BBR offers substantially higher throughput for bottlenecks with
shallow buffers or random losses, and substantially lower queueing
delays for bottlenecks with deep buffers (avoiding bufferbloat).
This algorithm can be implemented in any transport protocol that
supports packet-delivery acknowledgment (thus far, open source
implementations are available for TCP [RFC793] and QUIC [draft-ietf-
quic-transport-00]).",2017,,pending,,to_assign,to_assign,title:bbr congestion control,,bbr;congestion control;tcp;buffer;queue;quic,priority_review,candidate_include,BBR/BDP-Veno/OVeno term plus a review topic,include_title_abstract,,not_started,Codex,2026-09-28,Direct BBR/Veno/BDP-Veno/OVeno evidence with a transport or network topic.,pending_full_text,1,doi_or_subscription,https://rfcs.web.fc2.com/draft-cardwell-iccrg-bbr-congestion-control-00.html,,pending_full_text,,Codex,
openalex_Q1_0005,openalex_Q1,openalex,Q1,Reproducible measurements of TCP BBR congestion control,,2019,https://doi.org/10.1016/j.comcom.2019.05.011,pending,,to_assign,to_assign,doi:https://doi.org/10.1016/j.comcom.2019.05.011,,bbr;congestion control;tcp,priority_review,candidate_include,BBR/BDP-Veno/OVeno term plus a review topic,include_title_abstract,,not_started,Codex,2026-09-28,Direct BBR/Veno/BDP-Veno/OVeno evidence with a transport or network topic.,pending_full_text,1,doi_or_subscription,https://doi.org/10.1016/j.comcom.2019.05.011,,pending_full_text,,Codex,
openalex_Q1_0009,openalex_Q1,openalex,Q1,Performance Analysis of BBR Congestion Control Protocol Based on NS3,"With the increasing complexity of the network communication environment. Research on TCP congestion control algorithm is one of the effective ways to alleviate network congestion. Google published the bottleneck bandwidth and round-trip time (BBR) congestion control algorithm in 2016. Unlike many currently loss-based congestion control algorithms (like BIC), BBR uses an estimate of the available bottleneck link bandwidth and RTT to govern its pacing rate. BBR has a good performance on Google's internal network and gains widespread attention. In this paper, we use NS3 to establish different network communication models. By analyzing the simulation data, we find that BBR outperforms BIC on high-latency, high-bandwidth network; BBR could periodically reduce the pacing rate to alleviate the bufferfloat problem; and there is a fairness problem between BBR and other versions of TCP protocols. In addition, we confirm that BBR flows have RTT fairness problem: a BBR flow with longer RTT dominates a competing flow with shorter RTT. Finally, we analyze the adaptability between BBR and AQM algorithms.",2019,https://doi.org/10.1109/cbd.2019.00071,pending,,to_assign,to_assign,doi:https://doi.org/10.1109/cbd.2019.00071,,bbr;congestion control;tcp;fairness;rtt;buffer,priority_review,candidate_include,BBR/BDP-Veno/OVeno term plus a review topic,include_title_abstract,,not_started,Codex,2026-09-28,Direct BBR/Veno/BDP-Veno/OVeno evidence with a transport or network topic.,pending_full_text,1,doi_or_subscription,https://doi.org/10.1109/cbd.2019.00071,,pending_full_text,,Codex,
openalex_Q1_0014,openalex_Q1,openalex,Q1,Rethinking the rate estimation of BBR congestion control,"The acknowledgment (ACK) compression makes the available bandwidth estimation in bottleneck bandwidth and round‐trip propagation time (BBR) inaccurate which results in the high queuing delay under low packet loss rate environments. The additional queuing delay affects the user experience of interactive applications like Skype. To solve the above‐mentioned issue, this Letter presents a novel method, named calibrating bandwidth estimation (CBE), to calibrate the bandwidth estimation. The CBE can detect the implausible ACK rates accurately and the extensive simulation prove the effectiveness of CBE.",2020,https://doi.org/10.1049/el.2018.6440,pending,,to_assign,to_assign,doi:https://doi.org/10.1049/el.2018.6440,,bbr;congestion control,priority_review,candidate_include,BBR/BDP-Veno/OVeno term plus a review topic,include_title_abstract,,not_started,Codex,2026-09-28,Direct BBR/Veno/BDP-Veno/OVeno evidence with a transport or network topic.,pending_full_text,1,doi_or_subscription,https://doi.org/10.1049/el.2018.6440,,pending_full_text,,Codex,
openalex_Q1_0023,openalex_Q1,openalex,Q1,BBR Congestion Control Analysis with Multipath TCP (MPTCP) and Asymmetrical Latency Subflow,"Multipath TCP (MPTCP) and Bottleneck Band-width and Roundtrip propagation time (BBR) are two promising technological advances developed to improve network performance. MPTCP extends TCP and allows multiple interfaces on a device to be used simultaneously. In addition, MPTCP can improve satellite base stations that face the challenge of smoothly transitioning connections as satellites orbit in the sky. BBR is a congestion control algorithm (CCA) developed by Google to improve network performance and currently being used in the large-scale services such as YouTube. In this paper we test and evaluate BBR's throughput performance when combined with MPTCP. We focus on observing the performance using connection paths with large latency differences. Results show BBR to outperform several other CCAs and suggests BBR is a good candidate to use in satellite networks. We also show having a large receiver TCP buffer is not an optimal setting when using BBR with MPTCP.",2022,https://doi.org/10.1109/ccwc54503.2022.9720867,pending,,to_assign,to_assign,doi:https://doi.org/10.1109/ccwc54503.2022.9720867,,bbr;congestion control;tcp;buffer;satellite,priority_review,candidate_include,BBR/BDP-Veno/OVeno term plus a review topic,include_title_abstract,,not_started,Codex,2026-09-28,Direct BBR/Veno/BDP-Veno/OVeno evidence with a transport or network topic.,pending_full_text,1,doi_or_subscription,https://doi.org/10.1109/ccwc54503.2022.9720867,,pending_full_text,,Codex,
openalex_Q1_0026,openalex_Q1,openalex,Q1,A BBR-based congestion control for delay-sensitive real-time applications,,2020,https://doi.org/10.1007/s00607-020-00829-2,pending,,to_assign,to_assign,doi:https://doi.org/10.1007/s00607-020-00829-2,,bbr;congestion control,priority_review,candidate_include,BBR/BDP-Veno/OVeno term plus a review topic,include_title_abstract,,not_started,Codex,2026-09-28,Direct BBR/Veno/BDP-Veno/OVeno evidence with a transport or network topic.,pending_full_text,1,doi_or_subscription,https://doi.org/10.1007/s00607-020-00829-2,,pending_full_text,,Codex,
openalex_Q1_0029,openalex_Q1,openalex,Q1,Improved Convergence and Low Retransmission of BBR Congestion Control Algorithm Based on Adaptive Pacing Gain,"Congestion control is an effective method to solve network congestion. Traditional loss-based congestion control algorithms consider loss as a sign of network congestion. In 2016, Google proposed the Bottleneck Bandwidth and Round-trip propagation time (BBR) congestion control algorithm. This is a congestion-based congestion control algorithm which can achieve low latency while maintaining high throughput. However, periodic probing bandwidth phase of BBR suffers from slow convergence and high retransmission in practice. The BBR-APG algorithm proposed in this paper can solve the above problems by adaptively adjusting the pacing gain according to the bottleneck buffer size and network congestion. Experimental results show that BBR-APG improves the convergence speed by 21% and reduces retransmission by up to 73% compared with BBR.",2022,https://doi.org/10.1109/hoticn57539.2022.10036208,pending,,to_assign,to_assign,doi:https://doi.org/10.1109/hoticn57539.2022.10036208,,bbr;congestion control;buffer,priority_review,candidate_include,BBR/BDP-Veno/OVeno term plus a review topic,include_title_abstract,,not_started,Codex,2026-09-28,Direct BBR/Veno/BDP-Veno/OVeno evidence with a transport or network topic.,pending_full_text,1,doi_or_subscription,https://doi.org/10.1109/hoticn57539.2022.10036208,,pending_full_text,,Codex,
openalex_Q1_0034,openalex_Q1,openalex,Q1,Fluid-Based Modeling of TCP BBR Congestion Control Mechanism,"TCP BBR (Bottleneck Bandwidth and Round-trip Propagation Time) has been proposed as an efficient congestion control mechanism that manages network congestion based on end-to-end measurements of bottleneck link bandwidth and round-trip time (RTT), rather than relying on the detection of packet loss events, as used by loss-based TCPs such as TCP CUBIC. Unlike loss-based congestion control mechanisms, TCP BBR estimates the available bandwidth of the bottleneck router and the network's round-trip propagation delay to adjust its congestion window, aiming to achieve the optimal operating point of the network. Numerous studies have examined the performance of TCP BBR through experiments and simulations, but analytical studies primarily focused on modeling its characteristics and behaviors during startup or steady-state phases, falling short in analyzing its dynamic behavior under changing network conditions. This paper presents a discrete-time fluid model to mathematically describe the dynamic interaction between TCP BBR flows and intermediate routers in an arbitrary network topology. The model captures the relationship among the time evolution of TCP BBR congestion window, bottleneck link bandwidth and RTT measurements, and packet queuing in routers, at the granularity of round-trip times. Through numerical examples, we demonstrate the effectiveness of our fluid model for TCP BBR and reveal optimal pacing gain settings analytically.",2024,https://doi.org/10.1109/compsac61105.2024.00113,pending,,to_assign,to_assign,doi:https://doi.org/10.1109/compsac61105.2024.00113,,bbr;congestion control;tcp;rtt,priority_review,candidate_include,BBR/BDP-Veno/OVeno term plus a review topic,include_title_abstract,,not_started,Codex,2026-09-28,Direct BBR/Veno/BDP-Veno/OVeno evidence with a transport or network topic.,pending_full_text,1,doi_or_subscription,http://dx.doi.org/10.1109/compsac61105.2024.00113,,pending_full_text,,Codex,
openalex_Q1_0041,openalex_Q1,openalex,Q1,Design and implementation of high-performance and low-latency cloud protocol gateway based on BBR congestion control algorithm,"In line with the development trend of deep integration of energy transformation and information technology, the power network will enter the digital era of the Internet of Everything. With the large increase in power IoT equipment, new business needs such as real-time collection, low latency, and remote operation and maintenance have emerged, and the mainstream protocols of the Industrial Internet of Things cannot fully adapt to the proprietary protocols of various power specialties, and it is difficult to meet the access requirements of the Power Internet of Things. Google's Bottleneck Bandwidth and Round-trip propagation time (BBR) has attracted widespread attention and research because of its high bandwidth utilization and low latency. Based on the BBR congestion control algorithm, this paper proposes a high-performance multi-protocol access technology to realize the cloud protocol gateway that supports million-level long-term connection access, hot-loading plugin mechanism, and multi-protocol communication plugin. As a pre-communication component of the IoT management platform, it is tailored for terminals in the power industry, providing MQTT, CoAP, HTTP, DL/T698.45 and other industry protocol resolution services, and can support intelligent terminals such as intelligent terminals, energy controllers, and energy routers to easily migrate to the cloud.",2023,https://doi.org/10.1117/12.3011554,pending,,to_assign,to_assign,doi:https://doi.org/10.1117/12.3011554,,bbr;congestion control,priority_review,candidate_include,BBR/BDP-Veno/OVeno term plus a review topic,include_title_abstract,,not_started,Codex,2026-09-28,Direct BBR/Veno/BDP-Veno/OVeno evidence with a transport or network topic.,pending_full_text,1,doi_or_subscription,http://dx.doi.org/10.1117/12.3011554,,pending_full_text,,Codex,
openalex_Q1_0044,openalex_Q1,openalex,Q1,BBR-Inspired Congestion Control for Data Fetching over NDN,"In this paper we explore congestion control solutions in a network running the Named Data Networking (NDN) protocol. Since requested data can be retrieved from either original producers or in-network caches, the end-to-end connection oriented TCP congestion control solutions, such as BBR (Bottleneck Bandwidth and Round-trip propagation time) do not work well for NDN transport, especially in wireless networks. We propose a BBR-guided congestion control, BBR-CD, for bulk data fetching by a group of users. BBR-CD applies RTT filtering and interest scheduling to improve BBR's efficiency in NDN. Our evaluation shows that BBR-CD achieves much higher application goodput compared with ndncatchunks which implements the TCP AIMD and CUBIC congestion control algorithms. Moreover, compared with one-flow-per-file SIRC, an NDN congestion control algorithm that paces interests based on inter-data-gap, BBR-CD provides better fairness and bandwidth utilization. Finally, BBR-CD outperforms a direct adoption of the original BBR to NDN, suggesting that our changes to BBR are effective.",2021,https://doi.org/10.1109/milcom52596.2021.9652898,pending,,to_assign,to_assign,doi:https://doi.org/10.1109/milcom52596.2021.9652898,,bbr;congestion control;tcp;fairness;rtt;wireless,priority_review,candidate_include,BBR/BDP-Veno/OVeno term plus a review topic,include_title_abstract,,not_started,Codex,2026-09-28,Direct BBR/Veno/BDP-Veno/OVeno evidence with a transport or network topic.,pending_full_text,1,doi_or_subscription,https://doi.org/10.1109/milcom52596.2021.9652898,,pending_full_text,,Codex,
openalex_Q1_0054,openalex_Q1,openalex,Q1,BBR',"The dominant Internet protocol, TCP, does not work as well as it could over the wide-variety of networks facing today's applications. Bottleneck Bandwidth and Round-trip time (BBR) congestion control has been proposed as an improvement, with the promise of higher throughputs and lower delays as compared to other TCP congestion control algorithms. While BBR has been implemented for Linux, unfortunately, there is not yet an implementation for ns-3, a powerful, flexible and popular simulator used for network research. This paper presents BBR', an implementation of BBR for ns-3. BBR' extends ns-3 in a fashion similar to other TCP congestion control algorithms, re-using existing interconnection mechanisms and making BBR' extensible. Preliminary validation shows BBR' behaves and performs similarly to BBR, and preliminary performance evaluation shows BBR' has similar throughputs but significantly lower round-trip times than CUBIC in some wired and 4G LTE wireless scenarios.",2018,https://doi.org/10.1145/3199902.3199903,pending,,to_assign,to_assign,doi:https://doi.org/10.1145/3199902.3199903,,bbr;congestion control;tcp;wireless,priority_review,candidate_include,BBR/BDP-Veno/OVeno term plus a review topic,include_title_abstract,,not_started,Codex,2026-09-28,Direct BBR/Veno/BDP-Veno/OVeno evidence with a transport or network topic.,pending_full_text,1,doi_or_subscription,https://doi.org/10.1145/3199902.3199903,,pending_full_text,,Codex,
openalex_Q1_0055,openalex_Q1,openalex,Q1,Cycle and Divergence of Performance on TCP BBR,"A new high-performance TCP congestion control algorithm, called TCP BBR, was proposed in 2016. It achieves excellent performance especially on a network with high latency and high packet loss ratio. The interaction between TCP BBR and other TCP algorithms has not been discussed enough. In this paper, we focus on TCP BBR and CUBIC TCP, which is the most widely used algorithm in Linux operating system, and investigate the performance behaviors of TCP BBR and CUBIC TCP in a situation wherein these two TCP congestion control algorithms work concurrently. We then introduce three novel findings, which are extreme inter-protocol performance imbalance, intra-protocol performance balance, and cyclic performance switch. The first one means that the connections of a TCP algorithm consume almost all the bandwidth. The second one indicates that the performances of all the connections of a TCP algorithm increase and decrease as a group. The third one means that the extremely imbalanced performance switches periodically. We introduce a method for monitoring the parameters of TCP BBR and discuss the reason of and methods for relieving these features based on the monitored parameters. We postulate that difficulty of proving the bottleneck bandwidth and positive feedback mechanism on TCP BBR are important reasons. We assume that decreasing the buffer size of the bottleneck link can relieve these features.",2018,https://doi.org/10.1109/cloudnet.2018.8549411,pending,,to_assign,to_assign,doi:https://doi.org/10.1109/cloudnet.2018.8549411,,bbr;congestion control;tcp;buffer,priority_review,candidate_include,BBR/BDP-Veno/OVeno term plus a review topic,include_title_abstract,,not_started,Codex,2026-09-28,Direct BBR/Veno/BDP-Veno/OVeno evidence with a transport or network topic.,pending_full_text,1,doi_or_subscription,https://doi.org/10.1109/cloudnet.2018.8549411,,pending_full_text,,Codex,
openalex_Q1_0072,openalex_Q1,openalex,Q1,Design and implementation of TCP BBR in ns-3,"Bottleneck Bandwidth and Round-trip propagation time (BBR) is a congestion based congestion control algorithm recently proposed by Google. Although it can be deployed with any transport protocol that supports data delivery acknowledgement, BBR is presently implemented alongside TCP (known as TCP BBR) in Linux kernel since 4.9 and is the default congestion control used in Google Cloud Platform. However, to the best of our knowledge, TCP BBR is not yet supported in popular network simulators such as ns-3. This limitation is a major hindrance in thoroughly studying the benefits of TCP BBR since carrying out large-scale and real-time experimental evaluations is a non-trivial task. In this paper, we discuss the design and implementation of a new model for TCP BBR in ns-3. We validate the proposed model by performing different sets of simulations to ensure that the model in ns-3 exhibits key characteristics of TCP BBR.",2018,https://doi.org/10.1145/3199902.3199911,pending,,to_assign,to_assign,doi:https://doi.org/10.1145/3199902.3199911,,bbr;congestion control;tcp,priority_review,candidate_include,BBR/BDP-Veno/OVeno term plus a review topic,include_title_abstract,,not_started,Codex,2026-09-28,Direct BBR/Veno/BDP-Veno/OVeno evidence with a transport or network topic.,pending_full_text,1,doi_or_subscription,https://doi.org/10.1145/3199902.3199911,,pending_full_text,,Codex,
openalex_Q1_0080,openalex_Q1,openalex,Q1,Cyclic Performance Fluctuation of TCP BBR,"TCP congestion control algorithm takes an important role in communication throughput. The CUBIC TCP [5] has been widely used in the last decade, especially in server computers. In 2016, the TCP BBR [1] was proposed and some reports showed that the TCP BBR could provide better performance than the CUBIC TCP. In this paper, we evaluate the throughputs of the CUBIC TCP and TCP BBR in conditions wherein the CUBIC TCP and TCP BBR work competitively. We then show a performance cycle with 10 seconds period and reveal that the reason for the cycle is the length of the period of monitoring the minimum round-trip time (RTT) of TCP BBR.",2018,https://doi.org/10.1109/compsac.2018.00132,pending,,to_assign,to_assign,doi:https://doi.org/10.1109/compsac.2018.00132,,bbr;congestion control;tcp;rtt,priority_review,candidate_include,BBR/BDP-Veno/OVeno term plus a review topic,include_title_abstract,,not_started,Codex,2026-09-28,Direct BBR/Veno/BDP-Veno/OVeno evidence with a transport or network topic.,pending_full_text,1,doi_or_subscription,https://doi.org/10.1109/compsac.2018.00132,,pending_full_text,,Codex,
openalex_Q1_0088,openalex_Q1,openalex,Q1,wBBR: A Bottleneck Estimation-Based Congestion Control for Multipath TCP,"Multipath transmission control protocol (MPTCP) allows TCP (transmission control protocol) connections to operate across multiple paths concurrently to help improve resource utilization as well as connection robustness. Existing congestion algorithms for MPTCP are mainly loss-based, thus leading to severe performance degradation in wireless environment and buffer bloat on network devices. In this paper, to get rid of these shortcomings, we modify a congestion based TCP congestion control algorithm (bottleneck bandwidth and round-trip propagation time, or BBR) and propose a new congestion control algorithm for MPTCP based on bottleneck estimation, whose name is weighted BBR (wBBR). We introduce weight factors to subflows in MPTCP flows to control convergence bandwidth of each subflow, and then propose an iterative algorithm to lead the network to a fairer convergence when BBR/wBBR flows sharing bottleneck links. Simulation results show that our design has better performance in terms of bottleneck fairness compared with other MPTCP congestion control algorithms. And of course, it inherits the advantages of the BBR algorithm - let the network work at the point with max bandwidth and min queue.",2018,https://doi.org/10.1109/vtcfall.2018.8690919,pending,,to_assign,to_assign,doi:https://doi.org/10.1109/vtcfall.2018.8690919,,bbr;congestion control;tcp;fairness;buffer;queue;wireless,priority_review,candidate_include,BBR/BDP-Veno/OVeno term plus a review topic,include_title_abstract,,not_started,Codex,2026-09-28,Direct BBR/Veno/BDP-Veno/OVeno evidence with a transport or network topic.,pending_full_text,1,doi_or_subscription,https://doi.org/10.1109/vtcfall.2018.8690919,,pending_full_text,,Codex,
openalex_Q1_0091,openalex_Q1,openalex,Q1,Measurement and Redesign of BBR-based MPTCP,"BBR is a congestion-based congestion control algorithm proposed to promote the performance of TCP. The interesting and vital question is thus: How would MPTCP perform on BBR? We first conduct extensive experimental evaluation of BBR-based MPTCP, and show that it provides several times throughput higher and more stable sending rate than that of others. We also observe that to replace the congestion control in MPTCP, some important algorithms in MPTCP need to be re-designed: 1) To achieve fairness with other flows, we propose a BBR based coupled congestion control algorithm, called Coupled BBR; 2) To further prevent performance degradation in highly dynamic nature, we also propose a scheduler to take advantage of dynamic redundancy.",2019,https://doi.org/10.1145/3342280.3342312,pending,,to_assign,to_assign,doi:https://doi.org/10.1145/3342280.3342312,,bbr;congestion control;tcp;fairness,priority_review,candidate_include,BBR/BDP-Veno/OVeno term plus a review topic,include_title_abstract,,not_started,Codex,2026-09-28,Direct BBR/Veno/BDP-Veno/OVeno evidence with a transport or network topic.,pending_full_text,1,doi_or_subscription,https://doi.org/10.1145/3342280.3342312,,pending_full_text,,Codex,
openalex_Q1_0093,openalex_Q1,openalex,Q1,An Adaptive Congestion Control Protocol for Wireless Networks Using Deep Reinforcement Learning,"Congestion is more prevalent in wireless networks due to the unique challenges and limitations of the present wireless technology. With the increasing demand for high bandwidth and low latency communication, effective congestion control mechanisms have become crucial for ensuring efficient and fair utilization of network resources. Both the long and short flows of network traffic are the primary reasons for the congestion. However, the short flows cause a disproportionate amount of overhead and contribute significantly to congestion than long flows. Therefore, flow classification is imperative in congestion control design for the increased throughput. The existing conventional congestion control (delay and loss based) protocols do not adapt to current network scenarios on a timely basis and the current status that is learnt from the network environment is mostly not accurate. To overcome these limitations, machine learning techniques were used. However, due to real time constraints and dynamic network conditions, machine learning techniques may result in suboptimal performance. In this paper, a novel congestion control protocol is proposed especially for wireless networks using deep neural network (for flow classification) and deep reinforcement learning (for appropriate congestion window size). From the experimental results, it is evident that the proposed protocol improves the average network throughput against the state-of-the-art existing congestion control techniques such as TCP Cubic, TCP Ledbat, Bottleneck Bandwidth and Round-trip propagation time (BBR), and N-step temporal difference (N-step TD) learning technique by 25.6%, 23.46%, 21.85%, and 16% respectively.",2023,https://doi.org/10.1109/tnsm.2023.3325543,pending,,to_assign,to_assign,doi:https://doi.org/10.1109/tnsm.2023.3325543,,bbr;congestion control;tcp;wireless;learning,priority_review,candidate_include,BBR/BDP-Veno/OVeno term plus a review topic,include_title_abstract,,not_started,Codex,2026-09-28,Direct BBR/Veno/BDP-Veno/OVeno evidence with a transport or network topic.,pending_full_text,1,doi_or_subscription,https://doi.org/10.1109/tnsm.2023.3325543,,pending_full_text,,Codex,
openalex_Q1_0102,openalex_Q1,openalex,Q1,Performance evaluation of CQIC and TCP BBR in mobile network,"Original TCP design is not agile enough to fit the rapidly varying mobile network bandwidth. In this paper, we revisit the Channel Quality Indicator Control (CQIC) congestion control algorithm and adapt its implementation from 3G/QUIC semantic to LTE/TCP with detailed congestion reaction gestures. We then compare its performance with that of the brand new TCP congestion control BBR - yet already widely deployed. We also identify the reason for performance degradation of high data rate downloads in LTE Acknowledged Mode (AM, which is turned on by default). Furthermore, impacts of the commonly encountered DelAck (delayed acknowlegment) feature are analyzed for both congestion control algorithms e.g. BBR and CQIC.",2018,https://doi.org/10.1109/icin.2018.8401585,pending,,to_assign,to_assign,doi:https://doi.org/10.1109/icin.2018.8401585,,bbr;congestion control;tcp;quic,priority_review,candidate_include,BBR/BDP-Veno/OVeno term plus a review topic,include_title_abstract,,not_started,Codex,2026-09-28,Direct BBR/Veno/BDP-Veno/OVeno evidence with a transport or network topic.,pending_full_text,1,doi_or_subscription,https://doi.org/10.1109/icin.2018.8401585,,pending_full_text,,Codex,
openalex_Q1_0116,openalex_Q1,openalex,Q1,Impact of Segment Size and Parallel Streams on TCP BBR,"TCP BBR has been recently proposed as a congestion control algorithm. BBR represents a disruption from the window-based loss-based congestion control used during the last 30 years. While BBR has been tested for trivial applications (e.g., browsing, YouTube), its use for moving big data has not been extensively studied yet. Features that largely impact the efficiency of transporting big flows are the use of parallel streams and the maximum segment size (MSS). This paper studies the impact of these two features on big flows, in the presence of packet losses and latency. Empirical results demonstrate that BBR reacts better than window-based loss-based algorithms (Cubic, Reno, HTCP) to large MSS. Similarly, as the number of parallel streams used in a data transfer increases, the performance gap between BBR and Cubic, Reno, and HTCP increases in favor of BBR. For example, in a 20-millisecond RTT, 10 Gbps network with high corruption rate (0.01%), BBR's average improvement factor from using multiple streams is almost 4. In contrast, HTCP's, Cubic's, and Reno's improvement factors are below 2. Using large MSS and parallel streams permit BBR to sustain high throughput, even in the presence of a significant corruption rate.",2018,https://doi.org/10.1109/tsp.2018.8441250,pending,,to_assign,to_assign,doi:https://doi.org/10.1109/tsp.2018.8441250,,bbr;congestion control;tcp;rtt,priority_review,candidate_include,BBR/BDP-Veno/OVeno term plus a review topic,include_title_abstract,,not_started,Codex,2026-09-28,Direct BBR/Veno/BDP-Veno/OVeno evidence with a transport or network topic.,pending_full_text,1,doi_or_subscription,https://doi.org/10.1109/tsp.2018.8441250,,pending_full_text,,Codex,
openalex_Q1_0117,openalex_Q1,openalex,Q1,Yinker: A flexible BBR to achieve the high-throughput and low-latency data transmission over Wi-Fi and 5G networks,,2022,https://doi.org/10.1016/j.comnet.2022.109530,pending,,to_assign,to_assign,doi:https://doi.org/10.1016/j.comnet.2022.109530,,bbr,low_priority_review,manual_check,Protocol term present but topic relevance needs reading,include_title_abstract,,not_started,Codex,2026-09-28,Direct BBR/Veno/BDP-Veno/OVeno evidence with a transport or network topic.,pending_full_text,1,doi_or_subscription,https://doi.org/10.1016/j.comnet.2022.109530,,pending_full_text,,Codex,
openalex_Q1_0128,openalex_Q1,openalex,Q1,Exploring the BBRv2 Congestion Control Algorithm for use on Data Transfer Nodes,"It is well known that loss-based TCP congestion control algorithms are problematic for high-speed high-latency flows that are common in Big Science. In 2016 Google released a new congestion control algorithm called ‘BBR’ (Bottleneck Bandwidth and Round-trip time) that uses a model-based approach, and the design has since been refined in an alpha release of BBRv2. In this paper, we describe and perform a set of experiments that assess the suitability of BBRv2 for use on Data Transfer Nodes (DTNs). The experiments were run on both production R&E networks as well as within a controlled testbed environment. Our analysis of the results show that BBRv2 improves upon BBRvl for common Big Science transfer scenarios and is a promising option in high-speed short-queue networking environments.",2021,https://doi.org/10.1109/indis54524.2021.00008,pending,,to_assign,to_assign,doi:https://doi.org/10.1109/indis54524.2021.00008,,bbr;congestion control;tcp;queue,priority_review,candidate_include,BBR/BDP-Veno/OVeno term plus a review topic,include_title_abstract,,not_started,Codex,2026-09-28,Direct BBR/Veno/BDP-Veno/OVeno evidence with a transport or network topic.,pending_full_text,1,doi_or_subscription,https://doi.org/10.1109/indis54524.2021.00008,,pending_full_text,,Codex,
openalex_Q1_0132,openalex_Q1,openalex,Q1,Are mobiles ready for BBR?,"BBR is a new congestion control algorithm that has seen widespread Internet adoption in recent years with an estimated 40% of Internet traffic volume as BBR traffic. While many studies examine the performance and fairness of BBR on desktops and servers, there is still a question of how BBR would behave on mobile devices. This is especially important because mobiles represent a large segment of Internet devices. In this work, we study the potential performance bottlenecks of BBR if it were to be deployed on Android devices. We compare the performance of BBR and the default congestion control algorithm Cubic for different devices and device configurations. We find that BBR performs poorly compared to Cubic, especially under low-end device configurations. Further investigation reveals that this poor performance is because of packet pacing which is enabled in BBR by default. Pacing increases the computational overhead, which can affect performance for low-end devices. To address this problem, we propose a first cut solution that modifies BBR's pacing behavior to improve performance while still retaining the benefits of packet pacing.",2022,https://doi.org/10.1145/3517745.3561438,pending,,to_assign,to_assign,doi:https://doi.org/10.1145/3517745.3561438,,bbr;congestion control;fairness,priority_review,candidate_include,BBR/BDP-Veno/OVeno term plus a review topic,include_title_abstract,,not_started,Codex,2026-09-28,Direct BBR/Veno/BDP-Veno/OVeno evidence with a transport or network topic.,pending_full_text,1,doi_or_subscription,https://doi.org/10.1145/3517745.3561438,,pending_full_text,,Codex,
openalex_Q1_0136,openalex_Q1,openalex,Q1,Competing TCP Congestion Control Algorithms over a Satellite Network,"Understanding how new TCP congestion control algorithms interact with the default TCP Cubic over a wide-range of network conditions is important for moving congestion control research forward. Unfortunately, lacking are studies over actual satellite Internet networks where high latencies pose challenges to TCP performance. This paper presents results from experiments over a commercial satellite Internet link assessing TCP congestion control algorithm performance for Cubic when competing with algorithms using four different approaches: loss-based (Cubic), bandwidth-estimation based (BBR), utility function-based (PCC) and satellite optimized (Hybla). Analysis shows: 1) the default Cubic algorithms are fair to each other; 2) Cubic dominates PCC during steady state; 3) Hybla dominates Cubic during start-up; and 4) BBR dominates Cubic during both start-up and steady state.",2022,https://doi.org/10.1109/ccnc49033.2022.9700541,pending,,to_assign,to_assign,doi:https://doi.org/10.1109/ccnc49033.2022.9700541,,bbr;congestion control;tcp;satellite,priority_review,candidate_include,BBR/BDP-Veno/OVeno term plus a review topic,include_title_abstract,,not_started,Codex,2026-09-28,Direct BBR/Veno/BDP-Veno/OVeno evidence with a transport or network topic.,pending_full_text,1,doi_or_subscription,https://doi.org/10.1109/ccnc49033.2022.9700541,,pending_full_text,,Codex,
openalex_Q1_0143,openalex_Q1,openalex,Q1,Extending the ns-3 QUIC Module,"The recently proposed QUIC protocol has been widely adopted at the transport layer of the Internet over the past few years. Its design goals are to overcome some of TCP's performance issues, while maintaining the same properties and basic application interface. Two of the main drivers of its success were the integration with the innovative Bottleneck Bandwidth and Round-trip propagation time (BBR) congestion control mechanism, and the possibility of multiplexing different application streams over the same connection. Given the strong interest in QUIC shown by the ns-3 community, we present an extension to the native QUIC module that allows researchers to fully explore the potential of these two features. In this work, we present the integration of BBR into the QUIC module and the implementation of the necessary pacing and rate sampling mechanisms, along with a novel scheduling interface, with three different scheduling flavors. The new features are tested to verify that they perform as expected, using a web traffic model from the literature.",2020,https://doi.org/10.1145/3416010.3423224,pending,,to_assign,to_assign,doi:https://doi.org/10.1145/3416010.3423224,,bbr;congestion control;tcp;quic,priority_review,candidate_include,BBR/BDP-Veno/OVeno term plus a review topic,include_title_abstract,,not_started,Codex,2026-09-28,Direct BBR/Veno/BDP-Veno/OVeno evidence with a transport or network topic.,pending_full_text,1,doi_or_subscription,https://doi.org/10.1145/3416010.3423224,,pending_full_text,,Codex,
openalex_Q1_0155,openalex_Q1,openalex,Q1,Comparative Analysis of Congestion Window Size and Throughput for BBR versus Elastic TCP,"In the current trend of technology evolution, Transmission Control Protocol (TCP) has gained wide popularity. In order to provide efficient data transfer, we need to develop and evaluate an efficient TCP mechanism for long-distance networks. The importance of the TCP congestion control mechanism has increased significantly to assure the Internet's guaranteed quality of service (QoS) in the presence of wire and wireless networks. In our study, we have suc-cessfully implemented Elastic- TCP and Bottleneck Bandwidth and Round-trip propagation time (BBR) using NS-3. This innovative congestion control algorithm operates based on network delay, and it is independent of round-trip time (RTT). BBR is another recent TCP algorithm which is based on the maximum volume of network links that is determined by bandwidth-delay product (BDP). The primary goal of Elastic TCP is to enhance bandwidth utilization in high Bandwidth-Delay Product (BDP) networks. It outperforms TCP Vegas and Veno in terms of average throughput; however, it gives comparatively lower throughput than TCP BBR and CUBIC.",2023,https://doi.org/10.1109/cicn59264.2023.10402167,pending,,to_assign,to_assign,doi:https://doi.org/10.1109/cicn59264.2023.10402167,,bbr;congestion control;tcp;veno;rtt;wireless,priority_review,candidate_include,BBR/BDP-Veno/OVeno term plus a review topic,include_title_abstract,,not_started,Codex,2026-09-28,Direct BBR/Veno/BDP-Veno/OVeno evidence with a transport or network topic.,pending_full_text,1,doi_or_subscription,http://dx.doi.org/10.1109/cicn59264.2023.10402167,,pending_full_text,,Codex,
openalex_Q1_0178,openalex_Q1,openalex,Q1,ECN-Marking with CoDel and its Compatibility with Different TCP Congestion Control Algorithms,"In order to solve the bufferbloat problem, many Active Queue Management (AQM) algorithms have been proposed, such as Random Early Detection (RED), Proportional Integral Controller Enhanced (PIE), Controlled Delay (CoDel), etc. Among them, CoDel has widely been adapted by devices at the last mile. It maintains the sojourn times of transmitted packets and compares them to a pre-defined target time. When the packet's sojourn time exceeds this target, it is interpreted as an evidence of bufferbloat and CoDel applies its drop strategy. This paper examines how CoDel performs when instead of packet dropping the Explicit Congestion Notification (ECN) marking is applied, considering Reno, Cubic and BRR congestion control algorithms in the TCP flows. The evaluation relies on the Programming Protocol-independent Packet Processors (P4) implementation of CoDel, extending it with mechanisms needed for ECN support. Results show that ECN-CoDel can significantly reduce the number of re-transmissions and properly work with classic congestion controls like TCP Cubic and TCP Reno. For TCP BBR, almost zero packet drop ratio can be experienced, but the queue delay is higher than with the original CoDel. Based on the results of this work, the characteristics of the universe AQM had been drawn in the conclusion.",2020,https://doi.org/10.1109/icoase51841.2020.9436575,pending,,to_assign,to_assign,doi:https://doi.org/10.1109/icoase51841.2020.9436575,,bbr;congestion control;tcp;buffer;queue;ecn,priority_review,candidate_include,BBR/BDP-Veno/OVeno term plus a review topic,include_title_abstract,,not_started,Codex,2026-09-28,Direct BBR/Veno/BDP-Veno/OVeno evidence with a transport or network topic.,pending_full_text,1,doi_or_subscription,https://doi.org/10.1109/icoase51841.2020.9436575,,pending_full_text,,Codex,
openalex_Q1_0182,openalex_Q1,openalex,Q1,The Effects of a Performance Enhancing Proxy on TCP Congestion Control over a Satellite Network,"Satellite networks often use Performance Enhancing Proxies (PEPs) in order to overcome the inherent high latencies that are detrimental to TCP throughputs. Measurements of TCP performance over Satellite PEPs are lacking, both for actual PEP benefits and for interactions between PEPs and TCP congestion control algorithms. This paper presents results from experiments that assess the benefits of a PEP for a commercial satellite network, considering four TCP congestion control algorithms: Cubic, BBR, Hybla and PCC. Without the PEP, the four algorithms have similar steady state throughputs (about 70 Mb/s), but significant differences in start-up throughputs. In particular, the PEP dramatically improves (3x) start-up throughputs for TCP Cubic – the default congestion control algorithm used by most Internet servers. Overall, the PEP equalizes performance irrespective of the TCP congestion control algorithm chosen.",2022,https://doi.org/10.1109/ipccc55026.2022.9894351,pending,,to_assign,to_assign,doi:https://doi.org/10.1109/ipccc55026.2022.9894351,,bbr;congestion control;tcp;satellite,priority_review,candidate_include,BBR/BDP-Veno/OVeno term plus a review topic,include_title_abstract,,not_started,Codex,2026-09-28,Direct BBR/Veno/BDP-Veno/OVeno evidence with a transport or network topic.,pending_full_text,1,doi_or_subscription,https://doi.org/10.1109/ipccc55026.2022.9894351,,pending_full_text,,Codex,
openalex_Q1_0183,openalex_Q1,openalex,Q1,Making TCP BBR Pacing Adaptive With Domain Knowledge Assisted Reinforcement Learning,"Congestion control algorithms (CCAs) are the fundamental building block of TCP protocol. As one of the newest CCAs, TCP BBR is designed to operate around Kleinrock's optimal point, i.e. maximum bandwidth and minimum delay, and is seeing increased adoption in today's Internet. However, BBR may send packets at a higher rate than the actual bandwidth due to bandwidth overestimation, especially under time-varying environments, resulting in large queueing delay. In this paper, we propose an adaptive BBR pacing algorithm, namely ABBR, for achieving high throughput and low delay simultaneously. ABBR uses deep reinforcement learning (DRL) techniques to train a highly performant agent through trial-and-error to infer the packet sending rate. The design of ABBR is deeply rooted in BBR domain knowledge in terms of data collection and decision-making. ABBR is implemented in Linux kernel and is backward compatible with vanilla BBR. Extensive experiments show that ABBR can reduce the delay by 40% with about 3% throughput loss on average compared with BBR. The best throughput-delay-overhead tradeoff is achieved in ABBR compared with the state-of-the-art CCAs.",2023,https://doi.org/10.1109/tnse.2023.3244864,pending,,to_assign,to_assign,doi:https://doi.org/10.1109/tnse.2023.3244864,,bbr;congestion control;tcp;queue;learning,priority_review,candidate_include,BBR/BDP-Veno/OVeno term plus a review topic,include_title_abstract,,not_started,Codex,2026-09-28,Direct BBR/Veno/BDP-Veno/OVeno evidence with a transport or network topic.,pending_full_text,1,doi_or_subscription,https://doi.org/10.1109/tnse.2023.3244864,,pending_full_text,,Codex,
openalex_Q1_0185,openalex_Q1,openalex,Q1,Standardization and Research Trends of BBR Congestion Control Algorithm,현재 인터넷상에서 이용되는 웹 응용들의 90% 이상의 트래픽이 전송계층 프로토콜로 TCP를 사용하고 있다. 구글은 2016년 말 웹 응용들의 네트워크 속도 향상을 위한 새로운 혼잡제어 알고리즘으로 BBR (Bottleneck Bandwidth and Round-trip propagation time)을 제안하였다. BBR은 손실기반 혼잡제어 알고리즘과는 달리 병목링크의 버퍼를 가득 채우지 않으며 동작하기 때문에 패킷 손실을 줄이고 전송지연을 최소화할 수 있어 최근 많은 연구자들의 관심을 끌고 있다. 본 고에서는 BBR 알고리즘에 대한 동작 특성과 최신 표준화 동향을 살펴보고 연구개발 동향 및 이에 대한 현재의 연구 이슈를 고찰한다.,2019,https://doi.org/10.7840/kics.2019.44.9.1713,pending,,to_assign,to_assign,doi:https://doi.org/10.7840/kics.2019.44.9.1713,,bbr;congestion control;tcp,priority_review,candidate_include,BBR/BDP-Veno/OVeno term plus a review topic,include_title_abstract,,not_started,Codex,2026-09-28,Direct BBR/Veno/BDP-Veno/OVeno evidence with a transport or network topic.,pending_full_text,1,doi_or_subscription,https://doi.org/10.7840/kics.2019.44.9.1713,,pending_full_text,,Codex,
openalex_Q1_0188,openalex_Q1,openalex,Q1,Power Metric Based BBR Congestion Control Using XGBoost,"Congestion is a prevalent challenge to every networks today due to the higher network access and inefficient utilization of available bandwidth. Bottleneck Bandwidth and Round-trip propagation time (BBR) is a popular congestion control algorithm introduced by Google. BBR estimates maximum bottleneck bandwidth and minimum propagation delay at end devices periodically to regulate the sending rate. However, there are still limitations exist due to the control parameter (called pacing gain value) used in the sending rate calculation. Since the pacing gain values used in different phases of BBR are fixed, there is an overestimation of the sending rate as well as inflight data. Thus, there is a persistent bottleneck queue formation and experiences higher network delay. In order to resolve the problem, we proposed a pacing gain prediction algorithm using XGBoost regression algorithm controlled by the power metric. The proposed algorithm adaptively predicts the pacing gain values with respect to the network parameters. The research focuses on multimedia applications, emphasizing the importance of reducing network delay to enhance Quality of Service (QoS). The proposed model achieves performance improvement than the existing regression models.",2025,https://doi.org/10.1109/icmlas64557.2025.10968478,pending,,to_assign,to_assign,doi:https://doi.org/10.1109/icmlas64557.2025.10968478,,bbr;congestion control;queue,priority_review,candidate_include,BBR/BDP-Veno/OVeno term plus a review topic,include_title_abstract,,not_started,Codex,2026-09-28,Direct BBR/Veno/BDP-Veno/OVeno evidence with a transport or network topic.,pending_full_text,1,doi_or_subscription,https://doi.org/10.1109/icmlas64557.2025.10968478,,pending_full_text,,Codex,
openalex_Q3_0041,openalex_Q3,openalex,Q3,A Performance Evaluation of TCP BBRv2 Alpha,"The alpha version of Bottleneck Bandwidth and Round-trip Time version 2 (BBRv2) has been recently presented, which aims to mitigate the shortcomings of its predecessor, BBR version 1 (BBRv1). Previous studies show that BBRv1 provides a high link utilization and low queuing delay by estimating the available bottleneck bandwidth. However, its aggressiveness induces unfairness when flows i) use different congestion control algorithms, such as CUBIC, and ii) have distinct round-trip times (RTTs). This paper presents an experimental evaluation of BBRv2, using Mininet. Results show that the coexistence between BBRv2-CUBIC is enhanced with respect to that of BBRv1-CUBIC, as measured by the fairness index. They also show that BBRv2 mitigates the RTT unfairness problem observed in BBRv1. Additionally, BBRv2 achieves a better fair share of the bandwidth than its predecessor when network conditions such as bandwidth and latency dynamically change. Results also indicate that the average flow completion time of concurrent flows is reduced when BBRv2 is used.",2020,https://doi.org/10.1109/tsp49548.2020.9163512,pending,,to_assign,to_assign,doi:https://doi.org/10.1109/tsp49548.2020.9163512,,bbr;congestion control;tcp;fairness;rtt,priority_review,candidate_include,BBR/BDP-Veno/OVeno term plus a review topic,include_title_abstract,,not_started,Codex,2026-09-28,Direct BBR/Veno/BDP-Veno/OVeno evidence with a transport or network topic.,pending_full_text,1,doi_or_subscription,https://doi.org/10.1109/tsp49548.2020.9163512,,pending_full_text,,Codex,
openalex_Q3_0055,openalex_Q3,openalex,Q3,Control TCP BBR Throughput in a Programmable Switch,"In Internet communication, TCP (Transmission Control Protocol) controls congestion. In 2016, a new congestion control algorithm called TCP BBR was proposed to solve the problems of widely used loss-based TCP algorithms, such as TCP NewReno and CUBIC TCP, and it is now widely used. Previous studies have indicated that the throughput fairness is not achieved when multiple TCP BBR connections with different RTTs share the same bottleneck link. To solve the throughput unfairness among TCP connections in a network element, such as a switch and router, some methods based on active queue management, such as RED and CoDel, have been proposed. These methods have been effective for conventional loss-based congestion control algorithms. However, these methods cannot control the throughput of TCP BBR because TCP BBR does not react directly to packet loss detection and does not change its congestion window size upon detection. In this paper, we propose a method to control the throughput of TCP BBR in a network element by making it to observe a small RTT and reduce its congestion window size. We then evaluate the method and show that it can control the throughput of TCP BBRs and improve the throughput fairness among TCP BBR connections.",2025,https://doi.org/10.1109/hpsr64165.2025.11038879,pending,,to_assign,to_assign,doi:https://doi.org/10.1109/hpsr64165.2025.11038879,,bbr;congestion control;tcp;fairness;rtt;queue,priority_review,candidate_include,BBR/BDP-Veno/OVeno term plus a review topic,include_title_abstract,,not_started,Codex,2026-09-28,Direct BBR/Veno/BDP-Veno/OVeno evidence with a transport or network topic.,pending_full_text,1,doi_or_subscription,https://doi.org/10.1109/hpsr64165.2025.11038879,,pending_full_text,,Codex,
openalex_Q3_0059,openalex_Q3,openalex,Q3,Q-FCC: Queuing-aware Fair Congestion Control for Integrated Sensing and Communication Networks,"Integrated Sensing and Communication (ISAC) introduces greater challenges to network transmission in terms of delay, bandwidth, and reliability. Achieving stable and efficient congestion control is a critical issue in emerging ISAC scenarios. However, many traditional congestion control algorithms primarily focus on transmission efficiency but perform poorly in ensuring fairness between different data flows. To address this limitation, this paper proposes a queuing-aware fair congestion control (Q-FCC) solution for ISAC. In particular, Q-FCC incorporates a queue status monitoring module which can provide real-time feedback on the queuing delays at targeted network switches. Additionally, this paper analyzes the traditional BBR algorithm and identifies an inherent flaw: longer RTT flows have a higher bandwidth gain coefficient compared to shorter RTT flows, leading to unfairness. Based on this insight, Q-FCC introduces bandwidth gain factor. Q-FCC uses the queue status monitoring module to categorize data flows into three types and interacts with bursty flow endpoints via ACK packets to assist them in calculating the bandwidth gain factor, which enables the control of the transmission rate. Finally, the algorithm was implemented in the Linux kernel. The results of the semi-physical simulation show that Q-FCC outperforms the traditional BBR and CUBIC algorithms in terms of bandwidth fairness and transmission stability, respectively.",2024,https://doi.org/10.1109/globecom52923.2024.10901066,pending,,to_assign,to_assign,doi:https://doi.org/10.1109/globecom52923.2024.10901066,,bbr;congestion control;fairness;rtt;queue,priority_review,candidate_include,BBR/BDP-Veno/OVeno term plus a review topic,include_title_abstract,,not_started,Codex,2026-09-28,Direct BBR/Veno/BDP-Veno/OVeno evidence with a transport or network topic.,pending_full_text,1,doi_or_subscription,https://doi.org/10.1109/globecom52923.2024.10901066,,pending_full_text,,Codex,
openalex_Q3_0085,openalex_Q3,openalex,Q3,Measurement and Analysis: Does QUIC Outperform TCP?,"Many web applications adopt Transfer Control Protocol (TCP) as the underlying protocol, where congestion control (CC) plays a vital role in reliable transmission. However, some TCP mechanisms cannot cope with the requirements of new applications and ever-increasing network traffic. Therefore, people have proposed Quick UDP Internet Connection (QUIC), an excellent potential alternative based on UDP, which introduces new features to improve transmission performance and is compatible with existing CC algorithms. This paper has conducted many experiments in the testbed and actual environments to measure and compare QUIC and TCP regarding communication quality, compatibility fairness, and user experience, while considering the impacts of three typical CC algorithms: NewReno, Cubic, and BBR. QUIC outperforms TCP in most experiments for web browsing and online video, but its performance is susceptible to CC algorithms and network conditions. For example, with the Cubic algorithm, QUIC enabling the 0-RTT feature can decrease the webpages loading time by 37.11% compared with TCP. Using the BBR algorithm, both QUIC and TCP achieve high throughput, slight fluctuation, and few delayed events when playing online videos. TCP with BBR provides better fairness, while QUIC with BBR is more robust in a network with high latency or packet loss.",2022,https://doi.org/10.1109/msn57253.2022.00154,pending,,to_assign,to_assign,doi:https://doi.org/10.1109/msn57253.2022.00154,,bbr;congestion control;tcp;fairness;rtt;quic,priority_review,candidate_include,BBR/BDP-Veno/OVeno term plus a review topic,include_title_abstract,,not_started,Codex,2026-09-28,Direct BBR/Veno/BDP-Veno/OVeno evidence with a transport or network topic.,pending_full_text,1,doi_or_subscription,http://dx.doi.org/10.1109/msn57253.2022.00154,,pending_full_text,,Codex,
openalex_Q3_0100,openalex_Q3,openalex,Q3,Research on Congestion Control Algorithms in Satellites,"Satellite networks exhibit characteristics such as high latency, elevated packet loss rates, and asymmetric uplink/downlink bandwidth. Consequently, traditional terrestrial network protocols–including Multipath QUIC (MPQUIC) and congestion control mechanisms–deliver suboptimal performance when deployed on such networks, failing to meet practical requirements. Building upon MPQUIC, this paper proposes a Multipath Coordinated BBR (MC-BBR) congestion control algorithm. It aims to enhance both the transmission efficiency and reliability of multipath communication in satellite networks while effectively regulating the rates of multiple subflows on shared bottleneck links. This approach increases throughput, ensures fairness, and prevents link load imbalance. Implemented and validated via the NS3 simulation platform, this algorithm demonstrates superior throughput and reduced Round-Trip Time (RTT) fluctuations compared to traditional NewReno and OLIA (Opportunistic Linked-Increases Algorithm) approaches under high packet loss conditions. Experimental results demonstrate that in satellite network multipath transmission scenarios, MC-BBR significantly enhances throughput (approximately 13% improvement over OLIA at a packet loss rate of$10^{-5})$and reduces RTT fluctuation (approximately$\mathbf{1 0 \%}$reduction over OLIA at a packet loss rate of$10^{-5})$compared to traditional NewReno and OLIA algorithms. This research provides robust support for enhancing satellite network performance, particularly in improving efficiency and reliability during multipath transmission.",2025,https://doi.org/10.1109/spic68204.2025.11470685,pending,,to_assign,to_assign,doi:https://doi.org/10.1109/spic68204.2025.11470685,,bbr;congestion control;fairness;rtt;satellite;quic,priority_review,candidate_include,BBR/BDP-Veno/OVeno term plus a review topic,include_title_abstract,,not_started,Codex,2026-09-28,Direct BBR/Veno/BDP-Veno/OVeno evidence with a transport or network topic.,pending_full_text,1,doi_or_subscription,https://doi.org/10.1109/spic68204.2025.11470685,,pending_full_text,,Codex,
openalex_Q8_0002,openalex_Q8,openalex,Q8,Astraea: Towards Fair and Efficient Learning-based Congestion Control,"Recent years have witnessed a plethora of learning-based solutions for congestion control (CC) that demonstrate better performance over traditional TCP schemes. However, they fail to provide consistently good convergence properties, including fairness, fast convergence and stability, due to the mismatch between their objective functions and these properties. Despite being intuitive, integrating these properties into existing learning-based CC is challenging, because: 1) their training environments are designed for the performance optimization of single flow but incapable of cooperative multi-flow optimization, and 2) there is no directly measurable metric to represent these properties into the training objective function.",2024,https://doi.org/10.1145/3627703.3650069,pending,,to_assign,to_assign,doi:https://doi.org/10.1145/3627703.3650069,,congestion control;tcp;fairness;learning,priority_review,candidate_background,General learning congestion-control evidence; scope must be checked,include_title_abstract,,not_started,Codex,2026-09-28,Learning-assisted congestion-control background evidence.,pending_full_text,1,doi_or_subscription,https://doi.org/10.1145/3627703.3650069,,pending_full_text,,Codex,
openalex_Q8_0011,openalex_Q8,openalex,Q8,Fairness Enhancement of TCP Congestion Control Using Reinforcement Learning,"In TCP congestion control research, the use of machine learning to solve the issue of unused link bandwidth and to improve performance, such as maximizing link utilization or minimizing latency, is steadily increasing. Among such approaches, the Deep Q Network (DQN)-based TCP congestion control algorithm improves the link utilization but suffers from performance degradation when a specific link bandwidth is exceeded. In addition, inter-protocol fairness with other TCP congestion control algorithms has not been verified. In this paper, on a NS3 simulator, we conducted the experiments to enhance the improvement of the DQN-based TCP congestion control algorithm v2 in single flow and an inter-protocol fairness when several flows share the same bottleneck link. Our results confirmed that the average throughput was improved, and our approach is fairer than existing congestion control algorithms.",2022,https://doi.org/10.1109/icaiic54071.2022.9722626,pending,,to_assign,to_assign,doi:https://doi.org/10.1109/icaiic54071.2022.9722626,,congestion control;tcp;fairness;learning,priority_review,candidate_background,General learning congestion-control evidence; scope must be checked,include_title_abstract,,not_started,Codex,2026-09-28,Learning-assisted congestion-control background evidence.,pending_full_text,1,doi_or_subscription,https://doi.org/10.1109/icaiic54071.2022.9722626,,pending_full_text,,Codex,
openalex_Q8_0061,openalex_Q8,openalex,Q8,Fairness Control of Traffic Light via Deep Reinforcement Learning,"Traffic congestion is a severe issue of a developing world. Recently, many researchers are attempting to utilize deep reinforcement learning algorithms to bring intelligence to traffic lights. To the best of our knowledge, most prior researchers only consider the average criterion of all vehicles while training. However, fairness is another important metric but ignored. In this paper, we study the fairness control of traffic light and propose a deep reinforcement learning algorithm to optimize the fairness of all drivers' waiting time. The objective is to minimize the maximal waiting time of drivers during a light time loop, which also partly reflects the optimization of the average waiting time. We conduct experiments for a 4-lane crossroad in SUMO. Simulation results show that our algorithm can efficiently optimize the fairness criterion. Meanwhile the average criterion is further improved. We wish to shed light on complementing the entire framework of reinforcement learning with our research on fairness control.",2020,https://doi.org/10.1109/case48305.2020.9216899,pending,,to_assign,to_assign,doi:https://doi.org/10.1109/case48305.2020.9216899,,fairness;learning,priority_review,candidate_background,General learning congestion-control evidence; scope must be checked,include_title_abstract,,not_started,Codex,2026-09-28,Learning-assisted congestion-control background evidence.,pending_full_text,1,doi_or_subscription,https://doi.org/10.1109/case48305.2020.9216899,,pending_full_text,,Codex,
openalex_Q8_0082,openalex_Q8,openalex,Q8,Deep-Reinforcement-Learning-Aided Loss-Tolerant Congestion Control for 6LoWPAN Networks,"The IPv6 over low-power wireless personal area network (6LoWPAN) protocol stack is a promising solution to connect wireless sensor networks (WSNs) with the Internet for realizing a ubiquitous network interconnection of all things. However, 6LoWPAN networks face a critical challenge to control congestion caused by the burst of data traffic from wireless sensors. Packet loss will occur when the buffer overflows. This article focuses on the loss-tolerant congestion control problem in 6LoWPAN networks, which has not been addressed in existing works. We formulate the congestion control problem as a noncooperative Markov game framework and conceive a novel congestion control method, namely, deep reinforcement learning-aided loss-tolerant congestion control (DLCC), to alleviate congestion while maintaining a tolerable packet loss imposed by the buffer overflow. The proposed DLCC employs deep reinforcement learning (DRL) to solve the curse of state dimensionality, while packet loss constraints are handled by utilizing Lagrange multipliers to integrate the reward with loss constraints. By dynamically updating Lagrange multipliers in an online learning procedure, DLCC finds the optimal congestion control policy. Our simulation results show that DLCC maintains the packet loss rate below the tolerable threshold in the presence of congestion. In contrast to existing hybrid congestion control algorithms, the proposed DLCC algorithm is more energy efficient and provides higher throughput, lower average delay, and better fairness.",2023,https://doi.org/10.1109/jiot.2023.3281482,pending,,to_assign,to_assign,doi:https://doi.org/10.1109/jiot.2023.3281482,,congestion control;fairness;buffer;wireless;learning,priority_review,candidate_background,General learning congestion-control evidence; scope must be checked,include_title_abstract,,not_started,Codex,2026-09-28,Learning-assisted congestion-control background evidence.,pending_full_text,1,doi_or_subscription,https://doi.org/10.1109/jiot.2023.3281482,,pending_full_text,,Codex,
openalex_Q8_0088,openalex_Q8,openalex,Q8,Towards Fair and Efficient Congestion Control Through Multi-Agent Deep Reinforcement Learning,"Recent years have witnessed a plethora of learning-based solutions for congestion control (CC) that demonstrate better performance over traditional TCP schemes. However, they fail to provide consistently good convergence properties, includingfairness, fast convergenceandstability, due to the mismatch between their objective functions and these properties. Despite being intuitive, integrating these properties into existing learning-based CC is challenging, because: 1) their training environments are designed for the performance optimization of single flow but incapable of cooperative multi-flow optimization, and 2) there is no directly measurable metric to represent these properties into the training objective function. We present Astraea, a new learning-based congestion control that ensures fast convergence to fairness with stability. At the heart of Astraea is a multi-agent deep reinforcement learning framework that explicitly optimizes these convergence properties during the training process by enabling the learning of interactive policy between multiple competing flows, while maintaining high performance. We further build a faithful multi-flow environment that emulates the competing behaviors of concurrent flows, explicitly expressing convergence properties to enable their optimization during training. We have fully implemented Astraea and our comprehensive experiments show that Astraea can quickly converge to fairness point and exhibit better stability than its counterparts. For example, Astraea achieves near-optimal bandwidth sharing (i.e., fairness) when multiple flows compete for the same bottleneck, delivers up to 8.4× faster convergence speed and 2.8× smaller throughput deviation, while achieving comparable or even better performance over prior solutions.",2026,https://doi.org/10.1109/ton.2026.3653773,pending,,to_assign,to_assign,doi:https://doi.org/10.1109/ton.2026.3653773,,congestion control;tcp;fairness;quic;learning,priority_review,candidate_background,General learning congestion-control evidence; scope must be checked,include_title_abstract,,not_started,Codex,2026-09-28,Learning-assisted congestion-control background evidence.,pending_full_text,1,doi_or_subscription,https://doi.org/10.1109/ton.2026.3653773,,pending_full_text,,Codex,
openalex_Q8_0089,openalex_Q8,openalex,Q8,FELight: Fairness-Aware Traffic Signal Control via Sample-Efficient Reinforcement Learning,"Traffic congestion is becoming an increasingly prominent problem, and intelligent traffic signal control methods can effectively alleviate it. Recently, there has been a growing trend of applying reinforcement learning to traffic signal control for adaptive signal scheduling. However, most existing methods focus on improving traffic performance while neglecting the issue of scheduling fairness, resulting in long waiting time for some vehicles. Some works attempt to address fairness issues but often sacrifice transport performance. Furthermore, existing methods overlook the challenge of sample efficiency, especially when dealing with diversity-limited traffic data. Therefore, we propose aFairness-aware and sample-Efficient traffic signal control method called FELight. Specifically, we first design a novel fairness metric and integrate it into decision process to penalize cases with high latency by setting a threshold for activating the fairness mechanism. Theoretical comparison with other fairness works proves why and when our fairness could bring advantages. Moreover, counterfactual data augmentation is employed to enrich interaction data, enhancing the sample efficiency of FELight. Self-supervised state representation is introduced to extract informative features from raw states, further improving sample efficiency. Experiments on real traffic datasets demonstrate that FELight provides relatively fairer traffic signal control without compromising performance compared to state-of-the-art approaches. Our codes are available athttps://github.com/dxnbbsw/FELight.",2024,https://doi.org/10.1109/tkde.2024.3376745,pending,,to_assign,to_assign,doi:https://doi.org/10.1109/tkde.2024.3376745,,fairness;learning,priority_review,candidate_background,General learning congestion-control evidence; scope must be checked,include_title_abstract,,not_started,Codex,2026-09-28,Learning-assisted congestion-control background evidence.,pending_full_text,1,doi_or_subscription,https://doi.org/10.1109/tkde.2024.3376745,,pending_full_text,,Codex,
openalex_Q8_0112,openalex_Q8,openalex,Q8,Compound TCP Performance for Industry 4.0 WiFi: A Cognitive Federated Learning Approach,"Understanding the performance of compound transmission control protocol (C-TCP) in wireless settings is complicated because of C-TCP's hybrid congestion control, and the complex interdependencies between losses due to wireless channel errors, medium access control (MAC)-layer collisions, and access point (AP) buffer overflows. In this article, we develop a comprehensive model to study the performance of long-lived C-TCP flows over Industry 4.0 WiFi infrastructure, taking all losses into account. Our mathematical model includes WiFi system parameters, such as the retransmissions limit and the AP buffer size, in order to see how they affect transport-layer throughput and fairness. More importantly, we extend the analytical model to multiple APs, and compare the performance of a dual AP scenario with a conventional single AP scenario. Our results show that using cognitive radio and federated learning techniques in the industrial multiple APs scenario can substantially improve the performance.",2020,https://doi.org/10.1109/tii.2020.2985033,pending,,to_assign,to_assign,doi:https://doi.org/10.1109/tii.2020.2985033,,congestion control;tcp;fairness;buffer;wireless;learning,priority_review,candidate_background,General learning congestion-control evidence; scope must be checked,include_title_abstract,,not_started,Codex,2026-09-28,Learning-assisted congestion-control background evidence.,pending_full_text,1,doi_or_subscription,https://doi.org/10.1109/tii.2020.2985033,,pending_full_text,,Codex,
openalex_Q8_0177,openalex_Q8,openalex,Q8,AdaBoost-TCP: A Machine Learning-Based Congestion Control Method for Satellite Networks,"In a highly dynamic satellite network, frequent switching of satellite links leads to in-stability of the connection, which greatly increases the occurrence of packet loss. Existing TCP senders cannot effectively distinguish the types of network packet loss, resulting in lower network utilization. This paper proposes a machine learning-based congestion control strategy AdaBoost-TCP. AdaBoost-TCP constructs an adaptive Boost recognition model that can effectively classify the packet loss type in the satellite network. The receiver uses the model to differentiate the type of lost packets and combines the ECN flag to transmit the result to the sender. The sender adopts adaptive congestion control measures according to the type of packet loss obtained. Ada-Boost-TCP can have better classification speed and higher efficiency without increasing network load. From the ns-2 simulation results, when the packet loss rate is be-tween10-5-10-4, the AdaBoost-TCP strategy can increase throughput by up to 10% compared to Hybla, CUBIC, and Westwood. What's more, it can achieve good fair-ness compared to NewReno.",2019,https://doi.org/10.1109/icct46805.2019.8947121,pending,,to_assign,to_assign,doi:https://doi.org/10.1109/icct46805.2019.8947121,,congestion control;tcp;ecn;satellite;learning,priority_review,candidate_background,General learning congestion-control evidence; scope must be checked,include_title_abstract,,not_started,Codex,2026-09-28,Learning-assisted congestion-control background evidence.,pending_full_text,1,doi_or_subscription,https://doi.org/10.1109/icct46805.2019.8947121,,pending_full_text,,Codex,
crossref_Q1_0006,crossref_Q1,crossref,Q1,Experimental evaluation of BBR congestion control,,2017,10.1109/icnp.2017.8117540,pending,,to_assign,to_assign,doi:10.1109/icnp.2017.8117540,,bbr;congestion control,priority_review,candidate_include,BBR/BDP-Veno/OVeno term plus a review topic,include_title_abstract,,not_started,Codex,2026-09-28,Direct BBR/Veno/BDP-Veno/OVeno evidence with a transport or network topic.,pending_full_text,1,doi_or_subscription,,,pending_full_text,,Codex,
crossref_Q1_0010,crossref_Q1,crossref,Q1,Power Metric Based BBR Congestion Control Using XGBoost,,2025,10.1109/icmlas64557.2025.10968478,pending,,to_assign,to_assign,doi:10.1109/icmlas64557.2025.10968478,,bbr;congestion control,priority_review,candidate_include,BBR/BDP-Veno/OVeno term plus a review topic,include_title_abstract,,not_started,Codex,2026-09-28,Direct BBR/Veno/BDP-Veno/OVeno evidence with a transport or network topic.,pending_full_text,1,doi_or_subscription,,,pending_full_text,,Codex,
crossref_Q1_0012,crossref_Q1,crossref,Q1,SDN and BBR Based Friendly Congestion Control for MPTCP,,2026,10.1109/icaiic68212.2026.11454236,pending,,to_assign,to_assign,doi:10.1109/icaiic68212.2026.11454236,,bbr;congestion control;tcp,priority_review,candidate_include,BBR/BDP-Veno/OVeno term plus a review topic,include_title_abstract,,not_started,Codex,2026-09-28,Direct BBR/Veno/BDP-Veno/OVeno evidence with a transport or network topic.,pending_full_text,1,doi_or_subscription,,,pending_full_text,,Codex,
crossref_Q1_0014,crossref_Q1,crossref,Q1,Fluid-Based Modeling of TCP BBR Congestion Control Mechanism,,2024,10.1109/compsac61105.2024.00113,pending,,to_assign,to_assign,doi:10.1109/compsac61105.2024.00113,,bbr;congestion control;tcp,priority_review,candidate_include,BBR/BDP-Veno/OVeno term plus a review topic,include_title_abstract,,not_started,Codex,2026-09-28,Direct BBR/Veno/BDP-Veno/OVeno evidence with a transport or network topic.,pending_full_text,1,doi_or_subscription,,,pending_full_text,,Codex,
crossref_Q1_0015,crossref_Q1,crossref,Q1,BBR: Congestion-Based Congestion Control,,2016,10.1145/3012426.3022184,pending,,to_assign,to_assign,doi:10.1145/3012426.3022184,,bbr;congestion control,priority_review,candidate_include,BBR/BDP-Veno/OVeno term plus a review topic,include_title_abstract,,not_started,Codex,2026-09-28,Direct BBR/Veno/BDP-Veno/OVeno evidence with a transport or network topic.,pending_full_text,1,doi_or_subscription,,,pending_full_text,,Codex,
crossref_Q1_0019,crossref_Q1,crossref,Q1,BBR-n+ congestion control: Real-time performance with smart exit and advanced AQMs,,2026,10.1371/journal.pone.0330972,pending,,to_assign,to_assign,doi:10.1371/journal.pone.0330972,,bbr;congestion control,priority_review,candidate_include,BBR/BDP-Veno/OVeno term plus a review topic,include_title_abstract,,not_started,Codex,2026-09-28,Direct BBR/Veno/BDP-Veno/OVeno evidence with a transport or network topic.,pending_full_text,1,doi_or_subscription,,,pending_full_text,,Codex,
crossref_Q1_0021,crossref_Q1,crossref,Q1,BBR-Inspired Congestion Control for Data Fetching over NDN,,2021,10.1109/milcom52596.2021.9652898,pending,,to_assign,to_assign,doi:10.1109/milcom52596.2021.9652898,,bbr;congestion control,priority_review,candidate_include,BBR/BDP-Veno/OVeno term plus a review topic,include_title_abstract,,not_started,Codex,2026-09-28,Direct BBR/Veno/BDP-Veno/OVeno evidence with a transport or network topic.,pending_full_text,1,doi_or_subscription,,,pending_full_text,,Codex,
crossref_Q1_0024,crossref_Q1,crossref,Q1,Should BBR Be the Default TCP Congestion Control Protocol?,,2025,10.1109/uemcon67449.2025.11267582,pending,,to_assign,to_assign,doi:10.1109/uemcon67449.2025.11267582,,bbr;congestion control;tcp,priority_review,candidate_include,BBR/BDP-Veno/OVeno term plus a review topic,include_title_abstract,,not_started,Codex,2026-09-28,Direct BBR/Veno/BDP-Veno/OVeno evidence with a transport or network topic.,pending_full_text,1,doi_or_subscription,,,pending_full_text,,Codex,
crossref_Q1_0028,crossref_Q1,crossref,Q1,Standardization and Research Trends of BBR Congestion Control Algorithm,,2019,10.7840/kics.2019.44.9.1713,pending,,to_assign,to_assign,doi:10.7840/kics.2019.44.9.1713,,bbr;congestion control,priority_review,candidate_include,BBR/BDP-Veno/OVeno term plus a review topic,include_title_abstract,,not_started,Codex,2026-09-28,Direct BBR/Veno/BDP-Veno/OVeno evidence with a transport or network topic.,pending_full_text,1,doi_or_subscription,,,pending_full_text,,Codex,
crossref_Q1_0029,crossref_Q1,crossref,Q1,Reproducible measurements of TCP BBR congestion control,,2019,10.1016/j.comcom.2019.05.011,pending,,to_assign,to_assign,doi:10.1016/j.comcom.2019.05.011,,bbr;congestion control;tcp,priority_review,candidate_include,BBR/BDP-Veno/OVeno term plus a review topic,include_title_abstract,,not_started,Codex,2026-09-28,Direct BBR/Veno/BDP-Veno/OVeno evidence with a transport or network topic.,pending_full_text,1,doi_or_subscription,,,pending_full_text,,Codex,
crossref_Q1_0030,crossref_Q1,crossref,Q1,Towards a Deeper Understanding of TCP BBR Congestion Control,,2018,10.23919/ifipnetworking.2018.8696830,pending,,to_assign,to_assign,doi:10.23919/ifipnetworking.2018.8696830,,bbr;congestion control;tcp,priority_review,candidate_include,BBR/BDP-Veno/OVeno term plus a review topic,include_title_abstract,,not_started,Codex,2026-09-28,Direct BBR/Veno/BDP-Veno/OVeno evidence with a transport or network topic.,pending_full_text,1,doi_or_subscription,,,pending_full_text,,Codex,
crossref_Q1_0031,crossref_Q1,crossref,Q1,Space Environment Data Transfer System Based on BBR Congestion Control Algorithm,,2019,10.11728/cjss2019.01.111,pending,,to_assign,to_assign,doi:10.11728/cjss2019.01.111,,bbr;congestion control,priority_review,candidate_include,BBR/BDP-Veno/OVeno term plus a review topic,include_title_abstract,,not_started,Codex,2026-09-28,Direct BBR/Veno/BDP-Veno/OVeno evidence with a transport or network topic.,pending_full_text,1,doi_or_subscription,,,pending_full_text,,Codex,
crossref_Q1_0036,crossref_Q1,crossref,Q1,Improved Convergence and Low Retransmission of BBR Congestion Control Algorithm Based on Adaptive Pacing Gain,,2022,10.1109/hoticn57539.2022.10036208,pending,,to_assign,to_assign,doi:10.1109/hoticn57539.2022.10036208,,bbr;congestion control,priority_review,candidate_include,BBR/BDP-Veno/OVeno term plus a review topic,include_title_abstract,,not_started,Codex,2026-09-28,Direct BBR/Veno/BDP-Veno/OVeno evidence with a transport or network topic.,pending_full_text,1,doi_or_subscription,,,pending_full_text,,Codex,
crossref_Q1_0037,crossref_Q1,crossref,Q1,Performance Analysis of BBR Congestion Control Protocol Based on NS3,,2019,10.1109/cbd.2019.00071,pending,,to_assign,to_assign,doi:10.1109/cbd.2019.00071,,bbr;congestion control,priority_review,candidate_include,BBR/BDP-Veno/OVeno term plus a review topic,include_title_abstract,,not_started,Codex,2026-09-28,Direct BBR/Veno/BDP-Veno/OVeno evidence with a transport or network topic.,pending_full_text,1,doi_or_subscription,,,pending_full_text,,Codex,
crossref_Q1_0041,crossref_Q1,crossref,Q1,A BBR-based congestion control for delay-sensitive real-time applications,,2020,10.1007/s00607-020-00829-2,pending,,to_assign,to_assign,doi:10.1007/s00607-020-00829-2,,bbr;congestion control,priority_review,candidate_include,BBR/BDP-Veno/OVeno term plus a review topic,include_title_abstract,,not_started,Codex,2026-09-28,Direct BBR/Veno/BDP-Veno/OVeno evidence with a transport or network topic.,pending_full_text,1,doi_or_subscription,,,pending_full_text,,Codex,
crossref_Q1_0043,crossref_Q1,crossref,Q1,BBR‐G: A Novel End‐to‐End Congestion Control Protocol for Optimum Throughput,,2026,10.1002/dac.70534,pending,,to_assign,to_assign,doi:10.1002/dac.70534,,bbr;congestion control,priority_review,candidate_include,BBR/BDP-Veno/OVeno term plus a review topic,include_title_abstract,,not_started,Codex,2026-09-28,Direct BBR/Veno/BDP-Veno/OVeno evidence with a transport or network topic.,pending_full_text,1,doi_or_subscription,,,pending_full_text,,Codex,
crossref_Q1_0044,crossref_Q1,crossref,Q1,Comparison of TCP SIAD and TCP BBR Congestion Control in Simulated 5G Networks,,2021,10.2478/auseme-2021-0009,pending,,to_assign,to_assign,doi:10.2478/auseme-2021-0009,,bbr;congestion control;tcp,priority_review,candidate_include,BBR/BDP-Veno/OVeno term plus a review topic,include_title_abstract,,not_started,Codex,2026-09-28,Direct BBR/Veno/BDP-Veno/OVeno evidence with a transport or network topic.,pending_full_text,1,doi_or_subscription,,,pending_full_text,,Codex,
crossref_Q1_0045,crossref_Q1,crossref,Q1,Optimizing Data Transport Efficiency in Datacenters through Traffic Shaping of BBR Congestion Control,,2023,10.12720/jcm.18.2.97-108,pending,,to_assign,to_assign,doi:10.12720/jcm.18.2.97-108,,bbr;congestion control,priority_review,candidate_include,BBR/BDP-Veno/OVeno term plus a review topic,include_title_abstract,,not_started,Codex,2026-09-28,Direct BBR/Veno/BDP-Veno/OVeno evidence with a transport or network topic.,pending_full_text,1,doi_or_subscription,,,pending_full_text,,Codex,
crossref_Q1_0048,crossref_Q1,crossref,Q1,Rethinking the rate estimation of BBR congestion control,,2020,10.1049/el.2018.6440,pending,,to_assign,to_assign,doi:10.1049/el.2018.6440,,bbr;congestion control,priority_review,candidate_include,BBR/BDP-Veno/OVeno term plus a review topic,include_title_abstract,,not_started,Codex,2026-09-28,Direct BBR/Veno/BDP-Veno/OVeno evidence with a transport or network topic.,pending_full_text,1,doi_or_subscription,,,pending_full_text,,Codex,
crossref_Q1_0049,crossref_Q1,crossref,Q1,BBR Congestion Control Analysis with Multipath TCP (MPTCP) and Asymmetrical Latency Subflow,,2022,10.1109/ccwc54503.2022.9720867,pending,,to_assign,to_assign,doi:10.1109/ccwc54503.2022.9720867,,bbr;congestion control;tcp,priority_review,candidate_include,BBR/BDP-Veno/OVeno term plus a review topic,include_title_abstract,,not_started,Codex,2026-09-28,Direct BBR/Veno/BDP-Veno/OVeno evidence with a transport or network topic.,pending_full_text,1,doi_or_subscription,,,pending_full_text,,Codex,
crossref_Q1_0052,crossref_Q1,crossref,Q1,Optimization of BBR Congestion Control Algorithm for Spacecraft Payload Data Transmission,,2026,10.3233/atde260916,pending,,to_assign,to_assign,doi:10.3233/atde260916,,bbr;congestion control,priority_review,candidate_include,BBR/BDP-Veno/OVeno term plus a review topic,include_title_abstract,,not_started,Codex,2026-09-28,Direct BBR/Veno/BDP-Veno/OVeno evidence with a transport or network topic.,pending_full_text,1,doi_or_subscription,,,pending_full_text,,Codex,
crossref_Q1_0053,crossref_Q1,crossref,Q1,"BBR Congestion Control Algorithms: Evolution, Challenges and Future Directions",,2026,10.1145/3793537,pending,,to_assign,to_assign,doi:10.1145/3793537,,bbr;congestion control,priority_review,candidate_include,BBR/BDP-Veno/OVeno term plus a review topic,include_title_abstract,,not_started,Codex,2026-09-28,Direct BBR/Veno/BDP-Veno/OVeno evidence with a transport or network topic.,pending_full_text,1,doi_or_subscription,,,pending_full_text,,Codex,
crossref_Q1_0057,crossref_Q1,crossref,Q1,Design and implementation of high-performance and low-latency cloud protocol gateway based on BBR congestion control algorithm,,2023,10.1117/12.3011554,pending,,to_assign,to_assign,doi:10.1117/12.3011554,,bbr;congestion control,priority_review,candidate_include,BBR/BDP-Veno/OVeno term plus a review topic,include_title_abstract,,not_started,Codex,2026-09-28,Direct BBR/Veno/BDP-Veno/OVeno evidence with a transport or network topic.,pending_full_text,1,doi_or_subscription,,,pending_full_text,,Codex,
crossref_Q1_0072,crossref_Q1,crossref,Q1,Comparative Analysis of Congestion Window Size and Throughput for BBR versus Elastic TCP,,2023,10.1109/cicn59264.2023.10402167,pending,,to_assign,to_assign,doi:10.1109/cicn59264.2023.10402167,,bbr;tcp,priority_review,candidate_include,BBR/BDP-Veno/OVeno term plus a review topic,include_title_abstract,,not_started,Codex,2026-09-28,Direct BBR/Veno/BDP-Veno/OVeno evidence with a transport or network topic.,pending_full_text,1,doi_or_subscription,,,pending_full_text,,Codex,
crossref_Q1_0198,crossref_Q1,crossref,Q1,Control TCP BBR Throughput in a Programmable Switch,,2025,10.1109/hpsr64165.2025.11038879,pending,,to_assign,to_assign,doi:10.1109/hpsr64165.2025.11038879,,bbr;tcp,priority_review,candidate_include,BBR/BDP-Veno/OVeno term plus a review topic,include_title_abstract,,not_started,Codex,2026-09-28,Direct BBR/Veno/BDP-Veno/OVeno evidence with a transport or network topic.,pending_full_text,1,doi_or_subscription,,,pending_full_text,,Codex,
crossref_Q2_0002,crossref_Q2,crossref,Q2,Exploring the BBRv2 Congestion Control Algorithm for use on Data Transfer Nodes,,2021,10.1109/indis54524.2021.00008,pending,,to_assign,to_assign,doi:10.1109/indis54524.2021.00008,,bbr;congestion control,priority_review,candidate_include,BBR/BDP-Veno/OVeno term plus a review topic,include_title_abstract,,not_started,Codex,2026-09-28,Direct BBR/Veno/BDP-Veno/OVeno evidence with a transport or network topic.,pending_full_text,1,doi_or_subscription,,,pending_full_text,,Codex,
crossref_Q2_0040,crossref_Q2,crossref,Q2,Evaluating Tcp Bbrv3 Performance in Wired Broadband Networks,,2023,10.2139/ssrn.4594375,pending,,to_assign,to_assign,doi:10.2139/ssrn.4594375,,bbr;tcp,priority_review,candidate_include,BBR/BDP-Veno/OVeno term plus a review topic,include_title_abstract,,not_started,Codex,2026-09-28,Direct BBR/Veno/BDP-Veno/OVeno evidence with a transport or network topic.,pending_full_text,1,doi_or_subscription,,,pending_full_text,,Codex,
crossref_Q8_0002,crossref_Q8,crossref,Q8,Fairness-Aware Congestion Control- From Heuristic Protocols to Learning-Based Frameworks,,2025,10.52783/cana.v32.7289,pending,,to_assign,to_assign,doi:10.52783/cana.v32.7289,,congestion control;fairness;learning,priority_review,candidate_background,General learning congestion-control evidence; scope must be checked,include_title_abstract,,not_started,Codex,2026-09-28,Learning-assisted congestion-control background evidence.,pending_full_text,1,doi_or_subscription,,,pending_full_text,,Codex,
crossref_Q8_0003,crossref_Q8,crossref,Q8,"Reinforcement Learning-based Congestion Control: A Systematic Evaluation of Fairness, Efficiency and Responsiveness",,2024,10.1109/infocom52122.2024.10621288,pending,,to_assign,to_assign,doi:10.1109/infocom52122.2024.10621288,,congestion control;fairness;learning,priority_review,candidate_background,General learning congestion-control evidence; scope must be checked,include_title_abstract,,not_started,Codex,2026-09-28,Learning-assisted congestion-control background evidence.,pending_full_text,1,doi_or_subscription,,,pending_full_text,,Codex,
crossref_Q8_0004,crossref_Q8,crossref,Q8,Fairness Improvement of Congestion Control with Reinforcement Learning,,2021,10.2197/ipsjjip.29.592,pending,,to_assign,to_assign,doi:10.2197/ipsjjip.29.592,,congestion control;fairness;learning,priority_review,candidate_background,General learning congestion-control evidence; scope must be checked,include_title_abstract,,not_started,Codex,2026-09-28,Learning-assisted congestion-control background evidence.,pending_full_text,1,doi_or_subscription,,,pending_full_text,,Codex,
crossref_Q8_0007,crossref_Q8,crossref,Q8,Fairness Enhancement of TCP Congestion Control Using Reinforcement Learning,,2022,10.1109/icaiic54071.2022.9722626,pending,,to_assign,to_assign,doi:10.1109/icaiic54071.2022.9722626,,congestion control;tcp;fairness;learning,priority_review,candidate_background,General learning congestion-control evidence; scope must be checked,include_title_abstract,,not_started,Codex,2026-09-28,Learning-assisted congestion-control background evidence.,pending_full_text,1,doi_or_subscription,,,pending_full_text,,Codex,
crossref_Q8_0064,crossref_Q8,crossref,Q8,Ergodic Control and Fairness in Socio-Economic Learning Systems,,2025,10.2139/ssrn.5334041,pending,,to_assign,to_assign,doi:10.2139/ssrn.5334041,,fairness;learning,priority_review,candidate_background,General learning congestion-control evidence; scope must be checked,include_title_abstract,,not_started,Codex,2026-09-28,Learning-assisted congestion-control background evidence.,pending_full_text,1,doi_or_subscription,,,pending_full_text,,Codex,
crossref_Q8_0074,crossref_Q8,crossref,Q8,Fairness Guarantees in a Neural Network Adaptive Congestion Control Framework,,2009,10.1109/tnn.2009.2013463,pending,,to_assign,to_assign,doi:10.1109/tnn.2009.2013463,,congestion control;fairness,priority_review,candidate_background,General learning congestion-control evidence; scope must be checked,include_title_abstract,,not_started,Codex,2026-09-28,Learning-assisted congestion-control background evidence.,pending_full_text,1,doi_or_subscription,,,pending_full_text,,Codex,
crossref_Q8_0119,crossref_Q8,crossref,Q8,Fairness-Constrained Inventory Control with Demand Learning,,2025,10.2139/ssrn.5319693,pending,,to_assign,to_assign,doi:10.2139/ssrn.5319693,,fairness;learning,priority_review,candidate_background,General learning congestion-control evidence; scope must be checked,include_title_abstract,,not_started,Codex,2026-09-28,Learning-assisted congestion-control background evidence.,pending_full_text,1,doi_or_subscription,,,pending_full_text,,Codex,
crossref_Q8_0154,crossref_Q8,crossref,Q8,Fairness in Learning-Based Sequential Decision Algorithms: A Survey,,2021,10.1007/978-3-030-60990-0_18,pending,,to_assign,to_assign,doi:10.1007/978-3-030-60990-0_18,,fairness;learning,priority_review,candidate_background,General learning congestion-control evidence; scope must be checked,include_title_abstract,,not_started,Codex,2026-09-28,Learning-assisted congestion-control background evidence.,pending_full_text,1,doi_or_subscription,,,pending_full_text,,Codex,
crossref_Q8_0160,crossref_Q8,crossref,Q8,Improved Control Mechanism of Bottleneck Bandwidth and Round-Trip Propagation Time v3 Congestion with Enhanced Fairness and Efficiency,,2025,10.3390/engproc2025089011,pending,,to_assign,to_assign,doi:10.3390/engproc2025089011,,fairness,low_priority_review,candidate_include,BBR/BDP-Veno/OVeno term plus a review topic,include_title_abstract,,not_started,Codex,2026-09-28,Direct BBR/Veno/BDP-Veno/OVeno evidence with a transport or network topic.,pending_full_text,1,doi_or_subscription,,,pending_full_text,,Codex,
crossref_Q8_0161,crossref_Q8,crossref,Q8,Distributed Traffic Signal Control with Fairness Using Deep Reinforcement Learning,,2023,10.23919/siceiscs57194.2023.10079200,pending,,to_assign,to_assign,doi:10.23919/siceiscs57194.2023.10079200,,fairness;learning,priority_review,candidate_background,General learning congestion-control evidence; scope must be checked,include_title_abstract,,not_started,Codex,2026-09-28,Learning-assisted congestion-control background evidence.,pending_full_text,1,doi_or_subscription,,,pending_full_text,,Codex,
crossref_Q8_0163,crossref_Q8,crossref,Q8,Research on Congestion Control Based on Imitative Learning in Information-Centric Satellite Networks,,2023,10.2139/ssrn.4673078,pending,,to_assign,to_assign,doi:10.2139/ssrn.4673078,,congestion control;satellite;learning,priority_review,candidate_background,General learning congestion-control evidence; scope must be checked,include_title_abstract,,not_started,Codex,2026-09-28,Learning-assisted congestion-control background evidence.,pending_full_text,1,doi_or_subscription,,,pending_full_text,,Codex,
crossref_Q8_0173,crossref_Q8,crossref,Q8,Improved Bottleneck Bandwidth and Round-Trip Propagation Congestion Control Algorithm for Round-Trip Time Fairness,,2023,10.20965/jaciii.2023.p0346,pending,,to_assign,to_assign,doi:10.20965/jaciii.2023.p0346,,congestion control;fairness,priority_review,candidate_include,BBR/BDP-Veno/OVeno term plus a review topic,include_title_abstract,,not_started,Codex,2026-09-28,Direct BBR/Veno/BDP-Veno/OVeno evidence with a transport or network topic.,pending_full_text,1,doi_or_subscription,,,pending_full_text,,Codex,
crossref_Q8_0181,crossref_Q8,crossref,Q8,Flexible Regularization Approaches for Fairness in Deep Learning,,2020,10.1109/cdc42340.2020.9303736,pending,,to_assign,to_assign,doi:10.1109/cdc42340.2020.9303736,,fairness;learning,priority_review,candidate_background,General learning congestion-control evidence; scope must be checked,include_title_abstract,,not_started,Codex,2026-09-28,Learning-assisted congestion-control background evidence.,pending_full_text,1,doi_or_subscription,,,pending_full_text,,Codex,
crossref_Q8_0196,crossref_Q8,crossref,Q8,Fairness-aware federated learning,,,10.32657/10356/200726,pending,,to_assign,to_assign,doi:10.32657/10356/200726,,fairness;learning,priority_review,candidate_background,General learning congestion-control evidence; scope must be checked,include_title_abstract,,not_started,Codex,2026-09-28,Learning-assisted congestion-control background evidence.,pending_full_text,1,doi_or_subscription,,,pending_full_text,,Codex,
openalex_Q1_0038,openalex_Q1,openalex,Q1,The Great Internet TCP Congestion Control Census,"In 2016, Google proposed and deployed a new TCP variant called BBR. BBR represents a major departure from traditional congestion-window-based congestion control. Instead of using loss as a congestion signal, BBR uses estimates of the bandwidth and round-trip delays to regulate its sending rate. The last major study on the distribution of TCP variants on the Internet was done in 2011, so it is timely to conduct a new census given the recent developments around BBR. To this end, we designed and implemented Gordon, a tool that allows us to measure the exact congestion window (cwnd) corresponding to each successive RTT in the TCP connection response of a congestion control algorithm. To compare a measured flow to the known variants, we created a localized bottleneck where we can introduce a variety of network changes like loss events, bandwidth change, and increased delay, and normalize all measurements by RTT. An offline classifier is used to identify the TCP variant based on the cwnd trace over time. Our results suggest that CUBIC is currently the dominant TCP variant on the Internet, and it is deployed on about 36% of the websites in the Alexa Top 20,000 list. While BBR and its variant BBR G1.1 are currently in second place with a 22% share by website count, their present share of total Internet traffic volume is estimated to be larger than 40%. We also found that Akamai has deployed a unique loss-agnostic rate-based TCP variant on some 6% of the Alexa Top 20,000 websites and there are likely other undocumented variants. The traditional assumption that TCP variants ""in the wild"" will come from a small known set is not likely to be true anymore. We predict that some variant of BBR seems poised to replace CUBIC as the next dominant TCP variant on the Internet.",2019,https://doi.org/10.1145/3366693,pending,,to_assign,to_assign,doi:https://doi.org/10.1145/3366693,,bbr;congestion control;tcp;rtt,priority_review,candidate_include,BBR/BDP-Veno/OVeno term plus a review topic,include_title_abstract,,not_started,Codex,2026-09-28,Direct BBR/Veno/BDP-Veno/OVeno evidence with a transport or network topic.,pending_full_text,0,doi_or_subscription,https://doi.org/10.1145/3366693,,pending_full_text,,Codex,
openalex_Q1_0056,openalex_Q1,openalex,Q1,Congestion Control for Cross-Datacenter Networks,"Geographically distributed applications hosted on cloud are becoming prevalent. They run oncross-datacenter networkthat consists of multiple data center networks (DCNs) connected by a wide area network (WAN). Such a cross-DC network poses significant challenges in transport design because the DCN and WAN segments have vastly distinct characteristics (e.g., buffer depths, RTTs). In this paper, we find that existing DCN or WAN transport reacting to ECN or delay alone do not (and cannot be extended to) work well for such an environment. The key reason is that neither of the signals, by itself only, can simultaneously capture the location and degree of congestion, mainly due to the discrepancies between DCN and WAN. Motivated by this, we present the design and implementation of GEMINI that strategically integrates both ECN and delay signals for cross-DC congestion control. To achieve low latency, GEMINI bounds the inter-DC latency with delay signal and prevents the intra-DC packet loss with ECN. To maintain high throughput, GEMINI modulates the window dynamics and maintains low buffer occupancy utilizing both congestion signals. GEMINI is implemented in Linux kernel and evaluated by extensive testbed experiments. Results show that GEMINI achieves up to 53%, 31%, 76% and 2% reduction of small flow average completion times, and up to 34%, 39%, 9% and 58% reduction of large flow average completion times compared to TCP Cubic, DCTCP, BBR and TCP Vegas.",2022,https://doi.org/10.1109/tnet.2022.3161580,pending,,to_assign,to_assign,doi:https://doi.org/10.1109/tnet.2022.3161580,,bbr;congestion control;tcp;rtt;buffer;ecn,priority_review,candidate_include,BBR/BDP-Veno/OVeno term plus a review topic,include_title_abstract,,not_started,Codex,2026-09-28,Direct BBR/Veno/BDP-Veno/OVeno evidence with a transport or network topic.,pending_full_text,0,doi_or_subscription,https://doi.org/10.1109/tnet.2022.3161580,,pending_full_text,,Codex,
openalex_Q1_0058,openalex_Q1,openalex,Q1,The Great Internet TCP Congestion Control Census,"In 2016, Google proposed and deployed a new TCP variant called BBR. BBR represents a major departure from traditional congestion control as it uses estimates of bandwidth and round-trip delays to regulate its sending rate. BBR has since been introduced in the upstream Linux kernel and deployed by Google across its data centers. Since the last major study to identify TCP congestion control variants on the Internet was done before BBR, it is timely to conduct a new census to give us a sense of the current distribution of congestion control variants on the Internet. To this end, we designed and implemented Gordon, a tool that allows us to measure the congestion window (cwnd) corresponding to each successive RTT in the TCP connection response of a congestion control algorithm. To compare a measured flow to the known variants, we created a localized bottleneck and introduced a variety of network changes like loss events, changes in bandwidth and delay, while normalizing all measurements by RTT. We built an offline classifier to identify the TCP variant based on the cwnd trace over time.",2020,https://doi.org/10.1145/3393691.3394221,pending,,to_assign,to_assign,doi:https://doi.org/10.1145/3393691.3394221,,bbr;congestion control;tcp;rtt,priority_review,candidate_include,BBR/BDP-Veno/OVeno term plus a review topic,include_title_abstract,,not_started,Codex,2026-09-28,Direct BBR/Veno/BDP-Veno/OVeno evidence with a transport or network topic.,pending_full_text,0,doi_or_subscription,https://doi.org/10.1145/3393691.3394221,,pending_full_text,,Codex,
openalex_Q1_0061,openalex_Q1,openalex,Q1,Congestion Control for Cross-Datacenter Networks,"Geographically distributed applications hosted on cloud are becoming prevalent. They run on cross-datacenter network that consists of multiple data center networks (DCNs) connected by a wide area network (WAN). Such a cross-DC network imposes significant challenges in transport design because the DCN and WAN segments have vastly distinct characteristics (e.g., butter depths, RTTs). In this paper, we find that existing DCN or WAN transports reacting to ECN or delay alone do not (and cannot be extended to) work well for such an environment. The key reason is that neither of the signals, by itself, can simultaneously capture the location and degree of congestion. This is due to the discrepancies between DCN and WAN. Motivated by this, we present the design and implementation of GEMINI that strategically integrates both ECN and delay signals for cross-DC congestion control. To achieve low latency, GEMINI bounds the inter-DC latency with delay signal and prevents the intra-DC packet loss with ECN. To maintain high throughput, GEMINI modulates the window dynamics and maintains low butter occupancy utilizing both congestion signals. GEMINI is implemented in Linux kernel and evaluated by extensive testbed experiments. Results show that GEMINI achieves up to 53%, 31% and 76% reduction of small flow average completion times compared to TCP Cubic, DCTCP and BBR; and up to 58% reduction of large flow average completion times compared to TCP Vegas.",2019,https://doi.org/10.1109/icnp.2019.8888042,pending,,to_assign,to_assign,doi:https://doi.org/10.1109/icnp.2019.8888042,,bbr;congestion control;tcp;rtt;ecn,priority_review,candidate_include,BBR/BDP-Veno/OVeno term plus a review topic,include_title_abstract,,not_started,Codex,2026-09-28,Direct BBR/Veno/BDP-Veno/OVeno evidence with a transport or network topic.,pending_full_text,0,doi_or_subscription,https://doi.org/10.1109/icnp.2019.8888042,,pending_full_text,,Codex,
openalex_Q1_0083,openalex_Q1,openalex,Q1,Antelope: A Framework for Dynamic Selection of Congestion Control Algorithms,"Most congestion control mechanisms are designed for specific network environments. Hence, there is no known algorithm that achieves uniformly good performance in all scenarios for all flows. Rather than devising such a one-size-fits-all algorithm, we propose a system to dynamically switch between the most suitable congestion control mechanisms for specific flows in specific environments. This raises a number of challenges, which we address through the design and implementation of Antelope, a system that can dynamically reconfigure to use the most suitable congestion control mechanism for an individual flow. We build a machine learning approach to learn which algorithm works best for individual conditions and implement kernel-level support for dynamically adjusting congestion control algorithms. We have implemented Antelope in Linux, and evaluated it in both emulated and production networks. We show that in WAN, DCN, and cellular networks, Antelope achieves an average 16% improvement in throughput compared with BBR; compared with Cubic, Antelope achieves an average 19% improvement in throughput and 10% reduction in delay.",2021,https://doi.org/10.1109/icnp52444.2021.9651912,pending,,to_assign,to_assign,doi:https://doi.org/10.1109/icnp52444.2021.9651912,,bbr;congestion control;learning,priority_review,candidate_include,BBR/BDP-Veno/OVeno term plus a review topic,include_title_abstract,,not_started,Codex,2026-09-28,Direct BBR/Veno/BDP-Veno/OVeno evidence with a transport or network topic.,pending_full_text,0,doi_or_subscription,https://doi.org/10.1109/icnp52444.2021.9651912,,pending_full_text,,Codex,
openalex_Q1_0090,openalex_Q1,openalex,Q1,An Experimental Evaluation of Low Latency Congestion Control for mmWave Links,"Applications that require extremely low latency are expected to be a major driver of 5G and WLAN networks that include millimeter wave (mmWave) links. However, mmWave links can experience frequent, sudden changes in link capacity due to obstructions in the signal path. These dramatic variations in link capacity cause a temporary “bufferbloat” condition during which delay may increase by a factor of 2-10. Low latency congestion control protocols, which manage bufferbloat by minimizing queue occupancy, represent a potential solution to this problem, however their behavior over links with dramatic variations in capacity is not well understood. In this paper, we explore the behavior of two major low latency congestion control protocols, TCP BBR and TCP Prague (as part of L4S), using link traces collected over mmWave links under various conditions. Our evaluation reveals potential problems associated with use of these congestion control protocols for low latency applications over mmWave links.",2020,https://doi.org/10.1109/infocomwkshps50562.2020.9162881,pending,,to_assign,to_assign,doi:https://doi.org/10.1109/infocomwkshps50562.2020.9162881,,bbr;congestion control;tcp;buffer;queue,priority_review,candidate_include,BBR/BDP-Veno/OVeno term plus a review topic,include_title_abstract,,not_started,Codex,2026-09-28,Direct BBR/Veno/BDP-Veno/OVeno evidence with a transport or network topic.,pending_full_text,0,doi_or_subscription,https://doi.org/10.1109/infocomwkshps50562.2020.9162881,,pending_full_text,,Codex,
openalex_Q1_0106,openalex_Q1,openalex,Q1,BDP-CoAP: Leveraging Bandwidth-Delay Product for Congestion Control in CoAP,"CoAP is one of the most popular protocols for data transfer in IoT networks. Since COAP uses an unreliable transport protocol (UDP) to deliver application data, loss-based congestion control algorithms are introduced in CoAP to mitigate network congestion. In particular, CoCoA+, which is currently under standardisation by the IETF, leverages RTT-measurements to regulate the frequency of packet retransmissions. Recent studies have shown that CoCoA+ still suffers from some critical performance issues, and a few modifications were proposed. In this paper, we follow a different approach, and we design a rate-based congestion control algorithm for COAP, called BDP-COAP, which is derived from the TCP BBR protocol. More precisely, BDP-COAP paces the transmissions of a CoAP sender in order to match the estimated bandwidth of the bottleneck link and constrains the total amount of unacknowledged data to be upper-bounded by the estimated bandwidth-delay product. We compare our solution against standard CoAP and CoCoA+. Results demonstrate the BDP-COAP significantly improves throughput fairness while obtaining similar total goodput as CoAP and CoCoA+. Furthermore, BDP-COAP ensures more stable performance also in dynamic traffic scenarios and when competing with congestion-unaware traffic.",2019,https://doi.org/10.1109/wf-iot.2019.8767177,pending,,to_assign,to_assign,doi:https://doi.org/10.1109/wf-iot.2019.8767177,,bbr;congestion control;tcp;fairness;rtt,priority_review,candidate_include,BBR/BDP-Veno/OVeno term plus a review topic,include_title_abstract,,not_started,Codex,2026-09-28,Direct BBR/Veno/BDP-Veno/OVeno evidence with a transport or network topic.,pending_full_text,0,doi_or_subscription,https://doi.org/10.1109/wf-iot.2019.8767177,,pending_full_text,,Codex,
openalex_Q1_0109,openalex_Q1,openalex,Q1,Gemini: Divide-and-Conquer for Practical Learning-Based Internet Congestion Control,"Learning-based Internet congestion control algorithms have attracted much attention due to their potential performance improvement over traditional algorithms. However, such performance improvement is usually at the expense of black-box design and high computational overhead, which prevent them from large-scale deployment over production networks. To address this problem, we propose a novel Internet congestion control algorithm called Gemini. It contains a parameterized congestion control module, which is white-box designed with low computational overhead, and an online parameter optimization module, which serves to adapt the parameterized congestion control module to different networks for higher transmission performance. Extensive trace-driven emulations reveal Gemini achieves better balances between delay and throughput than state-of-the-art algorithms. Moreover, we successfully deploy Gemini over production networks. The evaluation results show that the average throughput of Gemini is 5% higher than that of Cubic (4% higher than that of BBR) over a mobile application downloading service and 61% higher than that of Cubic (33% higher than that of BBR) over a commercial network speed-test benchmarking service.",2023,https://doi.org/10.1109/infocom53939.2023.10229069,pending,,to_assign,to_assign,doi:https://doi.org/10.1109/infocom53939.2023.10229069,,bbr;congestion control;learning,priority_review,candidate_include,BBR/BDP-Veno/OVeno term plus a review topic,include_title_abstract,,not_started,Codex,2026-09-28,Direct BBR/Veno/BDP-Veno/OVeno evidence with a transport or network topic.,pending_full_text,0,doi_or_subscription,https://doi.org/10.1109/infocom53939.2023.10229069,,pending_full_text,,Codex,
openalex_Q1_0110,openalex_Q1,openalex,Q1,A browser-side view of starlink connectivity,"LEO satellite ""mega-constellations"" such as SpaceX's Starlink, Amazon's Kuiper, OneWeb are launching thousands of satellites annually, promising high-bandwidth low-latency connectivity. To quantify the achievable performance of such providers, we carry out a measurement study of the spatial and temporal characteristics as well as the geographic variability of the connectivity provided by Starlink, the current leader in this space. We do this by building and deploying a browser extension that provides data about web performance seen by 28 users from 10 cities across the world. We complement this with performance tests run from three measurement nodes hosted by volunteer enthusiasts in the UK, EU and USA. Our findings suggest that although Starlink offers some of the best web performance figures among the ISPs observed, there are important sources of variability in performance such as weather conditions. The bent-pipe connection to a satellite and back to earth also forms a significant component of the observed latency. We also observe frequent and significant packet losses of up to 50% of packets, which appear to be correlated with handovers between satellites. This has an effect on achievable throughput even when using modern congestion control protocols such as BBR or CUBIC.",2022,https://doi.org/10.1145/3517745.3561457,pending,,to_assign,to_assign,doi:https://doi.org/10.1145/3517745.3561457,,bbr;congestion control;satellite;leo,priority_review,candidate_include,BBR/BDP-Veno/OVeno term plus a review topic,include_title_abstract,,not_started,Codex,2026-09-28,Direct BBR/Veno/BDP-Veno/OVeno evidence with a transport or network topic.,pending_full_text,0,doi_or_subscription,https://doi.org/10.1145/3517745.3561457,,pending_full_text,,Codex,
openalex_Q1_0127,openalex_Q1,openalex,Q1,An Active-Passive Measurement Study of TCP Performance over LTE on High-speed Rails,"High-speed rail (HSR) systems potentially provide a more efficient way of door-to-door transportation than airplane. However, they also pose unprecedented challenges in delivering seamless Internet service for on-board passengers. In this paper, we conduct a large-scale active-passive measurement study of TCP performance over LTE on HSR. Our measurement targets the HSR routes in China operating at above 300 km/h. We performed extensive data collection through both controlled setting and passive monitoring, obtaining 1732.9 GB data collected over 135719 km of trips. Leveraging such a unique dataset, we measure important performance metrics such as TCP goodput, latency, loss rate, as well as key characteristics of TCP flows, application breakdown, and users' behaviors. We further quantitatively study the impact of frequent cellular handover on HSR networking performance, and conduct in-depth examination of the performance of two widely deployed transport-layer protocols: TCP CUBIC and TCP BBR. Our findings reveal the performance of today's commercial HSR networks ""in the wild'', as well as identify several performance inefficiencies, which motivate us to design a simple yet effective congestion control algorithm based on BBR to further boost the throughput by up to 36.5%. They together highlight the need to develop dedicated protocol mechanisms that are friendly to extreme mobility.",2019,https://doi.org/10.1145/3300061.3300123,pending,,to_assign,to_assign,doi:https://doi.org/10.1145/3300061.3300123,,bbr;congestion control;tcp,priority_review,candidate_include,BBR/BDP-Veno/OVeno term plus a review topic,include_title_abstract,,not_started,Codex,2026-09-28,Direct BBR/Veno/BDP-Veno/OVeno evidence with a transport or network topic.,pending_full_text,0,doi_or_subscription,https://doi.org/10.1145/3300061.3300123,,pending_full_text,,Codex,
openalex_Q1_0133,openalex_Q1,openalex,Q1,Switches Know the Exact Amount of Congestion,"Deployed congestion control algorithms rely on end hosts to figure out how congested the network is. Initially, for TCP, the congestion signal was packet drops; a binary signal that kicks in only after the congestion is well underway. More recently, the trend has been towards using RTT as a congestion signal instead (e.g. Timely and BBR). But RTT is a noisy surrogate for congestion; it contains a valuable signal about congestion at the bottleneck but also includes noise from the queuing delay at the non-bottlenecked switches. Taking a step back, it is worth asking: Why don't the switches and routers simply tell us the actual congestion they are experiencing? After all, they must keep track of the precise occupancy of their own queues anyway; they can directly tell the end-hosts. Conventional wisdom said this is too expensive (in terms of additional bits in headers, or complexity and power consumption). We argue that even if this was once the case, it no longer is. Today, it is quite feasible, with negligible increase in power or lost capacity, to report the precise queuing delay at the switches, allowing the end hosts to make more accurate decisions when minimizing required buffering. We explore how this might work using modern programmable switches and NICs that stamp each packet with the queue occupancy (or the maximum queue occupancy along the path), which can be thought of as a multi-bit ECN signal. We provide evidence that the resulting signal is a more accurate indication of congestion at the flow's bottleneck and can lead to higher link utilization and shorter flow completion times than RTT-based algorithms. Consequently, it becomes easier to control required buffer sizes. Our goal here is not to argue for a particular multi-bit ECN algorithm, but to point out that in the future, there is no longer a need to rely on noisy RTT measurements at the edges.",2019,https://doi.org/10.1145/3375235.3375245,pending,,to_assign,to_assign,doi:https://doi.org/10.1145/3375235.3375245,,bbr;congestion control;tcp;rtt;buffer;queue;ecn,priority_review,candidate_include,BBR/BDP-Veno/OVeno term plus a review topic,include_title_abstract,,not_started,Codex,2026-09-28,Direct BBR/Veno/BDP-Veno/OVeno evidence with a transport or network topic.,pending_full_text,0,doi_or_subscription,https://doi.org/10.1145/3375235.3375245,,pending_full_text,,Codex,
openalex_Q1_0138,openalex_Q1,openalex,Q1,On the Bottleneck Structure of Congestion-Controlled Networks,"In this paper, we introduce the Theory of Bottleneck Ordering, a mathematical framework that reveals the bottleneck structure of data networks. This theoretical framework provides insights into the inherent topological properties of a network in at least three areas: (1) It identifies the regions of influence of each bottleneck; (2) it reveals the order in which bottlenecks (and flows traversing them) converge to their steady state transmission rates in distributed congestion control algorithms; and (3) it provides key insights into the design of optimized traffic engineering policies. We demonstrate the efficacy of the proposed theory in TCP congestion-controlled networks for two broad classes of algorithms: Congestion-based algorithms (TCP BBR) and loss-based additive-increase/multiplicative-decrease algorithms (TCP Cubic and Reno). Among other results, our network experiments show that: (1) Qualitatively, both classes of congestion control algorithms behave as predicted by the bottleneck structure of the network; (2) flows compete for bandwidth only with other flows operating at the same bottleneck level; (3) BBR flows achieve higher performance and fairness than Cubic and Reno flows due to their ability to operate at the right bottleneck level; (4) the bottleneck structure of a network is continuously changing and its levels can be folded due to variations in the flows' round trip times; and (5) against conventional wisdom, low-hitter flows can have a large impact to the overall performance of a network.",2020,https://doi.org/10.1145/3393691.3394204,pending,,to_assign,to_assign,doi:https://doi.org/10.1145/3393691.3394204,,bbr;congestion control;tcp;fairness,priority_review,candidate_include,BBR/BDP-Veno/OVeno term plus a review topic,include_title_abstract,,not_started,Codex,2026-09-28,Direct BBR/Veno/BDP-Veno/OVeno evidence with a transport or network topic.,pending_full_text,0,doi_or_subscription,https://doi.org/10.1145/3393691.3394204,,pending_full_text,,Codex,
openalex_Q1_0151,openalex_Q1,openalex,Q1,RAN Information-Assisted TCP Congestion Control Using Deep Reinforcement Learning With Reward Redistribution,"In this paper, we aim to propose a novel transmission control protocol (TCP) congestion control method from a cross-layer-based perspective and present a deep reinforcement learning (DRL)-driven method called DRL-3R (DRL for congestion control with Radio access network information and Reward Redistribution) so as to learn the TCP congestion control policy in a superior manner. In particular, we incorporate the RAN information to timely grasp the dynamics of RAN, and empower DRL to learn from the delayed RAN information feedback potentially induced by several consecutive actions. Meanwhile, we relax the implicit assumption (that the feedback to one specific action returns at a round-trip-time (RTT) after the action is applied) in previous researches, by redistributing the rewards and evaluating the merits of actions more accurately. Experiment results show that besides maintaining a reasonable fairness, DRL-3R significantly outperforms classical congestion control methods (e.g., TCP Reno, Westwood, Cubic, BBR and DRL-CC) on network utility by achieving a higher throughput while reducing delay in various network environments.",2021,https://doi.org/10.1109/tcomm.2021.3123130,pending,,to_assign,to_assign,doi:https://doi.org/10.1109/tcomm.2021.3123130,,bbr;congestion control;tcp;fairness;rtt;learning,priority_review,candidate_include,BBR/BDP-Veno/OVeno term plus a review topic,include_title_abstract,,not_started,Codex,2026-09-28,Direct BBR/Veno/BDP-Veno/OVeno evidence with a transport or network topic.,pending_full_text,0,doi_or_subscription,https://doi.org/10.1109/tcomm.2021.3123130,,pending_full_text,,Codex,
openalex_Q1_0159,openalex_Q1,openalex,Q1,Congestion Control for Future Mobile Networks,"The complexity and volatility of emerging mobile networks, which are intended to support extremely demanding applications such as high-resolution live video and AR/VR, pose immense challenges for congestion control. We present MORC, a novel rate-control protocol for mobile networks. MORC builds on the PCC protocol design framework to strike a balance between low latency and high throughput. Lab trials and early field tests show that MORC outperforms traditional TCP congestion control and the recent BBR protocol, achieving faster file download times, higher resiliency to network changes, better bandwidth utilization, and improved quality of experience for video clients. We discuss deployment scenarios and future research.",2018,https://doi.org/10.1145/3264844.3264850,pending,,to_assign,to_assign,doi:https://doi.org/10.1145/3264844.3264850,,bbr;congestion control;tcp,priority_review,candidate_include,BBR/BDP-Veno/OVeno term plus a review topic,include_title_abstract,,not_started,Codex,2026-09-28,Direct BBR/Veno/BDP-Veno/OVeno evidence with a transport or network topic.,pending_full_text,0,doi_or_subscription,https://doi.org/10.1145/3264844.3264850,,pending_full_text,,Codex,
openalex_Q1_0161,openalex_Q1,openalex,Q1,TCP’s Initial Window—Deployment in the Wild and Its Impact on Performance,"TCP congestion control and particularly its initial congestion window (IW) size is one long-debated topic that can influence Web performance. Its size is, however, assumed to be static by IETF recommendations-despite being network- and application-dependent-and only infrequently changed in its history. To understand if the standardization and research perspective still meets Internet reality, we study the IW configurations in IPv4 and of major content delivery networks (CDNs). We have been regularly inspecting IPv4 for HTTP and TLS servers to investigate their IW configuration and found a steady increase in IETF-recommended configurations. We additionally study how CDNs configure their IWs given their relevance for content distribution. To shed light on network-dependent CDN configurations, we use a globally distributed infrastructure of VPNs giving access to residential access links. We observe that most CDNs are well aware of the IW's impact and find a high amount of customization that is beyond current Internet standards. We find various initial window configurations, most below 50 segments, yet, with exceptions of up to 100 segments-the tenfold of current standards. This paper highlights that Internet reality has drifted away from recommended and standardized practices. Driven by these findings, we investigate the effects of this new reality on the slow start of Cubic and BBR congestion controlled TCP flows. We find that TCP pacing is a key to enable increased IWs when competing against other traffic.",2019,https://doi.org/10.1109/tnsm.2019.2896335,pending,,to_assign,to_assign,doi:https://doi.org/10.1109/tnsm.2019.2896335,,bbr;congestion control;tcp,priority_review,candidate_include,BBR/BDP-Veno/OVeno term plus a review topic,include_title_abstract,,not_started,Codex,2026-09-28,Direct BBR/Veno/BDP-Veno/OVeno evidence with a transport or network topic.,pending_full_text,0,doi_or_subscription,https://doi.org/10.1109/tnsm.2019.2896335,,pending_full_text,,Codex,
openalex_Q1_0169,openalex_Q1,openalex,Q1,The Great Internet TCP Congestion Control Census,"In 2016, Google proposed and deployed a new TCP variant called BBR. BBR represents a major departure from traditional congestion control as it uses estimates of bandwidth and round-trip delays to regulate its sending rate. BBR has since been introduced in the upstream Linux kernel and deployed by Google across its data centers. Since the last major study to identify TCP congestion control variants on the Internet was done before BBR, it is timely to conduct a new census to give us a sense of the current distribution of congestion control variants on the Internet. To this end, we designed and implemented Gordon, a tool that allows us to measure the congestion window (cwnd) corresponding to each successive RTT in the TCP connection response of a congestion control algorithm. To compare a measured flow to the known variants, we created a localized bottleneck and introduced a variety of network changes like loss events, changes in bandwidth and delay, while normalizing all measurements by RTT. We built an offline classifier to identify the TCP variant based on the cwnd trace over time.",2020,https://doi.org/10.1145/3410048.3410083,pending,,to_assign,to_assign,doi:https://doi.org/10.1145/3410048.3410083,,bbr;congestion control;tcp;rtt,priority_review,candidate_include,BBR/BDP-Veno/OVeno term plus a review topic,include_title_abstract,,not_started,Codex,2026-09-28,Direct BBR/Veno/BDP-Veno/OVeno evidence with a transport or network topic.,pending_full_text,0,doi_or_subscription,https://doi.org/10.1145/3410048.3410083,,pending_full_text,,Codex,
openalex_Q1_0170,openalex_Q1,openalex,Q1,A New Congestion-Based Congestion Control for Low Latency and Low Packet Drop Rate,"In 2016, Google published BBR, a congestion-based congestion control algorithm that focuses on achieving the optimal operating point with the minimum delay and maximum throughput. When a single BBR flow occupies a bottleneck link, the packet sending rate and number of inflight packets of the flow achieve the optimal operating point. However, multiple BBR flows sharing a bottleneck link lead to a large latency and high packet drop rate. This is due to the maximum throughput being used for the packet sending rate, which makes the operating point far from optimal. In this paper, we propose a new congestion-based congestion control algorithm, called Low Latency and Low Drop Rate (L3DR), that keeps the operating point nearly optimal, even when multiple flows share a bottleneck link, by measuring the available bandwidth to be used for the packet sending rate. We conducted performance evaluation experiments in emulation network environments. The results indicate that L3DR can reduce the buffering delay to 38.5% and packet drop rate to 8.0% compared with BBR while achieving high throughput and high per-flow fairness.",2023,https://doi.org/10.1109/icufn57995.2023.10200349,pending,,to_assign,to_assign,doi:https://doi.org/10.1109/icufn57995.2023.10200349,,bbr;congestion control;fairness;buffer,priority_review,candidate_include,BBR/BDP-Veno/OVeno term plus a review topic,include_title_abstract,,not_started,Codex,2026-09-28,Direct BBR/Veno/BDP-Veno/OVeno evidence with a transport or network topic.,pending_full_text,0,doi_or_subscription,https://doi.org/10.1109/icufn57995.2023.10200349,,pending_full_text,,Codex,
openalex_Q1_0171,openalex_Q1,openalex,Q1,Marten: A Built-in Security DRL-Based Congestion Control Framework by Polishing the Expert,"Deep reinforcement learning (DRL) has been proved to be an effective method to improve the congestion control algorithms (CCAs). However, the lack of training data and training scale affect the effectiveness of DRL model. Combining rule-based CCAs (such as BBR) as a guide for DRL is an effective way to improve learning-based CCAs. By experiment measurement, we find that the rule-based CCAs limit the action exploration and even cause DRL’s excessive dependence to gain higher DRL’s reward gain. To overcome the constraints, we propose Marten, a framework which improves the effectiveness of rule-based CCAs for DRL. Marten uses entropy as the degree of exploration and uses it to expand the exploration of DRL. Furthermore, Marten introduces the shielding mechanism to avoid wrong DRL actions. We have implemented Marten in both simulation platform OpenAI Gym and deployment platform QUIC. The experimental results in production network demonstrate Marten can improve throughput by 0.36% and reduce latency by 14.89% on average compared with Eagle, and improve throughput by 2.79% and reduce latency by 11.73% on average compared with BBR.",2023,https://doi.org/10.1109/infocom53939.2023.10228952,pending,,to_assign,to_assign,doi:https://doi.org/10.1109/infocom53939.2023.10228952,,bbr;congestion control;quic;learning,priority_review,candidate_include,BBR/BDP-Veno/OVeno term plus a review topic,include_title_abstract,,not_started,Codex,2026-09-28,Direct BBR/Veno/BDP-Veno/OVeno evidence with a transport or network topic.,pending_full_text,0,doi_or_subscription,https://doi.org/10.1109/infocom53939.2023.10228952,,pending_full_text,,Codex,
openalex_Q1_0192,openalex_Q1,openalex,Q1,An eBPF-empowered Congestion Control System with Delay Requirements,"The rapid development of new communication applications such as virtual reality and video conferencing has brought new challenges to congestion control algorithms. In particular, these applications have specific requirements in terms of delay. Meeting specific delay requirements without high throughput loss is difficult, especially in dynamic networks. In addition, it is important that the proposed congestion control algorithms can be easily deployed. In this paper, we propose a congestion control algorithm, namely TD-BBR, to meet the delay requirements of different applications. TD-BBR is built on BBR and can adapt to various network environments without high throughput loss. we employ an online algorithm based on the recursive least squares method to predict future bandwidth. We design a simple and effective algorithm to adjust the congestion window (CWND) to meet the specific delay requirements according to the value of bandwidth prediction and the distance between the current delay and the target delay. We implement a real congestion control system through extended Berkeley Packet Filter (eBPF) technology and have deployed it in the Linux kernel without recompiling the kernel. Extensive experiments show that TD-BBR can effectively meet different delay requirements in most cases, decrease the 95th percentile delay, and avoid high throughput loss compared to other congestion control algorithms,",2024,https://doi.org/10.1109/smc54092.2024.10831324,pending,,to_assign,to_assign,doi:https://doi.org/10.1109/smc54092.2024.10831324,,bbr;congestion control,priority_review,candidate_include,BBR/BDP-Veno/OVeno term plus a review topic,include_title_abstract,,not_started,Codex,2026-09-28,Direct BBR/Veno/BDP-Veno/OVeno evidence with a transport or network topic.,pending_full_text,0,doi_or_subscription,https://doi.org/10.1109/smc54092.2024.10831324,,pending_full_text,,Codex,
openalex_Q3_0087,openalex_Q3,openalex,Q3,RAN Information-assisted TCP Congestion Control via DRL with Reward Redistribution,"In this paper, we aim to propose a novel transmission control protocol (TCP) congestion control method from a crosslayer-based perspective and present a deep reinforcement learning (DRL)-driven method called DRL-3R (DRL for congestion control with Radio access network information and Reward Redistribution) so as to learn the TCP congestion control policy in a superior manner. In particular, we incorporate the RAN information to timely grasp the dynamics of RAN. Meanwhile, we relax the implicit assumption [i.e., the feedback of one specific data-sending rate controlling action returns at a round trip time (RTT) after the action is applied] in previous researches by redistributing the rewards and evaluating the merits of actions more accurately. Experiment results show that besides maintaining a reasonable fairness, DRL-3R significantly outperforms classical congestion control methods (e.g., TCP Reno, Westwood, Cubic, and BBR) on network utility by achieving a relatively high throughput while reducing delay in various network environments.",2021,https://doi.org/10.1109/iccworkshops50388.2021.9473523,pending,,to_assign,to_assign,doi:https://doi.org/10.1109/iccworkshops50388.2021.9473523,,bbr;congestion control;tcp;fairness;rtt;learning,priority_review,candidate_include,BBR/BDP-Veno/OVeno term plus a review topic,include_title_abstract,,not_started,Codex,2026-09-28,Direct BBR/Veno/BDP-Veno/OVeno evidence with a transport or network topic.,pending_full_text,0,doi_or_subscription,https://doi.org/10.1109/iccworkshops50388.2021.9473523,,pending_full_text,,Codex,
openalex_Q8_0003,openalex_Q8,openalex,Q8,Reinforcement learning-based multi-agent system for network traffic signal control,"A challenging application of artificial intelligence systems involves the scheduling of traffic signals in multi-intersection vehicular networks. This paper introduces a novel use of a multi-agent system and reinforcement learning (RL) framework to obtain an efficient traffic signal control policy. The latter is aimed at minimising the average delay, congestion and likelihood of intersection cross-blocking. A five-intersection traffic network has been studied in which each intersection is governed by an autonomous intelligent agent. Two types of agents, a central agent and an outbound agent, were employed. The outbound agents schedule traffic signals by following the longest-queue-first (LQF) algorithm, which has been proved to guarantee stability and fairness, and collaborate with the central agent by providing it local traffic statistics. The central agent learns a value function driven by its local and neighbours' traffic conditions. The novel methodology proposed here utilises the Q-Learning algorithm with a feedforward neural network for value function approximation. Experimental results clearly demonstrate the advantages of multi-agent RL-based control over LQF governed isolated single-intersection control, thus paving the way for efficient distributed traffic signal control in complex settings.",2010,https://doi.org/10.1049/iet-its.2009.0070,pending,,to_assign,to_assign,doi:https://doi.org/10.1049/iet-its.2009.0070,,fairness;queue;learning,priority_review,candidate_background,General learning congestion-control evidence; scope must be checked,include_title_abstract,,not_started,Codex,2026-09-28,Learning-assisted congestion-control background evidence.,pending_full_text,0,doi_or_subscription,https://doi.org/10.1049/iet-its.2009.0070,,pending_full_text,,Codex,
openalex_Q8_0005,openalex_Q8,openalex,Q8,Experience-Driven Congestion Control: When Multi-Path TCP Meets Deep Reinforcement Learning,"In this paper, we aim to study networking problems from a whole new perspective by leveraging emerging deep learning, to develop an experience-driven approach, which enables a network or a protocol to learn the best way to control itself from its own experience (e.g., runtime statistics data), just as a human learns a skill. We present design, implementation and evaluation of a deep reinforcement learning (DRL)-based control framework, DRL-CC (DRL for Congestion Control), which realizes our experience-driven design philosophy on multi-path TCP (MPTCP) congestion control. DRL-CC utilizes a single (instead of multiple independent) agent to dynamically and jointly perform congestion control for all active MPTCP flows on an end host with the objective of maximizing the overall utility. The novelty of our design is to utilize a flexible recurrent neural network, LSTM, under a DRL framework for learning a representation for all active flows and dealing with their dynamics. Moreover, we, for the first time, integrate the above LSTM-based representation network into an actor-critic framework for continuous (congestion) control, which leverages the emerging deterministic policy gradient to train critic, actor, and LSTM networks in an end-to-end manner. We implemented DRL-CC based on the MPTCP implementation in the Linux kernel. The experimental results show that 1) DRL-CC consistently and significantly outperforms a few well-known MPTCP congestion control algorithms in terms of goodput without sacrificing fairness, 2) it is flexible and robust to highly-dynamic network environments with time-varying flows, and 3) it is friendly to regular TCP.",2019,https://doi.org/10.1109/jsac.2019.2904358,pending,,to_assign,to_assign,doi:https://doi.org/10.1109/jsac.2019.2904358,,congestion control;tcp;fairness;learning,priority_review,candidate_background,General learning congestion-control evidence; scope must be checked,include_title_abstract,,not_started,Codex,2026-09-28,Learning-assisted congestion-control background evidence.,pending_full_text,0,doi_or_subscription,https://doi.org/10.1109/jsac.2019.2904358,,pending_full_text,,Codex,
openalex_Q8_0012,openalex_Q8,openalex,Q8,Machine Learning for End-to-End Congestion Control,"End-to-end congestion control has been extensively studied for over 30 years as one of the most important mechanisms to ensure efficient and fair sharing of network resources among users. As future networks are becoming more and more complex, conventional rule-based congestion control approaches tend to become inefficient and even ineffective. Inspired by the great success that machine learning (ML) has achieved in addressing large-scale and complex problems, researchers have begun to shift their attention from the rule-based method to an ML-based approach. This article presents a selected review of the recent applications of ML to the field of end-to-end congestion control. In this survey, we start with a brief review of the relationship between congestion control and ML. We then review the recent works that apply ML to congestion control. These works either help the agent to make an intelligent congestion control decision or achieve enhanced performance. Finally, we highlight a series of realistic challenges and shed light on potential future research directions.",2020,https://doi.org/10.1109/mcom.001.1900509,pending,,to_assign,to_assign,doi:https://doi.org/10.1109/mcom.001.1900509,,congestion control;learning,priority_review,candidate_background,General learning congestion-control evidence; scope must be checked,include_title_abstract,,not_started,Codex,2026-09-28,Learning-assisted congestion-control background evidence.,pending_full_text,0,doi_or_subscription,https://doi.org/10.1109/mcom.001.1900509,,pending_full_text,,Codex,
openalex_Q8_0019,openalex_Q8,openalex,Q8,Improving TCP Congestion Control with Machine Intelligence,"In a TCP/IP network, a key to ensure efficient and fair sharing of network resources among its users is the TCP congestion control (CC) scheme. Previously, the design of TCP CC schemes is based on hard-wiring of predefined actions to specific feedback signals from the network. However, as networks become more complex and dynamic, it becomes harder to design the optimal feedback-action mapping. Recently, learning-based TCP CC schemes have attracted much attention due to their strong capabilities to learn the actions from interacting with the network. In this paper, we design two learning-based TCP CC schemes for wired networks with under-buffered bottleneck links, a loss predictor (LP) based TCP CC (LP-TCP), and a reinforcement learning (RL) based TCP CC (RL-TCP). We implement both LP-TCP and RL-TCP in NS2. Compared to the existing NewReno and Q-learning based TCP, LP-TCP and RL-TCP both achieve a better tradeoff between throughput and delay, under various simulated network scenarios.",2018,https://doi.org/10.1145/3229543.3229550,pending,,to_assign,to_assign,doi:https://doi.org/10.1145/3229543.3229550,,congestion control;tcp;buffer;learning,priority_review,candidate_background,General learning congestion-control evidence; scope must be checked,include_title_abstract,,not_started,Codex,2026-09-28,Learning-assisted congestion-control background evidence.,pending_full_text,0,doi_or_subscription,https://doi.org/10.1145/3229543.3229550,,pending_full_text,,Codex,
openalex_Q8_0026,openalex_Q8,openalex,Q8,Owl: Congestion Control with Partially Invisible Networks via Reinforcement Learning,"Years of research on transport protocols have not solved the tussle between in-network and end-to-end congestion control. This debate is due to the variance of conditions and assumptions in different network scenarios, e.g., cellular versus data center networks. Recently, the community has proposed a few transport protocols driven by machine learning, nonetheless limited to end-to-end approaches.In this paper, we present Owl, a transport protocol based on reinforcement learning, whose goal is to select the proper congestion window learning from end-to-end features and network signals, when available. We show that our solution converges to a fair resource allocation after the learning overhead. Our kernel implementation, deployed over emulated and large scale virtual network testbeds, outperforms all benchmark solutions based on end-to-end or in-network congestion control.",2021,https://doi.org/10.1109/infocom42981.2021.9488851,pending,,to_assign,to_assign,doi:https://doi.org/10.1109/infocom42981.2021.9488851,,congestion control;learning,priority_review,candidate_background,General learning congestion-control evidence; scope must be checked,include_title_abstract,,not_started,Codex,2026-09-28,Learning-assisted congestion-control background evidence.,pending_full_text,0,doi_or_subscription,https://doi.org/10.1109/infocom42981.2021.9488851,,pending_full_text,,Codex,
openalex_Q8_0040,openalex_Q8,openalex,Q8,A unified congestion control framework for diverse application preferences and network conditions,"With the increase of diversity in application needs and networks, existing congestion control algorithms (CCAs) do not accommodate this complicated reality. Previous classic CCAs are designed for a specific domain with fixed rules, failing to adapt to such diversities. Recently surged learning-based CCAs have great potential in adaptability and flexibility but are not practical due to unsatisfying performance on convergence, fairness, overhead and safety assurance. In this paper, we propose Libra, a unified congestion control framework, which empowers flexibility, adaptability, and practicality, by combining the wisdom of classic and reinforcement learning (RL)-based CCAs. Extensive evaluation of Libra's Linux kernel implementations on both live Internet and emulated networks shows performance improvement under dynamic networks (e.g., 1.2x throughput than Orca on average). At the same time, Libra can flexibly satisfy different application needs, reduce the running overhead by at most 0.92x and perform good fairness and convergence properties, well-fitting our theoretical analysis.",2021,https://doi.org/10.1145/3485983.3494840,pending,,to_assign,to_assign,doi:https://doi.org/10.1145/3485983.3494840,,congestion control;fairness;learning,priority_review,candidate_background,General learning congestion-control evidence; scope must be checked,include_title_abstract,,not_started,Codex,2026-09-28,Learning-assisted congestion-control background evidence.,pending_full_text,0,doi_or_subscription,https://doi.org/10.1145/3485983.3494840,,pending_full_text,,Codex,
openalex_Q8_0053,openalex_Q8,openalex,Q8,IEACC: An Intelligent Edge-Aided Congestion Control Scheme for Named Data Networking With Deep Reinforcement Learning,"As a promising implementation of Information-Centric Networking (ICN), Named Data Networking (NDN) has potential advantages over the TCP/IP network in content distribution, mobility support, etc. However, the research on NDN is still in its infancy, and congestion control, NDN’s most important functional element, poses many challenges, such as congestion detection, excessive window reduction for non-congested paths, and unfairness. In this paper, we propose an Intelligent Edge-Aided Congestion Control (IEACC) scheme for the NDN network based on Deep Reinforcement Learning (DRL). The proposed IEACC provides a proactive congestion detector that utilizes intermediate routers to transmit accurate congestion information along the path to consumers through data packets. Furthermore, considering the multi-source transmission in NDN, IEACC divides data packets into different congestion degrees by a lightweight clustering algorithm and provides suitable inputs for DRL, thereby obtaining a reasonable transmission rate. Then, it distributes the estimated bandwidth resources to consumers with transmission needs to maintain fairness. Finally, we implement our proposed scheme in the simulation platform and evaluate the performance in different scenarios. The results show that it can improve data transmission rate, reduce packet loss, and maintain fairness compared with others.",2022,https://doi.org/10.1109/tnsm.2022.3196344,pending,,to_assign,to_assign,doi:https://doi.org/10.1109/tnsm.2022.3196344,,congestion control;tcp;fairness;learning,priority_review,candidate_background,General learning congestion-control evidence; scope must be checked,include_title_abstract,,not_started,Codex,2026-09-28,Learning-assisted congestion-control background evidence.,pending_full_text,0,doi_or_subscription,https://doi.org/10.1109/tnsm.2022.3196344,,pending_full_text,,Codex,
openalex_Q8_0056,openalex_Q8,openalex,Q8,Adaptive congestion protocol: A congestion control protocol with learning capability,,2007,https://doi.org/10.1016/j.comnet.2007.04.002,pending,,to_assign,to_assign,doi:https://doi.org/10.1016/j.comnet.2007.04.002,,congestion control;learning,priority_review,candidate_background,General learning congestion-control evidence; scope must be checked,include_title_abstract,,not_started,Codex,2026-09-28,Learning-assisted congestion-control background evidence.,pending_full_text,0,doi_or_subscription,https://doi.org/10.1016/j.comnet.2007.04.002,,pending_full_text,,Codex,
openalex_Q8_0062,openalex_Q8,openalex,Q8,Partially Oblivious Congestion Control for the Internet via Reinforcement Learning,"Despite years of research on transport protocols, the tussle between in-network and end-to-end congestion control has not been solved. This debate is due to the variance of conditions and assumptions in different network scenarios, e.g., cellular versus data center networks. Recently, the community has proposed a few transport protocols driven by machine learning, nonetheless limited to end-to-end approaches. In this paper, we present Owl, a transport protocol based on reinforcement learning, whose goal is to select the proper congestion window learning from end-to-end features and network signals, when available. We show that our solution converges to a fair resource allocation after the learning overhead. Our kernel implementation, deployed over emulated and large scale virtual network testbeds, outperforms all benchmark solutions based on end-to-end or in-network congestion control.",2022,https://doi.org/10.1109/tnsm.2022.3215669,pending,,to_assign,to_assign,doi:https://doi.org/10.1109/tnsm.2022.3215669,,congestion control;learning,priority_review,candidate_background,General learning congestion-control evidence; scope must be checked,include_title_abstract,,not_started,Codex,2026-09-28,Learning-assisted congestion-control background evidence.,pending_full_text,0,doi_or_subscription,https://doi.org/10.1109/tnsm.2022.3215669,,pending_full_text,,Codex,
openalex_Q8_0067,openalex_Q8,openalex,Q8,Statistical Learning Based Congestion Control for Real-Time Video Communication,"The existing congestion control is hard to simultaneously achieve low latency, high throughput, good adaptability and fair bandwidth allocation, mainly because of the hardwired control strategy and egocentric convergence objective. To address these issues, we propose an end-to-end statistical learning based congestion control, named Iris. By exploring the underlying principles of self-inflicted delay, we find that RTT variation is linearly related to the difference between sending rate and receiving rate, which inspires us to control video bit rate using a statistical-learning congestion control model. The key idea of Iris is to force all flows to converge to the same queue load and adjust bit rate by the model. All flows keep a small and fixed number of packets queuing in the network, thus the fair bandwidth allocation and low latency are both achieved. Besides, the adjustment step size of sending rate is updated by online learning, to better adapt to dynamically changing networks. We carried out extensive experiments to evaluate the performance of Iris, with the implementations over transport layer and application layer respectively. The testing environment includes emulated network, real-world Internet and commercial cellular networks. Compared against Transmission Control Protocol (TCP) flavors and state-of-the-art protocols, Iris is able to achieve high bandwidth utilization, low latency and good fairness concurrently. Especially for HyperText Transfer Protocol (HTTP) video streaming service, Iris is able to increase the video bitrate up to 25% and Peak Signal to Noise Ratio (PSNR) up to 1 dB.",2019,https://doi.org/10.1109/tmm.2019.2959448,pending,,to_assign,to_assign,doi:https://doi.org/10.1109/tmm.2019.2959448,,congestion control;tcp;fairness;rtt;queue;learning,priority_review,candidate_background,General learning congestion-control evidence; scope must be checked,include_title_abstract,,not_started,Codex,2026-09-28,Learning-assisted congestion-control background evidence.,pending_full_text,0,doi_or_subscription,https://doi.org/10.1109/tmm.2019.2959448,,pending_full_text,,Codex,
openalex_Q8_0127,openalex_Q8,openalex,Q8,Achieving Flexible and Lightweight Multipath Congestion Control Through Online Learning,"The upgrade of network devices to be equipped with multiple network interfaces makes it possible to improve network throughput performance through multipath transmission protocols, especially multipath TCP (MPTCP). However, so far the mostly used MPTCP protocols have a common limitation, namely the rigid and conservative method. They have been designed with little consideration of the fact that real networks are dynamic and the network status changes frequently, thus leading to the poor performance of current MPTCP in many realistic scenarios. In this paper, we propose a lightweight multipath congestion control algorithm based on online learning, named MP-OL. MP-OL models congestion control as a multi-armed bandit problem, and adjusts the sending rate of each subflow flexibly and adaptively through online learning. Therefore, MP-OL possesses the capability of suiting various network scenarios, and can achieve fairness and high performance in dynamic network environment. It can also flexibly switch between online learning and traditional method, which reduces the computational complexity while ensuring the learning efficiency, thus making MP-OL easy to deploy and use. As the experimental results demonstrated, compared with the leading MPTCP variants, MP-OL achieves significant improvements in fairness and link utilization, and shows better resilience to non-congestion loss and better adaptability to unstable network conditions. In real networks, MP-OL also obtains better throughput performance.",2022,https://doi.org/10.1109/tnsm.2022.3208747,pending,,to_assign,to_assign,doi:https://doi.org/10.1109/tnsm.2022.3208747,,congestion control;tcp;fairness;learning,priority_review,candidate_background,General learning congestion-control evidence; scope must be checked,include_title_abstract,,not_started,Codex,2026-09-28,Learning-assisted congestion-control background evidence.,pending_full_text,0,doi_or_subscription,https://doi.org/10.1109/tnsm.2022.3208747,,pending_full_text,,Codex,
openalex_Q8_0188,openalex_Q8,openalex,Q8,Libra: A Congestion Control Framework for Diverse Application Preferences and Network Conditions,"With the increase of diversity in application preferences and networks, existing congestion control algorithms (CCAs) do not accommodate this complicated reality. Previous classic CCAs are designed for a specific domain with fixed rules, failing to adapt to such diversities. Recently surged learning-based CCAs have great potential in adaptability and flexibility but are not practical due to unsatisfying performance on convergence, fairness, overhead, consistency and safety assurance. In this paper, we propose Libra, a unified congestion control framework, that can empower these properties by combining the wisdom of classic and reinforcement learning (RL)-based CCAs. Extensive evaluation of Libra’s Linux kernel implementations on both live Internet and emulated networks shows performance improvement under dynamic networks (e.g.,$1.2\times $throughput than Orca on average). At the same time, Libra can flexibly satisfy different application needs, reduce the running overhead by at most$0.88\times $and perform good fairness and convergence properties, well-fitting our theoretical analysis.",2024,https://doi.org/10.1109/tnet.2024.3492096,pending,,to_assign,to_assign,doi:https://doi.org/10.1109/tnet.2024.3492096,,congestion control;fairness;learning,priority_review,candidate_background,General learning congestion-control evidence; scope must be checked,include_title_abstract,,not_started,Codex,2026-09-28,Learning-assisted congestion-control background evidence.,pending_full_text,0,doi_or_subscription,https://doi.org/10.1109/tnet.2024.3492096,,pending_full_text,,Codex,
crossref_Q8_0094,crossref_Q8,crossref,Q8,Learning to Harness Bandwidth with Multipath Congestion Control and Scheduling,,2021,10.36227/techrxiv.14701227,pending,,to_assign,to_assign,doi:10.36227/techrxiv.14701227,,congestion control;learning,priority_review,candidate_background,General learning congestion-control evidence; scope must be checked,include_title_abstract,,not_started,Codex,2026-09-28,Learning-assisted congestion-control background evidence.,pending_full_text,0,doi_or_subscription,,,pending_full_text,,Codex,
crossref_Q8_0098,crossref_Q8,crossref,Q8,Learning to Harness Bandwidth with Multipath Congestion Control and Scheduling,,2021,10.36227/techrxiv.14701227.v1,pending,,to_assign,to_assign,doi:10.36227/techrxiv.14701227.v1,,congestion control;learning,priority_review,candidate_background,General learning congestion-control evidence; scope must be checked,include_title_abstract,,not_started,Codex,2026-09-28,Learning-assisted congestion-control background evidence.,pending_full_text,0,doi_or_subscription,,,pending_full_text,,Codex,
crossref_Q8_0106,crossref_Q8,crossref,Q8,Machine learning for congestion control,,2020,10.1016/b978-0-12-820488-7.00033-5,pending,,to_assign,to_assign,doi:10.1016/b978-0-12-820488-7.00033-5,,congestion control;learning,priority_review,candidate_background,General learning congestion-control evidence; scope must be checked,include_title_abstract,,not_started,Codex,2026-09-28,Learning-assisted congestion-control background evidence.,pending_full_text,0,doi_or_subscription,,,pending_full_text,,Codex,
crossref_Q8_0120,crossref_Q8,crossref,Q8,Expert-driven Jumpstart Reinforcement Learning for Managing Network Congestion Control,,2025,10.2139/ssrn.5798349,pending,,to_assign,to_assign,doi:10.2139/ssrn.5798349,,congestion control;learning,priority_review,candidate_background,General learning congestion-control evidence; scope must be checked,include_title_abstract,,not_started,Codex,2026-09-28,Learning-assisted congestion-control background evidence.,pending_full_text,0,doi_or_subscription,,,pending_full_text,,Codex,
crossref_Q8_0122,crossref_Q8,crossref,Q8,Expert-Driven Jumpstart Reinforcement Learning for Managing Network Congestion Control,,2025,10.2139/ssrn.5274748,pending,,to_assign,to_assign,doi:10.2139/ssrn.5274748,,congestion control;learning,priority_review,candidate_background,General learning congestion-control evidence; scope must be checked,include_title_abstract,,not_started,Codex,2026-09-28,Learning-assisted congestion-control background evidence.,pending_full_text,0,doi_or_subscription,,,pending_full_text,,Codex,
crossref_Q8_0130,crossref_Q8,crossref,Q8,Congestion estimation and turning ratio prediction based on machine learning with applications in urban traffic light control,,,10.32657/10356/143517,pending,,to_assign,to_assign,doi:10.32657/10356/143517,,learning,low_priority_review,candidate_background,General learning congestion-control evidence; scope must be checked,include_title_abstract,,not_started,Codex,2026-09-28,Learning-assisted congestion-control background evidence.,pending_full_text,0,doi_or_subscription,,,pending_full_text,,Codex,
crossref_Q8_0146,crossref_Q8,crossref,Q8,Congestion Articulation Control Using Machine Learning Technique,,2023,10.55054/ajpp.v3i01.631,pending,,to_assign,to_assign,doi:10.55054/ajpp.v3i01.631,,learning,low_priority_review,candidate_background,General learning congestion-control evidence; scope must be checked,include_title_abstract,,not_started,Codex,2026-09-28,Learning-assisted congestion-control background evidence.,pending_full_text,0,doi_or_subscription,,,pending_full_text,,Codex,
crossref_Q8_0164,crossref_Q8,crossref,Q8,A Novel Distributed Reinforcement Learning Training System for Network Congestion Control,,2023,10.1109/cac59555.2023.10451239,pending,,to_assign,to_assign,doi:10.1109/cac59555.2023.10451239,,congestion control;learning,priority_review,candidate_background,General learning congestion-control evidence; scope must be checked,include_title_abstract,,not_started,Codex,2026-09-28,Learning-assisted congestion-control background evidence.,pending_full_text,0,doi_or_subscription,,,pending_full_text,,Codex,
crossref_Q8_0165,crossref_Q8,crossref,Q8,Congestion control of ATM networks using a learning methodology,,,10.1109/cca.2001.973852,pending,,to_assign,to_assign,doi:10.1109/cca.2001.973852,,congestion control;learning,priority_review,candidate_background,General learning congestion-control evidence; scope must be checked,include_title_abstract,,not_started,Codex,2026-09-28,Learning-assisted congestion-control background evidence.,pending_full_text,0,doi_or_subscription,,,pending_full_text,,Codex,
crossref_Q8_0168,crossref_Q8,crossref,Q8,Congestion Based Traffic Signal Control Using Machine Learning: A Comparative Analysis,,2024,10.2139/ssrn.4906470,pending,,to_assign,to_assign,doi:10.2139/ssrn.4906470,,learning,low_priority_review,candidate_background,General learning congestion-control evidence; scope must be checked,include_title_abstract,,not_started,Codex,2026-09-28,Learning-assisted congestion-control background evidence.,pending_full_text,0,doi_or_subscription,,,pending_full_text,,Codex,
crossref_Q8_0172,crossref_Q8,crossref,Q8,Traffic Congestion Control System Using Machine Learning,,2022,10.1109/com-it-con54601.2022.9850731,pending,,to_assign,to_assign,doi:10.1109/com-it-con54601.2022.9850731,,congestion control;learning,priority_review,candidate_background,General learning congestion-control evidence; scope must be checked,include_title_abstract,,not_started,Codex,2026-09-28,Learning-assisted congestion-control background evidence.,pending_full_text,0,doi_or_subscription,,,pending_full_text,,Codex,
crossref_Q8_0176,crossref_Q8,crossref,Q8,Intelligent Traffic Management Using Machine Learning For Real-Time Congestion Control,,2025,10.56726/irjmets81898,pending,,to_assign,to_assign,doi:10.56726/irjmets81898,,congestion control;learning,priority_review,candidate_background,General learning congestion-control evidence; scope must be checked,include_title_abstract,,not_started,Codex,2026-09-28,Learning-assisted congestion-control background evidence.,pending_full_text,0,doi_or_subscription,,,pending_full_text,,Codex,
crossref_Q8_0183,crossref_Q8,crossref,Q8,Rax: Deep Reinforcement Learning for Congestion Control,,2019,10.1109/icc.2019.8761187,pending,,to_assign,to_assign,doi:10.1109/icc.2019.8761187,,congestion control;learning,priority_review,candidate_background,General learning congestion-control evidence; scope must be checked,include_title_abstract,,not_started,Codex,2026-09-28,Learning-assisted congestion-control background evidence.,pending_full_text,0,doi_or_subscription,,,pending_full_text,,Codex,
crossref_Q8_0187,crossref_Q8,crossref,Q8,Correction to: Optimal control of day-to-day traffic dynamics under user learning with dynamic congestion pricing,,2025,10.1093/iti/liaf018,pending,,to_assign,to_assign,doi:10.1093/iti/liaf018,,learning,low_priority_review,candidate_background,General learning congestion-control evidence; scope must be checked,include_title_abstract,,not_started,Codex,2026-09-28,Learning-assisted congestion-control background evidence.,pending_full_text,0,doi_or_subscription,,,pending_full_text,,Codex,
crossref_Q8_0188,crossref_Q8,crossref,Q8,Traffic Prediction and Congestion Control Using Regression Models in Machine Learning for Cellular Technology,,2024,10.1201/9781003306290-7,pending,,to_assign,to_assign,doi:10.1201/9781003306290-7,,congestion control;learning,priority_review,candidate_background,General learning congestion-control evidence; scope must be checked,include_title_abstract,,not_started,Codex,2026-09-28,Learning-assisted congestion-control background evidence.,pending_full_text,0,doi_or_subscription,,,pending_full_text,,Codex,
crossref_Q8_0198,crossref_Q8,crossref,Q8,TCC-HDL: A Hybrid Deep Learning Based Traffic Congestion Control System for VANET,,2023,10.17485/ijst/v16i32.1319,pending,,to_assign,to_assign,doi:10.17485/ijst/v16i32.1319,,congestion control;learning,priority_review,candidate_background,General learning congestion-control evidence; scope must be checked,include_title_abstract,,not_started,Codex,2026-09-28,Learning-assisted congestion-control background evidence.,pending_full_text,0,doi_or_subscription,,,pending_full_text,,Codex,
crossref_Q8_0199,crossref_Q8,crossref,Q8,A Reinforcement Learning Framework for Application-Specific TCP Congestion-Control,,2025,10.1109/ipccc66453.2025.11304672,pending,,to_assign,to_assign,doi:10.1109/ipccc66453.2025.11304672,,tcp;learning,priority_review,candidate_background,General learning congestion-control evidence; scope must be checked,include_title_abstract,,not_started,Codex,2026-09-28,Learning-assisted congestion-control background evidence.,pending_full_text,0,doi_or_subscription,,,pending_full_text,,Codex,
crossref_Q8_0200,crossref_Q8,crossref,Q8,QoS-aware congestion control with online learning,,2023,10.23919/jcc.2023.02.010,pending,,to_assign,to_assign,doi:10.23919/jcc.2023.02.010,,congestion control;learning,priority_review,candidate_background,General learning congestion-control evidence; scope must be checked,include_title_abstract,,not_started,Codex,2026-09-28,Learning-assisted congestion-control background evidence.,pending_full_text,0,doi_or_subscription,,,pending_full_text,,Codex,
