"record_id","search_id","source","query_id","title","abstract","year","doi","screening_decision","exclusion_reason","report_id","study_id","duplicate_key","duplicate_of","keyword_hits","machine_triage","machine_round1_decision","machine_round1_reason","human_title_abstract_decision","human_exclusion_reason","full_text_status"
"crossref_Q1_0024","crossref_Q1","crossref","Q1","Should BBR Be the Default TCP Congestion Control Protocol?","","2025","10.1109/uemcon67449.2025.11267582","pending","","to_assign","to_assign","doi:10.1109/uemcon67449.2025.11267582","","bbr;congestion control;tcp","priority_review","candidate_include","BBR/BDP-Veno/OVeno term plus a review topic","pending","","not_started"
"crossref_Q1_0058","crossref_Q1","crossref","Q1","FEBBR: A Fairness-Enhanced Approach for BBR Congestion Control","","2023","10.1109/bmsb58369.2023.10211562","pending","","to_assign","to_assign","doi:10.1109/bmsb58369.2023.10211562","","bbr;congestion control;fairness","priority_review","candidate_include","BBR/BDP-Veno/OVeno term plus a review topic","pending","","not_started"
"crossref_Q1_0057","crossref_Q1","crossref","Q1","Design and implementation of high-performance and low-latency cloud protocol gateway based on BBR congestion control algorithm","","2023","10.1117/12.3011554","pending","","to_assign","to_assign","doi:10.1117/12.3011554","","bbr;congestion control","priority_review","candidate_include","BBR/BDP-Veno/OVeno term plus a review topic","pending","","not_started"
"crossref_Q1_0056","crossref_Q1","crossref","Q1","Performance Study of Improved BBR Congestion Control Algorithm using QUIC in Wireless LAN","","2021","10.1109/iucc-cit-dsci-smartcns55181.2021.00085","pending","","to_assign","to_assign","doi:10.1109/iucc-cit-dsci-smartcns55181.2021.00085","","bbr;congestion control;wireless;quic","priority_review","candidate_include","BBR/BDP-Veno/OVeno term plus a review topic","pending","","not_started"
"crossref_Q1_0055","crossref_Q1","crossref","Q1","Improvement of RTT Fairness Problem in BBR Congestion Control Algorithm by Gamma Correction","","2021","10.3390/s21124128","pending","","to_assign","to_assign","doi:10.3390/s21124128","","bbr;congestion control;fairness;rtt","priority_review","candidate_include","BBR/BDP-Veno/OVeno term plus a review topic","pending","","not_started"
"crossref_Q1_0053","crossref_Q1","crossref","Q1","BBR Congestion Control Algorithms: Evolution, Challenges and Future Directions","","2026","10.1145/3793537","pending","","to_assign","to_assign","doi:10.1145/3793537","","bbr;congestion control","priority_review","candidate_include","BBR/BDP-Veno/OVeno term plus a review topic","pending","","not_started"
"crossref_Q1_0052","crossref_Q1","crossref","Q1","Optimization of BBR Congestion Control Algorithm for Spacecraft Payload Data Transmission","","2026","10.3233/atde260916","pending","","to_assign","to_assign","doi:10.3233/atde260916","","bbr;congestion control","priority_review","candidate_include","BBR/BDP-Veno/OVeno term plus a review topic","pending","","not_started"
"crossref_Q1_0049","crossref_Q1","crossref","Q1","BBR Congestion Control Analysis with Multipath TCP (MPTCP) and Asymmetrical Latency Subflow","","2022","10.1109/ccwc54503.2022.9720867","pending","","to_assign","to_assign","doi:10.1109/ccwc54503.2022.9720867","","bbr;congestion control;tcp","priority_review","candidate_include","BBR/BDP-Veno/OVeno term plus a review topic","pending","","not_started"
"crossref_Q1_0048","crossref_Q1","crossref","Q1","Rethinking the rate estimation of BBR congestion control","","2020","10.1049/el.2018.6440","pending","","to_assign","to_assign","doi:10.1049/el.2018.6440","","bbr;congestion control","priority_review","candidate_include","BBR/BDP-Veno/OVeno term plus a review topic","pending","","not_started"
"crossref_Q1_0047","crossref_Q1","crossref","Q1","BBR and the Quest for Low Latency: Optimizing CoDel for Loss-Agnostic Congestion Control","","2025","10.1109/ants66931.2025.11430025","pending","","to_assign","to_assign","doi:10.1109/ants66931.2025.11430025","","bbr;congestion control","priority_review","candidate_include","BBR/BDP-Veno/OVeno term plus a review topic","pending","","not_started"
"crossref_Q1_0046","crossref_Q1","crossref","Q1","An Improved BBR Algorithm with Adaptive Congestion Control for LEO Satellite Networks","","2024","10.1109/iccnc63989.2024.00013","pending","","to_assign","to_assign","doi:10.1109/iccnc63989.2024.00013","","bbr;congestion control;satellite;leo","priority_review","candidate_include","BBR/BDP-Veno/OVeno term plus a review topic","pending","","not_started"
"crossref_Q1_0045","crossref_Q1","crossref","Q1","Optimizing Data Transport Efficiency in Datacenters through Traffic Shaping of BBR Congestion Control","","2023","10.12720/jcm.18.2.97-108","pending","","to_assign","to_assign","doi:10.12720/jcm.18.2.97-108","","bbr;congestion control","priority_review","candidate_include","BBR/BDP-Veno/OVeno term plus a review topic","pending","","not_started"
"crossref_Q1_0044","crossref_Q1","crossref","Q1","Comparison of TCP SIAD and TCP BBR Congestion Control in Simulated 5G Networks","","2021","10.2478/auseme-2021-0009","pending","","to_assign","to_assign","doi:10.2478/auseme-2021-0009","","bbr;congestion control;tcp","priority_review","candidate_include","BBR/BDP-Veno/OVeno term plus a review topic","pending","","not_started"
"crossref_Q1_0043","crossref_Q1","crossref","Q1","BBR‐G: A Novel End‐to‐End Congestion Control Protocol for Optimum Throughput","","2026","10.1002/dac.70534","pending","","to_assign","to_assign","doi:10.1002/dac.70534","","bbr;congestion control","priority_review","candidate_include","BBR/BDP-Veno/OVeno term plus a review topic","pending","","not_started"
"crossref_Q1_0041","crossref_Q1","crossref","Q1","A BBR-based congestion control for delay-sensitive real-time applications","","2020","10.1007/s00607-020-00829-2","pending","","to_assign","to_assign","doi:10.1007/s00607-020-00829-2","","bbr;congestion control","priority_review","candidate_include","BBR/BDP-Veno/OVeno term plus a review topic","pending","","not_started"
"crossref_Q1_0040","crossref_Q1","crossref","Q1","Through the RTT Lens : A Comparative study of CUBIC and BBR Congestion Control","","2023","10.32628/cseit2390652","pending","","to_assign","to_assign","doi:10.32628/cseit2390652","","bbr;congestion control;rtt","priority_review","candidate_include","BBR/BDP-Veno/OVeno term plus a review topic","pending","","not_started"
"crossref_Q1_0039","crossref_Q1","crossref","Q1","BBR-PP: Accelerating Slow Start for Congestion Control in LEO Satellite Networks","","2026","10.1145/3821162.3821172","pending","","to_assign","to_assign","doi:10.1145/3821162.3821172","","bbr;congestion control;satellite;leo","priority_review","candidate_include","BBR/BDP-Veno/OVeno term plus a review topic","pending","","not_started"
"crossref_Q1_0038","crossref_Q1","crossref","Q1","BBR-based and fairness-guaranteed congestion control and packet scheduling for MPQUIC over heterogeneous networks","","2024","10.1016/j.comcom.2024.06.006","pending","","to_assign","to_assign","doi:10.1016/j.comcom.2024.06.006","","bbr;congestion control;fairness;quic","priority_review","candidate_include","BBR/BDP-Veno/OVeno term plus a review topic","pending","","not_started"
"crossref_Q1_0037","crossref_Q1","crossref","Q1","Performance Analysis of BBR Congestion Control Protocol Based on NS3","","2019","10.1109/cbd.2019.00071","pending","","to_assign","to_assign","doi:10.1109/cbd.2019.00071","","bbr;congestion control","priority_review","candidate_include","BBR/BDP-Veno/OVeno term plus a review topic","pending","","not_started"
"crossref_Q1_0036","crossref_Q1","crossref","Q1","Improved Convergence and Low Retransmission of BBR Congestion Control Algorithm Based on Adaptive Pacing Gain","","2022","10.1109/hoticn57539.2022.10036208","pending","","to_assign","to_assign","doi:10.1109/hoticn57539.2022.10036208","","bbr;congestion control","priority_review","candidate_include","BBR/BDP-Veno/OVeno term plus a review topic","pending","","not_started"
"crossref_Q1_0035","crossref_Q1","crossref","Q1","Improvement of inter-protocol fairness for BBR congestion control using machine learning","","2020","10.1109/icaiic48513.2020.9065259","pending","","to_assign","to_assign","doi:10.1109/icaiic48513.2020.9065259","","bbr;congestion control;fairness;learning","priority_review","candidate_include","BBR/BDP-Veno/OVeno term plus a review topic","pending","","not_started"
"crossref_Q1_0034","crossref_Q1","crossref","Q1","Adaptive-BBR: Fine-Grained Congestion Control with Improved Fairness and Low Latency","","2019","10.1109/wcnc.2019.8885527","pending","","to_assign","to_assign","doi:10.1109/wcnc.2019.8885527","","bbr;congestion control;fairness","priority_review","candidate_include","BBR/BDP-Veno/OVeno term plus a review topic","pending","","not_started"
"crossref_Q1_0033","crossref_Q1","crossref","Q1","TCP Fairness Among Modern TCP Congestion Control Algorithms Including TCP BBR","","2018","10.1109/cloudnet.2018.8549505","pending","","to_assign","to_assign","doi:10.1109/cloudnet.2018.8549505","","bbr;congestion control;tcp;fairness","priority_review","candidate_include","BBR/BDP-Veno/OVeno term plus a review topic","pending","","not_started"
"crossref_Q1_0032","crossref_Q1","crossref","Q1","Enhanced BBR Congestion Control Algorithm for Improving RTT Fairness","","2019","10.1109/icufn.2019.8806064","pending","","to_assign","to_assign","doi:10.1109/icufn.2019.8806064","","bbr;congestion control;fairness;rtt","priority_review","candidate_include","BBR/BDP-Veno/OVeno term plus a review topic","pending","","not_started"
"crossref_Q1_0031","crossref_Q1","crossref","Q1","Space Environment Data Transfer System Based on BBR Congestion Control Algorithm","","2019","10.11728/cjss2019.01.111","pending","","to_assign","to_assign","doi:10.11728/cjss2019.01.111","","bbr;congestion control","priority_review","candidate_include","BBR/BDP-Veno/OVeno term plus a review topic","pending","","not_started"
"crossref_Q1_0030","crossref_Q1","crossref","Q1","Towards a Deeper Understanding of TCP BBR Congestion Control","","2018","10.23919/ifipnetworking.2018.8696830","pending","","to_assign","to_assign","doi:10.23919/ifipnetworking.2018.8696830","","bbr;congestion control;tcp","priority_review","candidate_include","BBR/BDP-Veno/OVeno term plus a review topic","pending","","not_started"
"crossref_Q1_0029","crossref_Q1","crossref","Q1","Reproducible measurements of TCP BBR congestion control","","2019","10.1016/j.comcom.2019.05.011","pending","","to_assign","to_assign","doi:10.1016/j.comcom.2019.05.011","","bbr;congestion control;tcp","priority_review","candidate_include","BBR/BDP-Veno/OVeno term plus a review topic","pending","","not_started"
"crossref_Q1_0028","crossref_Q1","crossref","Q1","Standardization and Research Trends of BBR Congestion Control Algorithm","","2019","10.7840/kics.2019.44.9.1713","pending","","to_assign","to_assign","doi:10.7840/kics.2019.44.9.1713","","bbr;congestion control","priority_review","candidate_include","BBR/BDP-Veno/OVeno term plus a review topic","pending","","not_started"
"crossref_Q1_0027","crossref_Q1","crossref","Q1","SAC-BBR: A Semantic-Aware and Cross-Layer Collaborative Congestion Control Mechanism for Heterogeneous Campus Networks","","2026","10.3390/app16115587","pending","","to_assign","to_assign","doi:10.3390/app16115587","","bbr;congestion control","priority_review","candidate_include","BBR/BDP-Veno/OVeno term plus a review topic","pending","","not_started"
"crossref_Q1_0026","crossref_Q1","crossref","Q1","ModQUIC protocol performance verification with CUBIC and BBR congestion control mechanisms","","2021","10.1504/ijipt.2021.117424","pending","","to_assign","to_assign","doi:10.1504/ijipt.2021.117424","","bbr;congestion control;quic","priority_review","candidate_include","BBR/BDP-Veno/OVeno term plus a review topic","pending","","not_started"
"crossref_Q1_0060","crossref_Q1","crossref","Q1","Congestion Window Scaling Method for Inter-protocol Fairness of BBR","","2020","10.1109/ccnc46108.2020.9045307","pending","","to_assign","to_assign","doi:10.1109/ccnc46108.2020.9045307","","bbr;fairness","priority_review","candidate_include","BBR/BDP-Veno/OVeno term plus a review topic","pending","","not_started"
"crossref_Q1_0025","crossref_Q1","crossref","Q1","Improved RTT Fairness of BBR Congestion Control Algorithm Based on Adaptive Congestion Window","","2021","10.3390/electronics10050615","pending","","to_assign","to_assign","doi:10.3390/electronics10050615","","bbr;congestion control;fairness;rtt","priority_review","candidate_include","BBR/BDP-Veno/OVeno term plus a review topic","pending","","not_started"
"crossref_Q1_0061","crossref_Q1","crossref","Q1","Fairness Analysis and Optimization of BBR Congestion Control Algorithm","","2024","10.1007/978-981-97-0798-0_5","pending","","to_assign","to_assign","doi:10.1007/978-981-97-0798-0_5","","bbr;congestion control;fairness","priority_review","candidate_include","BBR/BDP-Veno/OVeno term plus a review topic","pending","","not_started"
"crossref_Q1_0072","crossref_Q1","crossref","Q1","Comparative Analysis of Congestion Window Size and Throughput for BBR versus Elastic TCP","","2023","10.1109/cicn59264.2023.10402167","pending","","to_assign","to_assign","doi:10.1109/cicn59264.2023.10402167","","bbr;tcp","priority_review","candidate_include","BBR/BDP-Veno/OVeno term plus a review topic","pending","","not_started"
"crossref_Q1_0001","crossref_Q1","crossref","Q1","Bbr-With Enhanced Fairness (Bbr-Efra): A New Enhanced Rtt Fairness for Bbr Congestion Control Algorithm","","2022","10.2139/ssrn.4123862","pending","","to_assign","to_assign","doi:10.2139/ssrn.4123862","","bbr;congestion control;fairness;rtt","priority_review","candidate_include","BBR/BDP-Veno/OVeno term plus a review topic","pending","","not_started"
"crossref_Q1_0003","crossref_Q1","crossref","Q1","BBR-With Adaptive Pacing Gain Rates (BBR-APG): An improved  TCP-BBR Congestion Control Algorithm on RTT Fairness Design Problem","","2023","10.21203/rs.3.rs-3118820/v1","pending","","to_assign","to_assign","doi:10.21203/rs.3.rs-3118820/v1","","bbr;congestion control;tcp;fairness;rtt","priority_review","candidate_include","BBR/BDP-Veno/OVeno term plus a review topic","pending","","not_started"
"crossref_Q1_0004","crossref_Q1","crossref","Q1","Modest BBR: Enabling Better Fairness for BBR Congestion Control","","2018","10.1109/iscc.2018.8538521","pending","","to_assign","to_assign","doi:10.1109/iscc.2018.8538521","","bbr;congestion control;fairness","priority_review","candidate_include","BBR/BDP-Veno/OVeno term plus a review topic","pending","","not_started"
"crossref_Q1_0005","crossref_Q1","crossref","Q1","BBR-ES: An Extended-State Optimization for BBR Congestion Control","","2026","10.1109/tnsm.2026.3668966","pending","","to_assign","to_assign","doi:10.1109/tnsm.2026.3668966","","bbr;congestion control","priority_review","candidate_include","BBR/BDP-Veno/OVeno term plus a review topic","pending","","not_started"
"crossref_Q1_0006","crossref_Q1","crossref","Q1","Experimental evaluation of BBR congestion control","","2017","10.1109/icnp.2017.8117540","pending","","to_assign","to_assign","doi:10.1109/icnp.2017.8117540","","bbr;congestion control","priority_review","candidate_include","BBR/BDP-Veno/OVeno term plus a review topic","pending","","not_started"
"crossref_Q1_0007","crossref_Q1","crossref","Q1","Rethinking TCP Congestion Control for Lossy Networks: A Loss-Aware Design for Efficient Bandwidth Utilization Beyond Vegas and BBR","","2026","10.2139/ssrn.6826525","pending","","to_assign","to_assign","doi:10.2139/ssrn.6826525","","bbr;congestion control;tcp","priority_review","candidate_include","BBR/BDP-Veno/OVeno term plus a review topic","pending","","not_started"
"crossref_Q1_0009","crossref_Q1","crossref","Q1","TCP BBR congestion control optimization algorithm for high fairness and low retransmission","","2023","10.21203/rs.3.rs-3365036/v1","pending","","to_assign","to_assign","doi:10.21203/rs.3.rs-3365036/v1","","bbr;congestion control;tcp;fairness","priority_review","candidate_include","BBR/BDP-Veno/OVeno term plus a review topic","pending","","not_started"
"crossref_Q1_0010","crossref_Q1","crossref","Q1","Power Metric Based BBR Congestion Control Using XGBoost","","2025","10.1109/icmlas64557.2025.10968478","pending","","to_assign","to_assign","doi:10.1109/icmlas64557.2025.10968478","","bbr;congestion control","priority_review","candidate_include","BBR/BDP-Veno/OVeno term plus a review topic","pending","","not_started"
"crossref_Q1_0011","crossref_Q1","crossref","Q1","BBR-With Enhanced Fairness (BBR-EFRA): A new enhanced RTT fairness for BBR congestion control algorithm","","2023","10.1016/j.comcom.2022.12.015","pending","","to_assign","to_assign","doi:10.1016/j.comcom.2022.12.015","","bbr;congestion control;fairness;rtt","priority_review","candidate_include","BBR/BDP-Veno/OVeno term plus a review topic","pending","","not_started"
"crossref_Q1_0012","crossref_Q1","crossref","Q1","SDN and BBR Based Friendly Congestion Control for MPTCP","","2026","10.1109/icaiic68212.2026.11454236","pending","","to_assign","to_assign","doi:10.1109/icaiic68212.2026.11454236","","bbr;congestion control;tcp","priority_review","candidate_include","BBR/BDP-Veno/OVeno term plus a review topic","pending","","not_started"
"crossref_Q1_0013","crossref_Q1","crossref","Q1","BBR-with enhanced bandwidth estimation (BBR-EBE+): an improved BBR congestion control algorithm based on TCP acknowledgment compression and aggregation","","2025","10.1007/s11235-025-01269-z","pending","","to_assign","to_assign","doi:10.1007/s11235-025-01269-z","","bbr;congestion control;tcp","priority_review","candidate_include","BBR/BDP-Veno/OVeno term plus a review topic","pending","","not_started"
"crossref_Q1_0014","crossref_Q1","crossref","Q1","Fluid-Based Modeling of TCP BBR Congestion Control Mechanism","","2024","10.1109/compsac61105.2024.00113","pending","","to_assign","to_assign","doi:10.1109/compsac61105.2024.00113","","bbr;congestion control;tcp","priority_review","candidate_include","BBR/BDP-Veno/OVeno term plus a review topic","pending","","not_started"
"crossref_Q1_0069","crossref_Q1","crossref","Q1","A QoS‐Based Fairness‐Aware BBR Congestion Control Algorithm Using QUIC","","2022","10.1155/2022/7222030","pending","","to_assign","to_assign","doi:10.1155/2022/7222030","","bbr;congestion control;fairness;quic","priority_review","candidate_include","BBR/BDP-Veno/OVeno term plus a review topic","pending","","not_started"
"crossref_Q1_0015","crossref_Q1","crossref","Q1","BBR: Congestion-Based Congestion Control","","2016","10.1145/3012426.3022184","pending","","to_assign","to_assign","doi:10.1145/3012426.3022184","","bbr;congestion control","priority_review","candidate_include","BBR/BDP-Veno/OVeno term plus a review topic","pending","","not_started"
"crossref_Q1_0018","crossref_Q1","crossref","Q1","SDN-based Wireless Access Networks Utilising BBR TCP Congestion Control","","2019","10.1109/itnac46935.2019.9078015","pending","","to_assign","to_assign","doi:10.1109/itnac46935.2019.9078015","","bbr;congestion control;tcp;wireless","priority_review","candidate_include","BBR/BDP-Veno/OVeno term plus a review topic","pending","","not_started"
"crossref_Q1_0098","crossref_Q1","crossref","Q1","BBR-Based Congestion Control and Packet Scheduling for Bottleneck Fairness Considered Multipath TCP in Heterogeneous Wireless Networks","","2021","10.1109/tvt.2020.3047877","pending","","to_assign","to_assign","doi:10.1109/tvt.2020.3047877","","bbr;congestion control;tcp;fairness;wireless","priority_review","candidate_include","BBR/BDP-Veno/OVeno term plus a review topic","pending","","not_started"
"crossref_Q1_0099","crossref_Q1","crossref","Q1","Delay-Aware BBR Congestion Control Algorithm for RTT Fairness Improvement","","2020","10.1109/access.2019.2962213","pending","","to_assign","to_assign","doi:10.1109/access.2019.2962213","","bbr;congestion control;fairness;rtt","priority_review","candidate_include","BBR/BDP-Veno/OVeno term plus a review topic","pending","","not_started"
"crossref_Q1_0168","crossref_Q1","crossref","Q1","Bbr-With Adaptive Pacing Gain(Bbr-Apg): An Improved Rtt","","2022","10.2139/ssrn.4132906","pending","","to_assign","to_assign","doi:10.2139/ssrn.4132906","","bbr;rtt","priority_review","candidate_include","BBR/BDP-Veno/OVeno term plus a review topic","pending","","not_started"
"crossref_Q1_0198","crossref_Q1","crossref","Q1","Control TCP BBR Throughput in a Programmable Switch","","2025","10.1109/hpsr64165.2025.11038879","pending","","to_assign","to_assign","doi:10.1109/hpsr64165.2025.11038879","","bbr;tcp","priority_review","candidate_include","BBR/BDP-Veno/OVeno term plus a review topic","pending","","not_started"
"crossref_Q1_0017","crossref_Q1","crossref","Q1","B3R: A New Approach to BBR Congestion Control for Shallow Buffers","","2021","10.1109/acts53447.2021.9708095","pending","","to_assign","to_assign","doi:10.1109/acts53447.2021.9708095","","bbr;congestion control;buffer","priority_review","candidate_include","BBR/BDP-Veno/OVeno term plus a review topic","pending","","not_started"
"crossref_Q1_0023","crossref_Q1","crossref","Q1","Fairness Improvement of BBR Congestion Control Algorithm for Different RTT Flows","","2019","10.23919/elinfocom.2019.8706412","pending","","to_assign","to_assign","doi:10.23919/elinfocom.2019.8706412","","bbr;congestion control;fairness;rtt","priority_review","candidate_include","BBR/BDP-Veno/OVeno term plus a review topic","pending","","not_started"
"crossref_Q1_0022","crossref_Q1","crossref","Q1","On the suitability of BBR congestion control for QUIC over GEO SATCOM networks","","2022","10.1145/3547115.3547194","pending","","to_assign","to_assign","doi:10.1145/3547115.3547194","","bbr;congestion control;quic","priority_review","candidate_include","BBR/BDP-Veno/OVeno term plus a review topic","pending","","not_started"
"crossref_Q1_0021","crossref_Q1","crossref","Q1","BBR-Inspired Congestion Control for Data Fetching over NDN","","2021","10.1109/milcom52596.2021.9652898","pending","","to_assign","to_assign","doi:10.1109/milcom52596.2021.9652898","","bbr;congestion control","priority_review","candidate_include","BBR/BDP-Veno/OVeno term plus a review topic","pending","","not_started"
"crossref_Q1_0019","crossref_Q1","crossref","Q1","BBR-n+ congestion control: Real-time performance with smart exit and advanced AQMs","","2026","10.1371/journal.pone.0330972","pending","","to_assign","to_assign","doi:10.1371/journal.pone.0330972","","bbr;congestion control","priority_review","candidate_include","BBR/BDP-Veno/OVeno term plus a review topic","pending","","not_started"
"crossref_Q2_0002","crossref_Q2","crossref","Q2","Exploring the BBRv2 Congestion Control Algorithm for use on Data Transfer Nodes","","2021","10.1109/indis54524.2021.00008","pending","","to_assign","to_assign","doi:10.1109/indis54524.2021.00008","","bbr;congestion control","priority_review","candidate_include","BBR/BDP-Veno/OVeno term plus a review topic","pending","","not_started"
"crossref_Q2_0040","crossref_Q2","crossref","Q2","Evaluating Tcp Bbrv3 Performance in Wired Broadband Networks","","2023","10.2139/ssrn.4594375","pending","","to_assign","to_assign","doi:10.2139/ssrn.4594375","","bbr;tcp","priority_review","candidate_include","BBR/BDP-Veno/OVeno term plus a review topic","pending","","not_started"
"crossref_Q2_0055","crossref_Q2","crossref","Q2","Improvement of BBRv2 Congestion Control Algorithm Based on Flow-aware ECN","","2022","10.1155/2022/1218245","pending","","to_assign","to_assign","doi:10.1155/2022/1218245","","bbr;congestion control;ecn","priority_review","candidate_include","BBR/BDP-Veno/OVeno term plus a review topic","pending","","not_started"
"crossref_Q2_0022","crossref_Q2","crossref","Q2","Understanding of BBRv2: Evaluation and Comparison With BBRv1 Congestion Control Algorithm","","2021","10.1109/access.2021.3061696","pending","","to_assign","to_assign","doi:10.1109/access.2021.3061696","","bbr;congestion control","priority_review","candidate_include","BBR/BDP-Veno/OVeno term plus a review topic","pending","","not_started"
"crossref_Q2_0001","crossref_Q2","crossref","Q2","BBRv2-TI: A Utility-Guided Congestion Control Algorithm for Tactile Internet over QUIC","","2026","10.1109/ccnc65079.2026.11366525","pending","","to_assign","to_assign","doi:10.1109/ccnc65079.2026.11366525","","bbr;congestion control;quic","priority_review","candidate_include","BBR/BDP-Veno/OVeno term plus a review topic","pending","","not_started"
"crossref_Q3_0071","crossref_Q3","crossref","Q3","BBR+: improving TCP BBR Performance over WLAN","","2020","10.1109/icc40277.2020.9149220","pending","","to_assign","to_assign","doi:10.1109/icc40277.2020.9149220","","bbr;tcp","priority_review","candidate_include","BBR/BDP-Veno/OVeno term plus a review topic","pending","","not_started"
"crossref_Q3_0049","crossref_Q3","crossref","Q3","Model-based insights on the performance, fairness, and stability of BBR","","2022","10.1145/3517745.3561420","pending","","to_assign","to_assign","doi:10.1145/3517745.3561420","","bbr;fairness","priority_review","candidate_include","BBR/BDP-Veno/OVeno term plus a review topic","pending","","not_started"
"crossref_Q3_0055","crossref_Q3","crossref","Q3","Research on BBR Fairness in Multiple Scenarios","","2025","10.1145/3727353.3727460","pending","","to_assign","to_assign","doi:10.1145/3727353.3727460","","bbr;fairness","priority_review","candidate_include","BBR/BDP-Veno/OVeno term plus a review topic","pending","","not_started"
"crossref_Q3_0003","crossref_Q3","crossref","Q3","AirBBR: MAC-Aware Airtime Fairness for BBR via TCP ACK-based RTT Inference","","2026","10.2139/ssrn.7434484","pending","","to_assign","to_assign","doi:10.2139/ssrn.7434484","","bbr;tcp;fairness;rtt","priority_review","candidate_include","BBR/BDP-Veno/OVeno term plus a review topic","pending","","not_started"
"crossref_Q3_0044","crossref_Q3","crossref","Q3","OBF-SFP: Service-Rate Based AQM with BDP Gating and Stochastic Binning for BBR-CUBIC Fairness in Single-Queue Networks","","2026","10.1109/isitia71267.2026.11642321","pending","","to_assign","to_assign","doi:10.1109/isitia71267.2026.11642321","","bbr;fairness;queue","priority_review","candidate_include","BBR/BDP-Veno/OVeno term plus a review topic","pending","","not_started"
"crossref_Q3_0043","crossref_Q3","crossref","Q3","MFBBR: An Optimized Fairness-aware TCP-BBR Algorithm in Wired-cum-wireless Network","","2020","10.1109/infocomwkshps50562.2020.9163004","pending","","to_assign","to_assign","doi:10.1109/infocomwkshps50562.2020.9163004","","bbr;tcp;fairness;wireless","priority_review","candidate_include","BBR/BDP-Veno/OVeno term plus a review topic","pending","","not_started"
"crossref_Q3_0040","crossref_Q3","crossref","Q3","A Modified TCP BBR to Enable High Fairness in High-Speed Wireless Networks","","2024","10.3390/fi16110392","pending","","to_assign","to_assign","doi:10.3390/fi16110392","","bbr;tcp;fairness;wireless","priority_review","candidate_include","BBR/BDP-Veno/OVeno term plus a review topic","pending","","not_started"
"crossref_Q3_0036","crossref_Q3","crossref","Q3","Enhanced Loss-Recovery Mechanism for BBR to Improve Inter-protocol Fairness","","2019","10.1109/ictc46691.2019.8939768","pending","","to_assign","to_assign","doi:10.1109/ictc46691.2019.8939768","","bbr;fairness","priority_review","candidate_include","BBR/BDP-Veno/OVeno term plus a review topic","pending","","not_started"
"crossref_Q3_0034","crossref_Q3","crossref","Q3","BBR Advanced (BBR-A) — Reduced retransmissions with improved fairness","","2020","10.1016/j.icte.2020.05.009","pending","","to_assign","to_assign","doi:10.1016/j.icte.2020.05.009","","bbr;fairness","priority_review","candidate_include","BBR/BDP-Veno/OVeno term plus a review topic","pending","","not_started"
"crossref_Q3_0032","crossref_Q3","crossref","Q3","Improving Google’s BBR for Reduced Latency and Increased Fairness","","2019","10.1109/infocomwkshps47286.2019.9093793","pending","","to_assign","to_assign","doi:10.1109/infocomwkshps47286.2019.9093793","","bbr;fairness","priority_review","candidate_include","BBR/BDP-Veno/OVeno term plus a review topic","pending","","not_started"
"crossref_Q3_0031","crossref_Q3","crossref","Q3","BAR : BBR with Adjusting RTprop for Inter-Protocol Fairness with CUBIC TCP","","2023","10.1109/lanman58293.2023.10189813","pending","","to_assign","to_assign","doi:10.1109/lanman58293.2023.10189813","","bbr;tcp;fairness","priority_review","candidate_include","BBR/BDP-Veno/OVeno term plus a review topic","pending","","not_started"
"crossref_Q3_0030","crossref_Q3","crossref","Q3","BBR-CWS: Improving the Inter-Protocol Fairness of BBR","","2020","10.3390/electronics9050862","pending","","to_assign","to_assign","doi:10.3390/electronics9050862","","bbr;fairness","priority_review","candidate_include","BBR/BDP-Veno/OVeno term plus a review topic","pending","","not_started"
"crossref_Q3_0045","crossref_Q3","crossref","Q3","Ad-BBR: Enhancing Round-Trip Time Fairness and Transmission Stability in TCP-BBR","","2025","10.3390/fi17050189","pending","","to_assign","to_assign","doi:10.3390/fi17050189","","bbr;tcp;fairness","priority_review","candidate_include","BBR/BDP-Veno/OVeno term plus a review topic","pending","","not_started"
"crossref_Q3_0027","crossref_Q3","crossref","Q3","MPTCP fairness algorithm based on DTW and BBR","","2021","10.1109/eiecs53707.2021.9588019","pending","","to_assign","to_assign","doi:10.1109/eiecs53707.2021.9588019","","bbr;tcp;fairness","priority_review","candidate_include","BBR/BDP-Veno/OVeno term plus a review topic","pending","","not_started"
"crossref_Q3_0022","crossref_Q3","crossref","Q3","Overcoming Fairness and Latency Challenges in BBR With an Adaptive Delay Detection","","2025","10.1109/access.2025.3545088","pending","","to_assign","to_assign","doi:10.1109/access.2025.3545088","","bbr;fairness","priority_review","candidate_include","BBR/BDP-Veno/OVeno term plus a review topic","pending","","not_started"
"crossref_Q3_0021","crossref_Q3","crossref","Q3","A Study on Cyclic Performance Fluctuation of CUBIC TCP and TCP BBR Considering Estimated RTT and Bandwidth","","2019","10.1109/candarw.2019.00091","pending","","to_assign","to_assign","doi:10.1109/candarw.2019.00091","","bbr;tcp;rtt","priority_review","candidate_include","BBR/BDP-Veno/OVeno term plus a review topic","pending","","not_started"
"crossref_Q3_0016","crossref_Q3","crossref","Q3","RFBBR: A Rtt Faireness Awared Algorithm Based on BBR","","2020","10.1109/smartiot49966.2020.00027","pending","","to_assign","to_assign","doi:10.1109/smartiot49966.2020.00027","","bbr;rtt","priority_review","candidate_include","BBR/BDP-Veno/OVeno term plus a review topic","pending","","not_started"
"crossref_Q3_0015","crossref_Q3","crossref","Q3","TCP BBR Performance Improvement on a Network with Increasing RTT","","2020","10.1109/candar51075.2020.00035","pending","","to_assign","to_assign","doi:10.1109/candar51075.2020.00035","","bbr;tcp;rtt","priority_review","candidate_include","BBR/BDP-Veno/OVeno term plus a review topic","pending","","not_started"
"crossref_Q3_0013","crossref_Q3","crossref","Q3","BBR-R: Improving BBR’s RTT Fairness by Dynamically Adjusting Delay Detection Intervals","","2024","10.1007/978-3-031-57840-3_7","pending","","to_assign","to_assign","doi:10.1007/978-3-031-57840-3_7","","bbr;fairness;rtt","priority_review","candidate_include","BBR/BDP-Veno/OVeno term plus a review topic","pending","","not_started"
"crossref_Q3_0008","crossref_Q3","crossref","Q3","Unraveling the RTT-fairness Problem for BBR: A Queueing Model","","2018","10.1109/glocom.2018.8647260","pending","","to_assign","to_assign","doi:10.1109/glocom.2018.8647260","","bbr;fairness;rtt;queue","priority_review","candidate_include","BBR/BDP-Veno/OVeno term plus a review topic","pending","","not_started"
"crossref_Q3_0007","crossref_Q3","crossref","Q3","FaiRTT: An Empirical Approach for Enhanced RTT Fairness and Bottleneck Throughput in BBR","","2024","10.1109/iccworkshops59551.2024.10615947","pending","","to_assign","to_assign","doi:10.1109/iccworkshops59551.2024.10615947","","bbr;fairness;rtt","priority_review","candidate_include","BBR/BDP-Veno/OVeno term plus a review topic","pending","","not_started"
"crossref_Q3_0005","crossref_Q3","crossref","Q3","RTT Fairness Improvement in TCP BBR with Dynamic Target Adjustment","","2025","10.1109/icce-taiwan66881.2025.11208040","pending","","to_assign","to_assign","doi:10.1109/icce-taiwan66881.2025.11208040","","bbr;tcp;fairness;rtt","priority_review","candidate_include","BBR/BDP-Veno/OVeno term plus a review topic","pending","","not_started"
"crossref_Q3_0023","crossref_Q3","crossref","Q3","Improving TCP Fairness by Expiring TCP BBR Considering Frequency","","2023","10.1109/candarw60564.2023.00062","pending","","to_assign","to_assign","doi:10.1109/candarw60564.2023.00062","","bbr;tcp;fairness","priority_review","candidate_include","BBR/BDP-Veno/OVeno term plus a review topic","pending","","not_started"
"crossref_Q4_0006","crossref_Q4","crossref","Q4","Table 9: Performance of each bounding box loss on the MS-COCO and VOC2012 (as shown in bold, AIoU-v4 loss achieved the best performance among all BBR losses).","","","10.7717/peerj-cs.2347/table-9","pending","","to_assign","to_assign","doi:10.7717/peerj-cs.2347/table-9","","bbr","low_priority_review","candidate_include","BBR/BDP-Veno/OVeno term plus a review topic","pending","","not_started"
"crossref_Q4_0022","crossref_Q4","crossref","Q4","CUBIC Local Loss Recovery vs. BBR on (Satellite) Internet Paths","","2023","10.1109/lanman58293.2023.10189417","pending","","to_assign","to_assign","doi:10.1109/lanman58293.2023.10189417","","bbr;satellite","priority_review","candidate_include","BBR/BDP-Veno/OVeno term plus a review topic","pending","","not_started"
"crossref_Q4_0001","crossref_Q4","crossref","Q4","Figure 5: Buffer occupancy and throughput of BBR flows with varied RTTs (pre
                      <i>vs</i>
                      . post Niche).","","","10.7717/peerj-cs.3840/fig-5","pending","","to_assign","to_assign","doi:10.7717/peerj-cs.3840/fig-5","","bbr;rtt;buffer","priority_review","candidate_include","BBR/BDP-Veno/OVeno term plus a review topic","pending","","not_started"
"crossref_Q4_0002","crossref_Q4","crossref","Q4","Resilient Packet Transmission (RPT) for Buffer Based Routing (BBR) Protocol","","2014","10.3745/jips.03.0014","pending","","to_assign","to_assign","doi:10.3745/jips.03.0014","","bbr;buffer","priority_review","candidate_include","BBR/BDP-Veno/OVeno term plus a review topic","pending","","not_started"
"crossref_Q6_0184","crossref_Q6","crossref","Q6","Eveno algorithm: Research on TCP Veno enhanced congestion control algorithm","","2013","10.1109/mic.2013.6758058","pending","","to_assign","to_assign","doi:10.1109/mic.2013.6758058","","congestion control;tcp;veno","priority_review","candidate_include","BBR/BDP-Veno/OVeno term plus a review topic","pending","","not_started"
"crossref_Q7_0007","crossref_Q7","crossref","Q7","Performance Evaluation of QUIC with BBR in Satellite Internet","","2018","10.1109/wisee.2018.8637347","pending","","to_assign","to_assign","doi:10.1109/wisee.2018.8637347","","bbr;satellite;quic","priority_review","candidate_include","BBR/BDP-Veno/OVeno term plus a review topic","pending","","not_started"
"crossref_Q7_0008","crossref_Q7","crossref","Q7","Internet via Satellite: GEO vs. LEO, OpenVPN vs. Wireguard, and CUBIC vs. BBR","","2023","10.1145/3614454.3622998","pending","","to_assign","to_assign","doi:10.1145/3614454.3622998","","bbr;satellite;leo","priority_review","candidate_include","BBR/BDP-Veno/OVeno term plus a review topic","pending","","not_started"
"crossref_Q8_0160","crossref_Q8","crossref","Q8","Improved Control Mechanism of Bottleneck Bandwidth and Round-Trip Propagation Time v3 Congestion with Enhanced Fairness and Efficiency","","2025","10.3390/engproc2025089011","pending","","to_assign","to_assign","doi:10.3390/engproc2025089011","","fairness","low_priority_review","candidate_include","BBR/BDP-Veno/OVeno term plus a review topic","pending","","not_started"
"crossref_Q8_0173","crossref_Q8","crossref","Q8","Improved Bottleneck Bandwidth and Round-Trip Propagation Congestion Control Algorithm for Round-Trip Time Fairness","","2023","10.20965/jaciii.2023.p0346","pending","","to_assign","to_assign","doi:10.20965/jaciii.2023.p0346","","congestion control;fairness","priority_review","candidate_include","BBR/BDP-Veno/OVeno term plus a review topic","pending","","not_started"
"openalex_Q1_0177","openalex_Q1","openalex","Q1","Fairness Analysis and Optimization of BBR Congestion Control Algorithm","","2024","https://doi.org/10.1007/978-981-97-0798-0_5","pending","","to_assign","to_assign","doi:https://doi.org/10.1007/978-981-97-0798-0_5","","bbr;congestion control;fairness","priority_review","candidate_include","BBR/BDP-Veno/OVeno term plus a review topic","pending","","not_started"
"openalex_Q1_0176","openalex_Q1","openalex","Q1","Understanding the Modern Internet's Heterogeneous Congestion Control Landscape","Research in Internet congestion control has experienced a renaissance in recent years, driven by two key developments. In 2016, Google introduced and deployed BBR, a congestion control algorithm that marks a significant departure from traditional loss-based algorithms like CUBIC and New Reno. Additionally, Internet transport is transitioning to the userspace with the adoption of QUIC, a new transport stack that is already widely deployed and poised to become the default with HTTP3. While both these advancements present unique challenges, they also introduce considerable heterogeneity into the Internet's congestion control landscape. Historically, Internet congestion control has remained stable due to a homogeneous ecosystem of well-understood AIMD congestion control algorithms. However, the recent innovations in BBR and QUIC are set to challenge this paradigm. This extended abstract summarises the contributions of my thesis, which examines the impact of these two developments on the Internet's congestion control landscape and explores how they are likely to influence its evolution in the near future.","2025","https://doi.org/10.1145/3712170.3712175","pending","","to_assign","to_assign","doi:https://doi.org/10.1145/3712170.3712175","","bbr;congestion control;quic","priority_review","candidate_include","BBR/BDP-Veno/OVeno term plus a review topic","pending","","not_started"
"openalex_Q1_0175","openalex_Q1","openalex","Q1","ABC: A Simple Explicit Congestion Control Protocol for Wireless Networks.","We propose Accel-Brake Control (ABC), a simple and deployable explicit congestion control protocol for network paths with time-varying wireless links. ABC routers mark each packet with an accelerate or brake, which causes senders to slightly increase or decrease their congestion windows. Routers use this feedback to quickly guide senders towards a desired target rate. ABC requires no changes to header formats or user devices, but achieves better performance than XCP. ABC is also incrementally deployable; it operates correctly when the bottleneck is a non-ABC router, and can coexist with non-ABC traffic sharing the same bottleneck link. We evaluate ABC using a Wi-Fi implementation and trace-driven emulation of cellular links. ABC achieves 30-40% higher throughput than Cubic+Codel for similar delays, and 2.2X lower delays than BBR on a Wi-Fi path. On cellular network paths, ABC achieves 50% higher throughput than Cubic+Codel.","2019","","pending","","to_assign","to_assign","title:abc a simple explicit congestion control protocol for wireless networks","","bbr;congestion control;wireless;quic","priority_review","candidate_include","BBR/BDP-Veno/OVeno term plus a review topic","pending","","not_started"
"openalex_Q1_0171","openalex_Q1","openalex","Q1","Marten: A Built-in Security DRL-Based Congestion Control Framework by Polishing the Expert","Deep reinforcement learning (DRL) has been proved to be an effective method to improve the congestion control algorithms (CCAs). However, the lack of training data and training scale affect the effectiveness of DRL model. Combining rule-based CCAs (such as BBR) as a guide for DRL is an effective way to improve learning-based CCAs. By experiment measurement, we find that the rule-based CCAs limit the action exploration and even cause DRL’s excessive dependence to gain higher DRL’s reward gain. To overcome the constraints, we propose Marten, a framework which improves the effectiveness of rule-based CCAs for DRL. Marten uses entropy as the degree of exploration and uses it to expand the exploration of DRL. Furthermore, Marten introduces the shielding mechanism to avoid wrong DRL actions. We have implemented Marten in both simulation platform OpenAI Gym and deployment platform QUIC. The experimental results in production network demonstrate Marten can improve throughput by 0.36% and reduce latency by 14.89% on average compared with Eagle, and improve throughput by 2.79% and reduce latency by 11.73% on average compared with BBR.","2023","https://doi.org/10.1109/infocom53939.2023.10228952","pending","","to_assign","to_assign","doi:https://doi.org/10.1109/infocom53939.2023.10228952","","bbr;congestion control;quic;learning","priority_review","candidate_include","BBR/BDP-Veno/OVeno term plus a review topic","pending","","not_started"
"openalex_Q1_0170","openalex_Q1","openalex","Q1","A New Congestion-Based Congestion Control for Low Latency and Low Packet Drop Rate","In 2016, Google published BBR, a congestion-based congestion control algorithm that focuses on achieving the optimal operating point with the minimum delay and maximum throughput. When a single BBR flow occupies a bottleneck link, the packet sending rate and number of inflight packets of the flow achieve the optimal operating point. However, multiple BBR flows sharing a bottleneck link lead to a large latency and high packet drop rate. This is due to the maximum throughput being used for the packet sending rate, which makes the operating point far from optimal. In this paper, we propose a new congestion-based congestion control algorithm, called Low Latency and Low Drop Rate (L3DR), that keeps the operating point nearly optimal, even when multiple flows share a bottleneck link, by measuring the available bandwidth to be used for the packet sending rate. We conducted performance evaluation experiments in emulation network environments. The results indicate that L3DR can reduce the buffering delay to 38.5% and packet drop rate to 8.0% compared with BBR while achieving high throughput and high per-flow fairness.","2023","https://doi.org/10.1109/icufn57995.2023.10200349","pending","","to_assign","to_assign","doi:https://doi.org/10.1109/icufn57995.2023.10200349","","bbr;congestion control;fairness;buffer","priority_review","candidate_include","BBR/BDP-Veno/OVeno term plus a review topic","pending","","not_started"
"openalex_Q1_0169","openalex_Q1","openalex","Q1","The Great Internet TCP Congestion Control Census","In 2016, Google proposed and deployed a new TCP variant called BBR. BBR represents a major departure from traditional congestion control as it uses estimates of bandwidth and round-trip delays to regulate its sending rate. BBR has since been introduced in the upstream Linux kernel and deployed by Google across its data centers. Since the last major study to identify TCP congestion control variants on the Internet was done before BBR, it is timely to conduct a new census to give us a sense of the current distribution of congestion control variants on the Internet. To this end, we designed and implemented Gordon, a tool that allows us to measure the congestion window (cwnd) corresponding to each successive RTT in the TCP connection response of a congestion control algorithm. To compare a measured flow to the known variants, we created a localized bottleneck and introduced a variety of network changes like loss events, changes in bandwidth and delay, while normalizing all measurements by RTT. We built an offline classifier to identify the TCP variant based on the cwnd trace over time.","2020","https://doi.org/10.1145/3410048.3410083","pending","","to_assign","to_assign","doi:https://doi.org/10.1145/3410048.3410083","","bbr;congestion control;tcp;rtt","priority_review","candidate_include","BBR/BDP-Veno/OVeno term plus a review topic","pending","","not_started"
"openalex_Q1_0168","openalex_Q1","openalex","Q1","Conjecture: Existence of Nash Equilibria in Modern Internet Congestion Control","The Internet’s congestion control landscape is currently in the midst of an unprecedented paradigm shift. A recent measurement study found that BBR, a congestion control algorithm introduced by Google in 2016, has seen rapid adoption and is deployed at more than 20% of the Alexa Top 20,000 websites. Encouraging early deployment results from Google, Dropbox and Spotify suggest that BBR could potentially replace traditional loss-based congestion control algorithms like CUBIC. In this paper, we study the interactions between CUBIC and BBR and show that the underlying interactions can be modeled as a normal form game. Our game-theoretic analysis and testbed measurements suggest that while BBR seems to achieve somewhat better performance than CUBIC on the Internet today, this advantage will decrease as the proportion of BBR flows increases. The distribution of congestion control algorithms on the Internet would likely reach a Nash Equilibrium, where no flow has the incentive to switch from CUBIC to BBR, or vice versa. We also found that the distribution of CUBIC and BBR flows in this Nash Equilibrium will be dependent mainly on the size of the bottleneck buffer, and marginally on the RTT distribution of the flows. Our results suggest that the future Internet will likely be more heterogeneous and that buffer sizing will continue to have a significant impact on Internet congestion control.","2021","https://doi.org/10.1145/3469393.3469397","pending","","to_assign","to_assign","doi:https://doi.org/10.1145/3469393.3469397","","bbr;congestion control;rtt;buffer","priority_review","candidate_include","BBR/BDP-Veno/OVeno term plus a review topic","pending","","not_started"
"openalex_Q1_0163","openalex_Q1","openalex","Q1","Performance analysis of heterogeneous TCP congestion control environments","There are a number of congestion control algorithms currently deployed and in use on the Internet today. These have a direct influence on streaming quality when delivering video content. The congestion algorithm determines how a stream behaves, such as how it reacts to congestion in the network, as well as influencing the maximum throughput that the stream is able to achieve. These are important metrics when discussing streaming video, as the streaming behaviour has a direct impact on the end user experience. An analysis on the state of TCP congestion control is presented, with the aim of highlighting conflicts that can occur in a heterogeneous congestion control environment. This includes some initial observations on the experimental congestion control algorithm, BBR, which is currently being developed by Google.","2017","https://doi.org/10.23919/pemwn.2017.8308020","pending","","to_assign","to_assign","doi:https://doi.org/10.23919/pemwn.2017.8308020","","bbr;congestion control;tcp","priority_review","candidate_include","BBR/BDP-Veno/OVeno term plus a review topic","pending","","not_started"
"openalex_Q1_0165","openalex_Q1","openalex","Q1","End-to-end transport for video QoE fairness","The growth of video traffic makes it increasingly likely that multiple clients share a bottleneck link, giving video content providers an opportunity to optimize the experience of multiple users jointly. But today's transport protocols are oblivious to video streaming applications and provide only connection-level fairness. We design and build Minerva, the first end-to-end transport protocol for multi-user video streaming. Minerva uses information about the player state and video characteristics to adjust its congestion control behavior to optimize for QoE fairness. Minerva clients receive no explicit information about other video clients, yet when multiple of them share a bottleneck link, their rates converge to a bandwidth allocation that maximizes QoE fairness. At the same time, Minerva videos occupy only their fair share of the bottleneck link bandwidth, competing fairly with existing TCP traffic. We implement Minerva on an industry standard video player and server and show that, compared to Cubic and BBR, 15-32%of the videos using Minerva experience an improvement in viewing experience equivalent to a jump in resolution from 720p to 1080p. Additionally, in a scenario with dynamic video arrivals and departures, Minerva reduces rebuffering time by an average of 47%.","2019","https://doi.org/10.1145/3341302.3342077","pending","","to_assign","to_assign","doi:https://doi.org/10.1145/3341302.3342077","","bbr;congestion control;tcp;fairness;buffer","priority_review","candidate_include","BBR/BDP-Veno/OVeno term plus a review topic","pending","","not_started"
"openalex_Q1_0164","openalex_Q1","openalex","Q1","On the Fairness of Internet Congestion Control over WiFi with Deep Reinforcement Learning","For over forty years, TCP has been the main protocol for transporting data on the Internet. To improve congestion control algorithms (CCAs), delay bounding algorithms such as Vegas, FAST, BBR, PCC, and Copa have been developed. However, despite being designed to ensure fairness between data flows, these CCAs can still lead to unfairness and, in some cases, even cause data flow starvation in WiFi networks under certain conditions. We propose a new CCA switching solution that works with existing TCP and WiFi standards. This solution is offline and uses Deep Reinforcement Learning (DRL) trained on features such as noncongestive delay variations to predict and prevent extreme unfairness and starvation. Our DRL-driven approach allows for dynamic and efficient CCA switching. We have tested our design preliminarily in realistic datasets, ensuring that they support both fairness and efficiency over WiFi networks, which requires further investigation and extensive evaluation before online deployment.","2024","https://doi.org/10.3390/fi16090330","pending","","to_assign","to_assign","doi:https://doi.org/10.3390/fi16090330","","bbr;congestion control;tcp;fairness;learning","priority_review","candidate_include","BBR/BDP-Veno/OVeno term plus a review topic","pending","","not_started"
"openalex_Q1_0162","openalex_Q1","openalex","Q1","When less is more: BBR versus LEDBAT++","We present a study of the interaction between two recent congestion control algorithms, LEDBAT++ and BBR. LEDBAT++ is a less-than-best-effort congestion control mechanism and BBR is model-based congestion control algorithm that aims to implement a best-effort traffic class. Naturally, the expectation is that LEDBAT++ yields in front of BBR. While we observe that this is the case in networks with moderate size buffer and when the base RTT is larger than 60 ms, we find that in other common conditions (base RTT smaller than 60 ms and moderate size network buffers), the interaction between LEDBAT++ and BBR is not as expected, as LEDBAT++ fails to yield in front of BBR. The observed behavior is different for the two existent versions of BBR. Specifically, LEDBAT++ competes in equal grounds against BBRv1, and BBRv2 yields in front of LEDBAT++. The BBRv2/LEDBAT++ interaction is exactly the opposite to the desired outcome. We present a number of experiments in diverse conditions that support our conclusions.","2022","https://doi.org/10.1016/j.comnet.2022.109460","pending","","to_assign","to_assign","doi:https://doi.org/10.1016/j.comnet.2022.109460","","bbr;congestion control;rtt;buffer","priority_review","candidate_include","BBR/BDP-Veno/OVeno term plus a review topic","pending","","not_started"
"openalex_Q1_0161","openalex_Q1","openalex","Q1","TCP’s Initial Window—Deployment in the Wild and Its Impact on Performance","TCP congestion control and particularly its initial congestion window (IW) size is one long-debated topic that can influence Web performance. Its size is, however, assumed to be static by IETF recommendations-despite being network- and application-dependent-and only infrequently changed in its history. To understand if the standardization and research perspective still meets Internet reality, we study the IW configurations in IPv4 and of major content delivery networks (CDNs). We have been regularly inspecting IPv4 for HTTP and TLS servers to investigate their IW configuration and found a steady increase in IETF-recommended configurations. We additionally study how CDNs configure their IWs given their relevance for content distribution. To shed light on network-dependent CDN configurations, we use a globally distributed infrastructure of VPNs giving access to residential access links. We observe that most CDNs are well aware of the IW's impact and find a high amount of customization that is beyond current Internet standards. We find various initial window configurations, most below 50 segments, yet, with exceptions of up to 100 segments-the tenfold of current standards. This paper highlights that Internet reality has drifted away from recommended and standardized practices. Driven by these findings, we investigate the effects of this new reality on the slow start of Cubic and BBR congestion controlled TCP flows. We find that TCP pacing is a key to enable increased IWs when competing against other traffic.","2019","https://doi.org/10.1109/tnsm.2019.2896335","pending","","to_assign","to_assign","doi:https://doi.org/10.1109/tnsm.2019.2896335","","bbr;congestion control;tcp","priority_review","candidate_include","BBR/BDP-Veno/OVeno term plus a review topic","pending","","not_started"
"openalex_Q1_0159","openalex_Q1","openalex","Q1","Congestion Control for Future Mobile Networks","The complexity and volatility of emerging mobile networks, which are intended to support extremely demanding applications such as high-resolution live video and AR/VR, pose immense challenges for congestion control. We present MORC, a novel rate-control protocol for mobile networks. MORC builds on the PCC protocol design framework to strike a balance between low latency and high throughput. Lab trials and early field tests show that MORC outperforms traditional TCP congestion control and the recent BBR protocol, achieving faster file download times, higher resiliency to network changes, better bandwidth utilization, and improved quality of experience for video clients. We discuss deployment scenarios and future research.","2018","https://doi.org/10.1145/3264844.3264850","pending","","to_assign","to_assign","doi:https://doi.org/10.1145/3264844.3264850","","bbr;congestion control;tcp","priority_review","candidate_include","BBR/BDP-Veno/OVeno term plus a review topic","pending","","not_started"
"openalex_Q1_0158","openalex_Q1","openalex","Q1","TCP Congestion Control Performance over Starlink","We examine the performance of 14 different Linux TCP congestion control (CC) variants over Starlink connectivity. We then focus on the two most commonly used CCs, BBR and Cubic, and the best performing other CC, Illinois. Multiple measurement campaigns were conducted to evaluate throughput performance for single and multiple flows, examine how the performance of the CCs relate to the length of the TCP flow, and investigate how the CCs share resources over Starlink. The results show that BBR (both v1 and v3) outperform Cubic in the current Starlink environment. Cubic, which is the Linux default CC, performs considerably worse than BBR, particularly for single flows. Cubic with HyStart also has additional slowstart performance issues, which can be mitigated by disabling HyStart. The Illinois CC is a promising alternative to BBR and although being less performant for single flows, it has better fairness properties. Leveraging earlier similar measurements for a longitudinal study, we further show that changes made to the Starlink infrastructure during 2023/2024 are likely to have resulted in significantly reduced Cubic throughput.","2025","https://doi.org/10.1145/3744200.3744760","pending","","to_assign","to_assign","doi:https://doi.org/10.1145/3744200.3744760","","bbr;congestion control;tcp;fairness","priority_review","candidate_include","BBR/BDP-Veno/OVeno term plus a review topic","pending","","not_started"
"openalex_Q1_0166","openalex_Q1","openalex","Q1","BAR : BBR with Adjusting RTprop for Inter-Protocol Fairness with CUBIC TCP","BBR has been proposed as a new congestion control algorithm avoiding bufferbloat and is one of the widely used one along with CUBIC in the current Internet. In this paper, we evaluate preliminary performance of BBR when it shares the bottleneck link with CUBIC. Evaluation results reveal that one of the reasons for unfairness between BBR and CUBIC is misestimation of BBR control parameter RTprop. We also reveal that by increase/decrease of RTprop, we can control delivery rate of BBR. Based on these insights, we propose a new BBR algorithm, BAR(BBR with Adjusting RTprop). BAR adjusts RTprop so that BBR obtains fair bandwidth with CUBIC. Our performance evaluation results show that inter-protocol fairness between BBR and CUBIC flows can be significantly improved by BAR with few packet losses.","2023","https://doi.org/10.1109/lanman58293.2023.10189813","pending","","to_assign","to_assign","doi:https://doi.org/10.1109/lanman58293.2023.10189813","","bbr;congestion control;tcp;fairness;buffer","priority_review","candidate_include","BBR/BDP-Veno/OVeno term plus a review topic","pending","","not_started"
"openalex_Q1_0178","openalex_Q1","openalex","Q1","ECN-Marking with CoDel and its Compatibility with Different TCP Congestion Control Algorithms","In order to solve the bufferbloat problem, many Active Queue Management (AQM) algorithms have been proposed, such as Random Early Detection (RED), Proportional Integral Controller Enhanced (PIE), Controlled Delay (CoDel), etc. Among them, CoDel has widely been adapted by devices at the last mile. It maintains the sojourn times of transmitted packets and compares them to a pre-defined target time. When the packet's sojourn time exceeds this target, it is interpreted as an evidence of bufferbloat and CoDel applies its drop strategy. This paper examines how CoDel performs when instead of packet dropping the Explicit Congestion Notification (ECN) marking is applied, considering Reno, Cubic and BRR congestion control algorithms in the TCP flows. The evaluation relies on the Programming Protocol-independent Packet Processors (P4) implementation of CoDel, extending it with mechanisms needed for ECN support. Results show that ECN-CoDel can significantly reduce the number of re-transmissions and properly work with classic congestion controls like TCP Cubic and TCP Reno. For TCP BBR, almost zero packet drop ratio can be experienced, but the queue delay is higher than with the original CoDel. Based on the results of this work, the characteristics of the universe AQM had been drawn in the conclusion.","2020","https://doi.org/10.1109/icoase51841.2020.9436575","pending","","to_assign","to_assign","doi:https://doi.org/10.1109/icoase51841.2020.9436575","","bbr;congestion control;tcp;buffer;queue;ecn","priority_review","candidate_include","BBR/BDP-Veno/OVeno term plus a review topic","pending","","not_started"
"openalex_Q1_0198","openalex_Q1","openalex","Q1","Bbr-With Enhanced Fairness (Bbr-Efra): A New Enhanced Rtt Fairness for Bbr Congestion Control Algorithm","","2022","https://doi.org/10.2139/ssrn.4123862","pending","","to_assign","to_assign","doi:https://doi.org/10.2139/ssrn.4123862","","bbr;congestion control;fairness;rtt","priority_review","candidate_include","BBR/BDP-Veno/OVeno term plus a review topic","pending","","not_started"
"openalex_Q1_0181","openalex_Q1","openalex","Q1","QUIC Congestion Control Algorithm characteristics in mixed satellite–terrestrial emergency communication scenarios","Reliable communications play a pivotal role in ensuring an efficient response and the coordination of recovery and rescue efforts. However, conventional communication methods may not always be accessible or dependable in such situations. In such circumstances, constellations of Low Earth Orbit (LEO) satellites can provide high bandwidth capabilities with relatively low latency, making them well-suited for supporting on-the-ground disaster management teams. Satellites can either complement or replace terrestrial telecommunication infrastructures. In this context, reliance on the recently defined QUIC protocol allows for a seamless transition from terrestrial to satellite communication as needed. Therefore, we investigate the possible use of a dual-stack node architecture along with the employment of the QUIC transport protocol for emergency communications, assuming that the backhaul link used to transfer users’ applications data may need to be changed (seamlessly). We conduct an extensive emulation study, evaluating the performance of QUIC under varying queuing policies and Congestion Control Algorithm (CCA) behaviour, providing practical insights and recommendations to enhance the protocol’s efficiency and robustness. The key aspects and configurations of QUIC protocol stack are identified, presenting optimal communication configurations leveraging CoDel and BBR CCA.","2024","https://doi.org/10.1016/j.comcom.2024.07.013","pending","","to_assign","to_assign","doi:https://doi.org/10.1016/j.comcom.2024.07.013","","bbr;congestion control;satellite;leo;quic","priority_review","candidate_include","BBR/BDP-Veno/OVeno term plus a review topic","pending","","not_started"
"openalex_Q1_0200","openalex_Q1","openalex","Q1","Performance Impact of Nested Congestion Control on Transport-Layer Multipath Tunneling","Multipath wireless access aims to seamlessly aggregate multiple access networks to increase data rates and decrease latency. It is currently being standardized through the ATSSS architectural framework as part of the fifth-generation (5G) cellular networks. However, facilitating efficient multi-access communication in next-generation wireless networks poses several challenges due to the complex interplay between congestion control (CC) and packet scheduling. Given that enhanced ATSSS steering functions for traffic splitting advocate the utilization of multi-access tunnels using congestion-controlled multipath network protocols between user equipment and a proxy, addressing the issue of nested CC becomes imperative. In this paper, we evaluate the impact of such nested congestion control loops on throughput over multi-access tunnels using the recently introduced Multipath DCCP (MP-DCCP) tunneling framework. We evaluate different combinations of endpoint and tunnel CC algorithms, including BBR, BBRv2, CUBIC, and NewReno. Using the Cheapest Path First scheduler, we quantify and analyze the impact of the following on the performance of tunnel-based multipath: (1) the location of the multi-access proxy relative to the user; (2) the bottleneck buffer size, and (3) the choice of the congestion control algorithms. Furthermore, our findings demonstrate the superior performance of BBRv2 as a tunnel CC algorithm.","2024","https://doi.org/10.3390/fi16070233","pending","","to_assign","to_assign","doi:https://doi.org/10.3390/fi16070233","","bbr;congestion control;buffer;wireless","priority_review","candidate_include","BBR/BDP-Veno/OVeno term plus a review topic","pending","","not_started"
"openalex_Q1_0199","openalex_Q1","openalex","Q1","FB-TCP: A 5G mmWave Friendly TCP for Urban Deployments","5G era opens a new horizon toward communication with new features and capabilities. The new mobile generation comes up with a multi-gigabit per second data rate along with its huge available bandwidths provided by millimeter-wave frequency bands. Dispensing a fully connected world throughout low latency is the supreme aim for 5G networks. However, attaining high-speed, reliable communication is challenging in the new generation, especially in scenarios with numerous obstacles such as the urban one. As the frequency rises, the signal's penetration power declines, which can mislead TCP in adjusting the sending rate because TCP cannot distinguish that a packet drop in a network is due to congestion or other shortcomings of the network such as blockage or random packet drops. This paper proposes a new TCP based on Fuzzy logic, which strives to prevent performance reduction in urban deployments. The Fuzzy rules are implemented in the congestion avoidance phase of the new protocol to adjust the sending rate intelligently and prevent blockage impacts. The ultimate aim of the protocol is to control the sending rate based on the current situation of the network so it can attain the highest possible performance. Moreover, it tries to reach its goal through low latency and keep the average sending rate as small as possible to restrain the buffer exhaustion. The extensive conducted simulations showed that the newly proposed protocol could attain higher performance compared to BBR, HighSpeed, Cubic, and NewReno in terms of throughput, RTT, and sending rate adjustment in the urban scenario.","2021","https://doi.org/10.1109/access.2021.3087239","pending","","to_assign","to_assign","doi:https://doi.org/10.1109/access.2021.3087239","","bbr;tcp;rtt;buffer","priority_review","candidate_include","BBR/BDP-Veno/OVeno term plus a review topic","pending","","not_started"
"openalex_Q1_0157","openalex_Q1","openalex","Q1","Performance Evaluation of Congestion Control Over B5G/6G Fluctuating Scenarios","In recent years, Internet traffic has grown constantly, and new high-throughput applications have been introduced and widely used by mobile users. This has necessitated improvements in the access networks and transport protocols. Beyond 5G and 6G (B5G/6G), cellular systems play a central role in providing low latency and high bandwidth through a new spectrum, particularly with millimeter waves (mmWaves). This technology opens up new scenarios for development, but it is necessary to determine whether transport protocols that incorporate congestion control will fully utilize the available capacity and if their performance meets the requirements of the applications. In this study, we provide a comparison of state-of-the-art algorithms for congestion control in highly dynamic B5G/6G mobile scenarios. In addition to standard metrics such as throughput and delay, we propose the convergence time criterium to determine the algorithms' response to changing conditions and to variable capacity due to mobility, signal obstructions, and high-fluctuating signal levels in the mmWave band. Simulations were conducted on 5G-LENA with different combinations of congestion control algorithms, edge vs. remote server deployments, radio link control buffer sizes, and frequency ranges. Results indicate that HighSpeed and New Reno are the slowest to converge, whereas BBR is the fastest.","2023","https://doi.org/10.1145/3616392.3623408","pending","","to_assign","to_assign","doi:https://doi.org/10.1145/3616392.3623408","","bbr;congestion control;buffer","priority_review","candidate_include","BBR/BDP-Veno/OVeno term plus a review topic","pending","","not_started"
"openalex_Q1_0196","openalex_Q1","openalex","Q1","Through the RTT Lens : A Comparative study of CUBIC and BBR Congestion Control","As the demand for high-performance internet applications continues to surge, the efficiency of network congestion control algorithms becomes a critical factor in ensuring a seamless user experience. This research paper delves into the comparative analysis of two prominent congestion control mechanisms: BBR (Bottleneck Bandwidth and Round- trip propagation time) and Cubic[1]. Both algorithms play pivotal roles in regulating data flow within networks, but their approaches differ significantly. The comparison section highlights the adaptive behavior of each algorithm, emphasizing real-world implications for diverse network scenarios. The discussion interprets the findings, offering a nuanced understanding of the strengths and weaknesses of both BBR and Cubic, thereby contributing to the broader discourse on congestion control strategies.","2023","https://doi.org/10.32628/cseit2390652","pending","","to_assign","to_assign","doi:https://doi.org/10.32628/cseit2390652","","bbr;congestion control;rtt","priority_review","candidate_include","BBR/BDP-Veno/OVeno term plus a review topic","pending","","not_started"
"openalex_Q1_0194","openalex_Q1","openalex","Q1","TCP BBR congestion control optimization algorithm for high fairness and low retransmission","","2023","https://doi.org/10.21203/rs.3.rs-3365036/v1","pending","","to_assign","to_assign","doi:https://doi.org/10.21203/rs.3.rs-3365036/v1","","bbr;congestion control;tcp;fairness","priority_review","candidate_include","BBR/BDP-Veno/OVeno term plus a review topic","pending","","not_started"
"openalex_Q1_0193","openalex_Q1","openalex","Q1","Improvement of inter-protocol fairness for BBR congestion control using machine learning","Google's BBR (Bottleneck Bandwidth and Round-trip Propagation Time) approach is used to enhance internet network transmission. It is particularly intended to efficiently handle enormous amounts of data. Traditional TCP (Transmission Control Protocol) algorithms confront the most difficulty in calculating the proper quantity of data to send in order to prevent congestion and bottlenecks. This wastes bandwidth and causes network delays. BBR addresses this issue by adaptively assessing the available bandwidth (also known as bottleneck bandwidth) along the network channel and calculating the round-trip time (RTT) between the sender and receiver. Although when several flows compete for bandwidth, BBR may supply more bandwidth to one flow at the expense of another, resulting in unequal resource distribution. This paper proposes to integrate machine learning with BBR to enhance fairness in resource allocation. This novel strategy can improve bandwidth allocation and provide a more equal distribution of resources among competing flows by using historical BBR data to train an ML model. Further we also implemented a classifier model that is graphic neural network in the congestion control method.","2023","https://doi.org/10.48550/arxiv.2312.11790","pending","","to_assign","to_assign","doi:https://doi.org/10.48550/arxiv.2312.11790","","bbr;congestion control;tcp;fairness;rtt;learning","priority_review","candidate_include","BBR/BDP-Veno/OVeno term plus a review topic","pending","","not_started"
"openalex_Q1_0192","openalex_Q1","openalex","Q1","An eBPF-empowered Congestion Control System with Delay Requirements","The rapid development of new communication applications such as virtual reality and video conferencing has brought new challenges to congestion control algorithms. In particular, these applications have specific requirements in terms of delay. Meeting specific delay requirements without high throughput loss is difficult, especially in dynamic networks. In addition, it is important that the proposed congestion control algorithms can be easily deployed. In this paper, we propose a congestion control algorithm, namely TD-BBR, to meet the delay requirements of different applications. TD-BBR is built on BBR and can adapt to various network environments without high throughput loss. we employ an online algorithm based on the recursive least squares method to predict future bandwidth. We design a simple and effective algorithm to adjust the congestion window (CWND) to meet the specific delay requirements according to the value of bandwidth prediction and the distance between the current delay and the target delay. We implement a real congestion control system through extended Berkeley Packet Filter (eBPF) technology and have deployed it in the Linux kernel without recompiling the kernel. Extensive experiments show that TD-BBR can effectively meet different delay requirements in most cases, decrease the 95th percentile delay, and avoid high throughput loss compared to other congestion control algorithms,","2024","https://doi.org/10.1109/smc54092.2024.10831324","pending","","to_assign","to_assign","doi:https://doi.org/10.1109/smc54092.2024.10831324","","bbr;congestion control","priority_review","candidate_include","BBR/BDP-Veno/OVeno term plus a review topic","pending","","not_started"
"openalex_Q1_0191","openalex_Q1","openalex","Q1","SQP: Congestion Control for Low-Latency Interactive Video Streaming","This paper presents the design and evaluation of SQP, a congestion control algorithm (CCA) for interactive video streaming applications that need to stream high-bitrate compressed video with very low end-to-end frame delay (eg. AR streaming, cloud gaming). SQP uses frame-coupled, paced packet trains to sample the network bandwidth, and uses an adaptive one-way delay measurement to recover from queuing, for low, bounded queuing delay. SQP rapidly adapts to changes in the link bandwidth, ensuring high utilization and low frame delay, and also achieves competitive bandwidth shares when competing with queue-building flows within an acceptable delay envelope. SQP has good fairness properties, and works well on links with shallow buffers. In real-world A/B testing of SQP against Copa in Google's AR streaming platform, SQP achieves 27% and 15% more sessions with high bitrate and low frame delay for LTE and Wi-Fi, respectively. When competing with queue-building traffic like Cubic and BBR, SQP achieves 2-3X higher bandwidth compared to GoogCC (WebRTC), Sprout, and PCC-Vivace, and comparable performance to Copa (with mode switching).","2022","https://doi.org/10.48550/arxiv.2207.11857","pending","","to_assign","to_assign","doi:https://doi.org/10.48550/arxiv.2207.11857","","bbr;congestion control;fairness;buffer;queue","priority_review","candidate_include","BBR/BDP-Veno/OVeno term plus a review topic","pending","","not_started"
"openalex_Q1_0189","openalex_Q1","openalex","Q1","TCP D*: A Low Latency First Congestion Control Algorithm","The choice of feedback mechanism between delay and packet loss has long been a point of contention in TCP congestion control. This has partly been resolved, as it has become increasingly evident that delay based methods are needed to facilitate modern interactive web applications. However, what has not been resolved is what control should be used, with the two candidates being the congestion window and the pacing rate. BBR is a new delay based congestion control algorithm that uses a pacing rate as its primary control and the congestion window as a secondary control. We propose that a congestion window first algorithm might give more desirable performance characteristics in situations where latency must be minimized even at the expense of some loss in throughput. To evaluate this hypothesis we introduce a new congestion control algorithm called TCP D*, which is a congestion window first algorithm that adopts BBR's approach of maximizing delivery rate while minimizing latency. In this paper, we discuss the key features of this algorithm, discuss the differences and similarity to BBR, and present some preliminary results based on a real implementation.","2020","https://doi.org/10.48550/arxiv.2012.14996","pending","","to_assign","to_assign","doi:https://doi.org/10.48550/arxiv.2012.14996","","bbr;congestion control;tcp","priority_review","candidate_include","BBR/BDP-Veno/OVeno term plus a review topic","pending","","not_started"
"openalex_Q1_0188","openalex_Q1","openalex","Q1","Power Metric Based BBR Congestion Control Using XGBoost","Congestion is a prevalent challenge to every networks today due to the higher network access and inefficient utilization of available bandwidth. Bottleneck Bandwidth and Round-trip propagation time (BBR) is a popular congestion control algorithm introduced by Google. BBR estimates maximum bottleneck bandwidth and minimum propagation delay at end devices periodically to regulate the sending rate. However, there are still limitations exist due to the control parameter (called pacing gain value) used in the sending rate calculation. Since the pacing gain values used in different phases of BBR are fixed, there is an overestimation of the sending rate as well as inflight data. Thus, there is a persistent bottleneck queue formation and experiences higher network delay. In order to resolve the problem, we proposed a pacing gain prediction algorithm using XGBoost regression algorithm controlled by the power metric. The proposed algorithm adaptively predicts the pacing gain values with respect to the network parameters. The research focuses on multimedia applications, emphasizing the importance of reducing network delay to enhance Quality of Service (QoS). The proposed model achieves performance improvement than the existing regression models.","2025","https://doi.org/10.1109/icmlas64557.2025.10968478","pending","","to_assign","to_assign","doi:https://doi.org/10.1109/icmlas64557.2025.10968478","","bbr;congestion control;queue","priority_review","candidate_include","BBR/BDP-Veno/OVeno term plus a review topic","pending","","not_started"
"openalex_Q1_0187","openalex_Q1","openalex","Q1","Optimization of BBR Congestion Control Algorithm for Spacecraft Payload Data Transmission","Currently, aerospace payload data is showing a “blowout growth” trend, and the existing QUIC protocol congestion control algorithms struggle to effectively balance transmission efficiency and the fairness of multi-task parallelism. To address this contradiction, this paper proposes a fairness-enhanced BBR congestion control algorithm (FB-BBR). This algorithm designs a packet loss state awareness module and a dynamic gain adjustment mechanism, and formulates a phased congestion window optimization strategy. It can accurately identify six core states of the aerospace dynamic network, adapt to transmission requirements under different states, and effectively balance multi-task fairness while improving transmission efficiency. In the experimental part, comparative experiments were conducted using multi-scale simulated aerospace payload datasets ranging from 100MB to 2GB. The results show that in single-task transmission scenarios, the throughput of FB-BBR is at least 20% higher than that of commonly used algorithms such as Cubic, New Reno, and traditional BBR. Moreover, as the data volume increases, the throughput of the FB-BBR algorithm does not decrease, and its advantages further expand. In the scenario of 7 tasks transmitting 2GB datasets in parallel, the Jain’s fairness index reaches 0.998, which is 8.6% higher than that of the traditional BBR. In network scenarios with varying degrees of deterioration, the throughput of FB-BBR is at least 18.3% higher than that of other algorithms, and its packet loss rate is only 0.049%. It can be concluded that the FB-BBR algorithm can meet the “safe and reliable” transmission requirements of massive aerospace payload data and provide an efficient technical solution for aerospace measurement and control systems.","2026","https://doi.org/10.3233/atde260916","pending","","to_assign","to_assign","doi:https://doi.org/10.3233/atde260916","","bbr;congestion control;fairness;quic","priority_review","candidate_include","BBR/BDP-Veno/OVeno term plus a review topic","pending","","not_started"
"openalex_Q1_0186","openalex_Q1","openalex","Q1","BBRvl vs BBRv2: Examining Performance Differences through Experimental Evaluation","BBR, a congestion control algorithm proposed by Google, regulates the source sending rate by deriving an estimate of the bottleneck’s available bandwidth and RTT of the path. The initial version of BBR, called BBRvl, was found to be unfair, getting higher than the fair share of bandwidth when co-existing on bottleneck links with other congestion control algorithms. It also does not perform as well with networks having routers with shallow buffers. To overcome these concerns, a newer version, called BBRv2, has been proposed. Our goal in this paper is to understand the differences between the two versions and examine the primary reasons behind the improvement in performance of BBRv2. We present an experimental evaluation of BBRvl and BBRv2, evaluating their fairness across connections using the same protocol (intra-protocol fairness) and using different protocols (inter-protocol fairness) as well as delay and link utilization. From experiments with shallow and deep buffers, BBRv2 is most effective when it uses Explicit Congestion Notification (ECN), but fairness issues continue to exist in BBRv2 when ECN is disabled. A concern for BBRv2 is that it is somewhat complex to deploy in Wide Area Networks (WAN) because of the dependency with the DCTCP-style reduction of the congestion window, which is primarily usable in low-feedback delay Data Center Networks.","2020","https://doi.org/10.1109/lanman49260.2020.9153268","pending","","to_assign","to_assign","doi:https://doi.org/10.1109/lanman49260.2020.9153268","","bbr;congestion control;tcp;fairness;rtt;buffer;ecn","priority_review","candidate_include","BBR/BDP-Veno/OVeno term plus a review topic","pending","","not_started"
"openalex_Q1_0185","openalex_Q1","openalex","Q1","Standardization and Research Trends of BBR Congestion Control Algorithm","현재 인터넷상에서 이용되는 웹 응용들의 90% 이상의 트래픽이 전송계층 프로토콜로 TCP를 사용하고 있다. 구글은 2016년 말 웹 응용들의 네트워크 속도 향상을 위한 새로운 혼잡제어 알고리즘으로 BBR (Bottleneck Bandwidth and Round-trip propagation time)을 제안하였다. BBR은 손실기반 혼잡제어 알고리즘과는 달리 병목링크의 버퍼를 가득 채우지 않으며 동작하기 때문에 패킷 손실을 줄이고 전송지연을 최소화할 수 있어 최근 많은 연구자들의 관심을 끌고 있다. 본 고에서는 BBR 알고리즘에 대한 동작 특성과 최신 표준화 동향을 살펴보고 연구개발 동향 및 이에 대한 현재의 연구 이슈를 고찰한다.","2019","https://doi.org/10.7840/kics.2019.44.9.1713","pending","","to_assign","to_assign","doi:https://doi.org/10.7840/kics.2019.44.9.1713","","bbr;congestion control;tcp","priority_review","candidate_include","BBR/BDP-Veno/OVeno term plus a review topic","pending","","not_started"
"openalex_Q1_0183","openalex_Q1","openalex","Q1","Making TCP BBR Pacing Adaptive With Domain Knowledge Assisted Reinforcement Learning","Congestion control algorithms (CCAs) are the fundamental building block of TCP protocol. As one of the newest CCAs, TCP BBR is designed to operate around Kleinrock's optimal point, i.e. maximum bandwidth and minimum delay, and is seeing increased adoption in today's Internet. However, BBR may send packets at a higher rate than the actual bandwidth due to bandwidth overestimation, especially under time-varying environments, resulting in large queueing delay. In this paper, we propose an adaptive BBR pacing algorithm, namely ABBR, for achieving high throughput and low delay simultaneously. ABBR uses deep reinforcement learning (DRL) techniques to train a highly performant agent through trial-and-error to infer the packet sending rate. The design of ABBR is deeply rooted in BBR domain knowledge in terms of data collection and decision-making. ABBR is implemented in Linux kernel and is backward compatible with vanilla BBR. Extensive experiments show that ABBR can reduce the delay by 40% with about 3% throughput loss on average compared with BBR. The best throughput-delay-overhead tradeoff is achieved in ABBR compared with the state-of-the-art CCAs.","2023","https://doi.org/10.1109/tnse.2023.3244864","pending","","to_assign","to_assign","doi:https://doi.org/10.1109/tnse.2023.3244864","","bbr;congestion control;tcp;queue;learning","priority_review","candidate_include","BBR/BDP-Veno/OVeno term plus a review topic","pending","","not_started"
"openalex_Q1_0182","openalex_Q1","openalex","Q1","The Effects of a Performance Enhancing Proxy on TCP Congestion Control over a Satellite Network","Satellite networks often use Performance Enhancing Proxies (PEPs) in order to overcome the inherent high latencies that are detrimental to TCP throughputs. Measurements of TCP performance over Satellite PEPs are lacking, both for actual PEP benefits and for interactions between PEPs and TCP congestion control algorithms. This paper presents results from experiments that assess the benefits of a PEP for a commercial satellite network, considering four TCP congestion control algorithms: Cubic, BBR, Hybla and PCC. Without the PEP, the four algorithms have similar steady state throughputs (about 70 Mb/s), but significant differences in start-up throughputs. In particular, the PEP dramatically improves (3x) start-up throughputs for TCP Cubic – the default congestion control algorithm used by most Internet servers. Overall, the PEP equalizes performance irrespective of the TCP congestion control algorithm chosen.","2022","https://doi.org/10.1109/ipccc55026.2022.9894351","pending","","to_assign","to_assign","doi:https://doi.org/10.1109/ipccc55026.2022.9894351","","bbr;congestion control;tcp;satellite","priority_review","candidate_include","BBR/BDP-Veno/OVeno term plus a review topic","pending","","not_started"
"openalex_Q1_0180","openalex_Q1","openalex","Q1","Elasticity Detection: A Building Block for Delay-Sensitive Congestion Control","This paper develops a technique to detect whether the cross traffic competing with a flow is elastic or not, and shows how to use the elasticity detector to improve congestion control. If the cross traffic is elastic, i.e., made up of buffer-filling flows like Cubic or Reno, then one should use a scheme that competes well with such traffic. Such a scheme will not be able to control delays because the cross traffic will not cooperate. If, however, cross traffic is inelastic, then one can use a suitable delay-sensitive congestion control algorithm, which can control delays, but which would have obtained dismal throughput when run concurrently with a buffer-filling algorithm. We use the elasticity detector to demonstrate a congestion control framework that always achieves high utilization, but which can also achieve low delays when cross traffic permits it. The technique uses an asymmetric sinusoidal pulse patternand estimates elasticity by computing the frequency response(FFT) of the cross traffic estimate; we have measured its accuracy to be over 90%. We have developed Nimbus, a protocol that explicitly switches between TCP-competitive and delay-sensitive modes using the elasticity detector. Our results on emulated and real-world paths show that Nimbus achieves throughput comparable to or better than Cubic always, but with delays that are much lower when cross traffic is inelastic. Unlike BBR, Nimbus is fair to Cubic, and has significantly lower delay in all cases; for example, on real-world paths, Nimbus has 11% lower throughput but at 40-50 ms lower packet delay.","2018","","pending","","to_assign","to_assign","title:elasticity detection a building block for delay sensitive congestion control","","bbr;congestion control;tcp;buffer","priority_review","candidate_include","BBR/BDP-Veno/OVeno term plus a review topic","pending","","not_started"
"openalex_Q1_0155","openalex_Q1","openalex","Q1","Comparative Analysis of Congestion Window Size and Throughput for BBR versus Elastic TCP","In the current trend of technology evolution, Transmission Control Protocol (TCP) has gained wide popularity. In order to provide efficient data transfer, we need to develop and evaluate an efficient TCP mechanism for long-distance networks. The importance of the TCP congestion control mechanism has increased significantly to assure the Internet's guaranteed quality of service (QoS) in the presence of wire and wireless networks. In our study, we have suc-cessfully implemented Elastic- TCP and Bottleneck Bandwidth and Round-trip propagation time (BBR) using NS-3. This innovative congestion control algorithm operates based on network delay, and it is independent of round-trip time (RTT). BBR is another recent TCP algorithm which is based on the maximum volume of network links that is determined by bandwidth-delay product (BDP). The primary goal of Elastic TCP is to enhance bandwidth utilization in high Bandwidth-Delay Product (BDP) networks. It outperforms TCP Vegas and Veno in terms of average throughput; however, it gives comparatively lower throughput than TCP BBR and CUBIC.","2023","https://doi.org/10.1109/cicn59264.2023.10402167","pending","","to_assign","to_assign","doi:https://doi.org/10.1109/cicn59264.2023.10402167","","bbr;congestion control;tcp;veno;rtt;wireless","priority_review","candidate_include","BBR/BDP-Veno/OVeno term plus a review topic","pending","","not_started"
"openalex_Q1_0001","openalex_Q1","openalex","Q1","Experimental evaluation of BBR congestion control","BBR is a recently proposed congestion control. Instead of using packet loss as congestion signal, like many currently used congestion controls, it uses an estimate of the available bottleneck link bandwidth to determine its sending rate. BBR tries to provide high link utilization while avoiding to create queues in bottleneck buffers. The original publication of BBR shows that it can deliver superior performance compared to Cubic TCP in some environments. This paper provides an independent and extensive experimental evaluation of BBR at higher speeds. The experimental setup uses BBR's Linux kernel 4.9 implementation and typical data rates of 10Gbit/s and 1 Gbit/s at the bottleneck link. The experiments vary the flows' round-trip times, the number of flows, and buffer sizes at the bottleneck. The evaluation considers throughput, queuing delay, packet loss, and fairness. On the one hand, the intended behavior of BBR could be observed with our experiments. On the other hand, some severe inherent issues such as increased queuing delays, unfairness, and massive packet loss were also detected. The paper provides an in-depth discussion of BBR's behavior in different experiment setups.","2017","https://doi.org/10.1109/icnp.2017.8117540","pending","","to_assign","to_assign","doi:https://doi.org/10.1109/icnp.2017.8117540","","bbr;congestion control;tcp;fairness;buffer;queue","priority_review","candidate_include","BBR/BDP-Veno/OVeno term plus a review topic","pending","","not_started"
"openalex_Q1_0153","openalex_Q1","openalex","Q1","A Modified TCP BBR to Enable High Fairness in High-Speed Wireless Networks","Wireless networks, especially 5G and WiFi networks, have made great strides in increasing network bandwidth and coverage over the past decades. However, the mobility and channel conditions inherent to wireless networks have the potential to impair the performance of traditional Transmission Control Protocol (TCP) congestion control algorithms (CCAs). Google proposed a novel TCP CCA based on Bottleneck Bandwidth and Round-Trip propagation time (BBR), which is capable of achieving high transmission rates and low latency through the estimation of the available bottleneck capacity. Nevertheless, some studies have revealed that BBR exhibits deficiencies in fairness among flows with disparate Round-Trip Times (RTTs) and also displays inter-protocol unfairness. In high-speed wireless networks, ensuring fairness is of paramount importance to guarantee equitable bandwidth allocation among diverse traffic types and to enhance overall network utilization. To address this issue, this paper proposes a BBR–Pacing Gain (BBR–PG) algorithm. By deriving the pacing rate control model, the impact of pacing gain on BBR fairness is revealed. Adjusting the pacing gain according to the RTT can improve BBR’s performance. Simulations and real network experiments have shown that the BBR–PG algorithm retains the throughput advantages of the original BBR algorithm while significantly enhancing fairness. In our simulation experiments, RTT fairness and intra-protocol fairness were improved by 50% and 46%, respectively.","2024","https://doi.org/10.3390/fi16110392","pending","","to_assign","to_assign","doi:https://doi.org/10.3390/fi16110392","","bbr;congestion control;tcp;fairness;rtt;wireless","priority_review","candidate_include","BBR/BDP-Veno/OVeno term plus a review topic","pending","","not_started"
"openalex_Q1_0026","openalex_Q1","openalex","Q1","A BBR-based congestion control for delay-sensitive real-time applications","","2020","https://doi.org/10.1007/s00607-020-00829-2","pending","","to_assign","to_assign","doi:https://doi.org/10.1007/s00607-020-00829-2","","bbr;congestion control","priority_review","candidate_include","BBR/BDP-Veno/OVeno term plus a review topic","pending","","not_started"
"openalex_Q1_0027","openalex_Q1","openalex","Q1","Adaptive-BBR: Fine-Grained Congestion Control with Improved Fairness and Low Latency","Traditional loss-based congestion control protocols interpret packet loss as network congestion. Recently, Google proposed BBR, which is a congestion-based congestion control protocol. It employs delivery rate as the knob for congestion control, which achieves higher throughput and lower latency. Interestingly, BBR is found to have a preference for longer round-trip time (RTT) flows, which enjoy higher bandwidth ratio compared to flows with shorter RTT. To address this fairness issue, we proposed Adaptive-BBR, which creatively uses adaptive pacing gain to adjust the sending rate. The objective is that, via the proposed fine-grained adaptive mechanism, flows with different RTTs share similar portion of bottleneck bandwidth. Simulation results show that Adaptive-BBR can improve fairness by at least 47.8 %, and reduce average queuing delay by up to 93.3%, compared with that of BBR.","2019","https://doi.org/10.1109/wcnc.2019.8885527","pending","","to_assign","to_assign","doi:https://doi.org/10.1109/wcnc.2019.8885527","","bbr;congestion control;fairness;rtt","priority_review","candidate_include","BBR/BDP-Veno/OVeno term plus a review topic","pending","","not_started"
"openalex_Q1_0028","openalex_Q1","openalex","Q1","Coupled Multipath BBR (C-MPBBR): A Efficient Congestion Control Algorithm for Multipath TCP","Multipath transmission control protocol (MPTCP) is a promising transport layer protocol that enables a device to utilize multiple communication interfaces simultaneously, thereby achieving high throughput. A congestion control algorithm (CCA) employed in MPTCP constitutes a key part that controls the data flow through different subflows (SFs). There are two fundamental challenges associated with MPTCP CCAs. First, MPTCP flows should have an advantage over single-path flows; second, MPTCP flows should be fair, indicating that SFs sharing a common bottleneck should occupy a capacity fairly close to that occupied by a single-path flow. Several MPTCP CCAs have been developed; however, they have failed to satisfy these challenges in all scenarios. Recently, Google has introduced the bottleneck bandwidth and round-trip-time (BBR), a new CCA for single-path TCP, achieving high throughput with minimum delay by employing a network model. In the present paper, we propose a novel MPTCP CCA based on BBR named coupled multipath BBR (C-MPBBR) that satisfies the fundamental challenges by exploiting the concept of network modeling in BBR. C-MPBBR addresses the first challenge by closing the low-bandwidth SFs by tracking the delivery rate and bottleneck bandwidth (BtlBW). Then, it satisfies the second challenge through identifying those SFs that share a common bottleneck and dividing the BtlBW share corresponding to a SF among them. We implemented C-MPBBR in the Linux kernel, tested it on a wide range of scenarios by the Mininet emulation experiments, and the real-world Internet, and confirmed that the proposed C-MPBBR outperforms the existing MPTCP CCAs in terms of successfully satisfying the fundamental challenges by ensuring both throughput and fairness.","2020","https://doi.org/10.1109/access.2020.3022720","pending","","to_assign","to_assign","doi:https://doi.org/10.1109/access.2020.3022720","","bbr;congestion control;tcp;fairness","priority_review","candidate_include","BBR/BDP-Veno/OVeno term plus a review topic","pending","","not_started"
"openalex_Q1_0029","openalex_Q1","openalex","Q1","Improved Convergence and Low Retransmission of BBR Congestion Control Algorithm Based on Adaptive Pacing Gain","Congestion control is an effective method to solve network congestion. Traditional loss-based congestion control algorithms consider loss as a sign of network congestion. In 2016, Google proposed the Bottleneck Bandwidth and Round-trip propagation time (BBR) congestion control algorithm. This is a congestion-based congestion control algorithm which can achieve low latency while maintaining high throughput. However, periodic probing bandwidth phase of BBR suffers from slow convergence and high retransmission in practice. The BBR-APG algorithm proposed in this paper can solve the above problems by adaptively adjusting the pacing gain according to the bottleneck buffer size and network congestion. Experimental results show that BBR-APG improves the convergence speed by 21% and reduces retransmission by up to 73% compared with BBR.","2022","https://doi.org/10.1109/hoticn57539.2022.10036208","pending","","to_assign","to_assign","doi:https://doi.org/10.1109/hoticn57539.2022.10036208","","bbr;congestion control;buffer","priority_review","candidate_include","BBR/BDP-Veno/OVeno term plus a review topic","pending","","not_started"
"openalex_Q1_0030","openalex_Q1","openalex","Q1","ModQUIC protocol performance verification with CUBIC and BBR congestion control mechanisms","","2021","https://doi.org/10.1504/ijipt.2021.117424","pending","","to_assign","to_assign","doi:https://doi.org/10.1504/ijipt.2021.117424","","bbr;congestion control;quic","priority_review","candidate_include","BBR/BDP-Veno/OVeno term plus a review topic","pending","","not_started"
"openalex_Q1_0102","openalex_Q1","openalex","Q1","Performance evaluation of CQIC and TCP BBR in mobile network","Original TCP design is not agile enough to fit the rapidly varying mobile network bandwidth. In this paper, we revisit the Channel Quality Indicator Control (CQIC) congestion control algorithm and adapt its implementation from 3G/QUIC semantic to LTE/TCP with detailed congestion reaction gestures. We then compare its performance with that of the brand new TCP congestion control BBR - yet already widely deployed. We also identify the reason for performance degradation of high data rate downloads in LTE Acknowledged Mode (AM, which is turned on by default). Furthermore, impacts of the commonly encountered DelAck (delayed acknowlegment) feature are analyzed for both congestion control algorithms e.g. BBR and CQIC.","2018","https://doi.org/10.1109/icin.2018.8401585","pending","","to_assign","to_assign","doi:https://doi.org/10.1109/icin.2018.8401585","","bbr;congestion control;tcp;quic","priority_review","candidate_include","BBR/BDP-Veno/OVeno term plus a review topic","pending","","not_started"
"openalex_Q1_0031","openalex_Q1","openalex","Q1","BBR-ES: An Extended-State Optimization for BBR Congestion Control","In recent years, many optimization proposals for TCP BBR have been introduced, but most rely mainly on delay variations and do not fully resolve BBR’s limitations in RTT fairness, link utilization, and delay control in networks. This paper proposes BBR with Extended State (BBR-ES), which extends BBR’s state machine with a short stabilization state and a trend-based transition mechanism that react to per-flow bandwidth and RTT evolution instead of global delay alone. BBR-ES uses lightweight bandwidth and RTT trend tracking to adjust its sending rate while preserving BBR’s model-based design. Experiments on both emulated (Mininet) and real-world Internet paths (Amazon EC2) show that BBR-ES consistently improves RTT fairness and link utilization over BBRv1, BBRv3, and CUBIC while keeping queuing delay moderate and bounded; in most settings, it achieves Jain’s fairness index above 0.9 and link utilization above 98%. These results indicate that BBR-ES is a practical candidate for deployment in large-scale content delivery and a useful design reference for future model-based congestion control schemes.","2026","https://doi.org/10.1109/tnsm.2026.3668966","pending","","to_assign","to_assign","doi:https://doi.org/10.1109/tnsm.2026.3668966","","bbr;congestion control;tcp;fairness;rtt","priority_review","candidate_include","BBR/BDP-Veno/OVeno term plus a review topic","pending","","not_started"
"openalex_Q1_0032","openalex_Q1","openalex","Q1","Modeling BBR's Interactions with Loss-Based Congestion Control","BBR is a new congestion control algorithm (CCA) deployed for Chromium QUIC and the Linux kernel. As the default CCA for YouTube (which commands 11+% of Internet traffic), BBR has rapidly become a major player in Internet congestion control. BBR's fairness or friendliness to other connections has recently come under scrutiny as measurements from multiple research groups have shown undesirable outcomes when BBR competes with traditional CCAs. One such outcome is a fixed, 40% proportion of link capacity consumed by a single BBR flow when competing with as many as 16 loss-based algorithms like Cubic or Reno. In this short paper, we provide the first model capturing BBR's behavior in competition with loss-based CCAs. Our model is coupled with practical experiments to validate its implications. The key lesson is this: under competition, BBR becomes window-limited by its 'in-flight cap' which then determines BBR's bandwidth consumption. By modeling the value of BBR's in-flight cap under varying network conditions, we can predict BBR's throughput when competing against Cubic flows with a median error of 5%, and against Reno with a median of 8%.","2019","https://doi.org/10.1145/3355369.3355604","pending","","to_assign","to_assign","doi:https://doi.org/10.1145/3355369.3355604","","bbr;congestion control;fairness;quic","priority_review","candidate_include","BBR/BDP-Veno/OVeno term plus a review topic","pending","","not_started"
"openalex_Q1_0033","openalex_Q1","openalex","Q1","BBR-ACD: BBR with Advanced Congestion Detection","With the aim of improved throughput with reduced delay, Google proposed the bottleneck bandwidth and round-trip time (BBR) congestion control algorithm in 2016. Contrasting with the traditional loss-based congestion control algorithms, it operates without bottleneck queue formation and packet losses. However, we find unexpected behaviour in BBR during testbed experiments and network simulator 3 (NS-3) simulations. We observe huge packet losses, retransmissions, and large queue formation in the bottleneck in a congested network scenario. We believe this is because of BBR’s nature of sending extra data during the bandwidth probing without considering the network conditions, and the lack of a proper recovery mechanism. In a congested network, the sent extra data creates a large queue in the bottleneck, which is sustained due to insufficient drain time. BBR lacks a proper mechanism to detect such large bottleneck queues, cannot comply with the critical congestion situation properly, and results in excessive retransmission problems. Based on these observations, we propose a derivative of BBR, called “BBR with advanced congestion detection (BBR-ACD)”, that reduces the excessive retransmissions without losing the merits. We propose a novel method to determine an actual congestion situation by considering the packet loss and delay-gradient of round-trip time, and implement a proper recovery mechanism to handle such a congestion situation. Through extensive test and NS-3 simulations, we confirmed that the proposed BBR-ACD could reduce the retransmissions by about 50% while improving the total goodput of the network.","2020","https://doi.org/10.3390/electronics9010136","pending","","to_assign","to_assign","doi:https://doi.org/10.3390/electronics9010136","","bbr;congestion control;queue","priority_review","candidate_include","BBR/BDP-Veno/OVeno term plus a review topic","pending","","not_started"
"openalex_Q1_0025","openalex_Q1","openalex","Q1","BBR-Based Congestion Control and Packet Scheduling for Bottleneck Fairness Considered Multipath TCP in Heterogeneous Wireless Networks","Aiming at improving the performance of Multipath TCP (MPTCP) in heterogeneous wireless network environments, in this paper, by taking the advantages Bottleneck Bandwidth and Round-trip propagation time (BBR) and considering bottleneck fairness, we propose BBR-based Congestion Control and Packet Scheduling scheme, called BCCPS. The proposed BCCPS first considers a BBR-based congestion control algorithm, MPTCP-BBR, for MPTCP by adaptively adjusting the sending rate of each subflow according to the real probing rate rather than the loss information to enhance the goodput while keeping bottleneck fairness with regular TCP. Then, considering that the different sending rates of the subflows in heterogeneous wireless networks will result in the problem of out-of-order (OFO) delivery, a fine-grained packet scheduling scheme is proposed to keep in-order delivery and so as to reduce the application layer completion time. The performance of the proposed scheme is evaluated via both NS-3 and real network scenarios. Experimental results show that our proposed scheme far outperforms existing MPTCP schemes in heterogeneous wireless environment.","2020","https://doi.org/10.1109/tvt.2020.3047877","pending","","to_assign","to_assign","doi:https://doi.org/10.1109/tvt.2020.3047877","","bbr;congestion control;tcp;fairness;wireless","priority_review","candidate_include","BBR/BDP-Veno/OVeno term plus a review topic","pending","","not_started"
"openalex_Q1_0034","openalex_Q1","openalex","Q1","Fluid-Based Modeling of TCP BBR Congestion Control Mechanism","TCP BBR (Bottleneck Bandwidth and Round-trip Propagation Time) has been proposed as an efficient congestion control mechanism that manages network congestion based on end-to-end measurements of bottleneck link bandwidth and round-trip time (RTT), rather than relying on the detection of packet loss events, as used by loss-based TCPs such as TCP CUBIC. Unlike loss-based congestion control mechanisms, TCP BBR estimates the available bandwidth of the bottleneck router and the network's round-trip propagation delay to adjust its congestion window, aiming to achieve the optimal operating point of the network. Numerous studies have examined the performance of TCP BBR through experiments and simulations, but analytical studies primarily focused on modeling its characteristics and behaviors during startup or steady-state phases, falling short in analyzing its dynamic behavior under changing network conditions. This paper presents a discrete-time fluid model to mathematically describe the dynamic interaction between TCP BBR flows and intermediate routers in an arbitrary network topology. The model captures the relationship among the time evolution of TCP BBR congestion window, bottleneck link bandwidth and RTT measurements, and packet queuing in routers, at the granularity of round-trip times. Through numerical examples, we demonstrate the effectiveness of our fluid model for TCP BBR and reveal optimal pacing gain settings analytically.","2024","https://doi.org/10.1109/compsac61105.2024.00113","pending","","to_assign","to_assign","doi:https://doi.org/10.1109/compsac61105.2024.00113","","bbr;congestion control;tcp;rtt","priority_review","candidate_include","BBR/BDP-Veno/OVeno term plus a review topic","pending","","not_started"
"openalex_Q1_0036","openalex_Q1","openalex","Q1","B3R: A New Approach to BBR Congestion Control for Shallow Buffers","The introduction of Bottleneck Bandwidth and Round-trip time (BBR), a state based Congestion Control Algorithm (CCA), has brought new insights into the way how modern network handles multitude of data across shared links for minimal delay and maximum bandwidth utilization. It claimed to be operating at Kleinrock’s optimal operating point without filling up buffers or having large packet losses. However, evaluation of BBR revealed that it displayed a high loss rate under certain operating conditions. The reason for high losses in BBR is the static increase of sending rate by a factor of 1.25 while probing for more bandwidth under small bottleneck buffer sizes, typically when buffer sizes are less than one times the product of Bandwidth and delay. High packet losses in short buffer sizes can lead to disruptive connections and poor application performance. To tackle this issue, we propose Bottleneck Bandwidth Buffer and Round-trip propagation time (B3R) which aims to actively estimate the bottleneck link buffer and then sets up a proper congestion control in short buffer scenarios to eliminate the high packet loss. The proposed model is evaluated on a testbed network, and the results showed that B3R reduced retransmissions by up to 80% as compared to BBR under short buffer scenarios.","2021","https://doi.org/10.1109/acts53447.2021.9708095","pending","","to_assign","to_assign","doi:https://doi.org/10.1109/acts53447.2021.9708095","","bbr;congestion control;buffer","priority_review","candidate_include","BBR/BDP-Veno/OVeno term plus a review topic","pending","","not_started"
"openalex_Q1_0037","openalex_Q1","openalex","Q1","When to use and when not to use BBR","This short paper presents a detailed empirical study of BBR's performance under different real-world and emulated testbeds across a range of network operating conditions. Our empirical results help to identify network conditions under which BBR outperforms, in terms of goodput, contemporary TCP congestion control algorithms. We find that BBR is well suited for networks with shallow buffers, despite its high retransmissions, whereas existing loss-based algorithms are better suited for deep buffers.","2019","https://doi.org/10.1145/3355369.3355579","pending","","to_assign","to_assign","doi:https://doi.org/10.1145/3355369.3355579","","bbr;congestion control;tcp;buffer","priority_review","candidate_include","BBR/BDP-Veno/OVeno term plus a review topic","pending","","not_started"
"openalex_Q1_0038","openalex_Q1","openalex","Q1","The Great Internet TCP Congestion Control Census","In 2016, Google proposed and deployed a new TCP variant called BBR. BBR represents a major departure from traditional congestion-window-based congestion control. Instead of using loss as a congestion signal, BBR uses estimates of the bandwidth and round-trip delays to regulate its sending rate. The last major study on the distribution of TCP variants on the Internet was done in 2011, so it is timely to conduct a new census given the recent developments around BBR. To this end, we designed and implemented Gordon, a tool that allows us to measure the exact congestion window (cwnd) corresponding to each successive RTT in the TCP connection response of a congestion control algorithm. To compare a measured flow to the known variants, we created a localized bottleneck where we can introduce a variety of network changes like loss events, bandwidth change, and increased delay, and normalize all measurements by RTT. An offline classifier is used to identify the TCP variant based on the cwnd trace over time. Our results suggest that CUBIC is currently the dominant TCP variant on the Internet, and it is deployed on about 36% of the websites in the Alexa Top 20,000 list. While BBR and its variant BBR G1.1 are currently in second place with a 22% share by website count, their present share of total Internet traffic volume is estimated to be larger than 40%. We also found that Akamai has deployed a unique loss-agnostic rate-based TCP variant on some 6% of the Alexa Top 20,000 websites and there are likely other undocumented variants. The traditional assumption that TCP variants ""in the wild"" will come from a small known set is not likely to be true anymore. We predict that some variant of BBR seems poised to replace CUBIC as the next dominant TCP variant on the Internet.","2019","https://doi.org/10.1145/3366693","pending","","to_assign","to_assign","doi:https://doi.org/10.1145/3366693","","bbr;congestion control;tcp;rtt","priority_review","candidate_include","BBR/BDP-Veno/OVeno term plus a review topic","pending","","not_started"
"openalex_Q1_0039","openalex_Q1","openalex","Q1","Performance Study of Improved BBR Congestion Control Algorithm using QUIC in Wireless LAN","Congestion control enables network nodes to adopt certain approaches to avoid network congestion as much as possible, and respond when network congestion occurs. BBR is a transmission rate-based congestion control algorithm proposed by Google for Chromium QUIC and Linux kernel deployment. The new transmission protocol QUIC proposed by Google has a better congestion control mechanism than TCP. Based on the existing BBR congestion control algorithm, this paper proposes the IBCCA congestion control algorithm and evaluates the performance of the IBCCA, CUBIC, and BBR algorithms under the QUIC protocol in wireless LAN. When the network traffic burst flow is small or the burst duration is short, IBCCA achieves higher network goodput and lower transmission round-trip time. In the experiment of multi-stream transmission, the IBCCA algorithm achieves higher fairness while the good-put and RTT are at the same level. The BBR algorithm achieves a smaller RTT, and the goodput of the IBCCA algorithm is not much different from the CUBIC algorithm.","2021","https://doi.org/10.1109/iucc-cit-dsci-smartcns55181.2021.00085","pending","","to_assign","to_assign","doi:https://doi.org/10.1109/iucc-cit-dsci-smartcns55181.2021.00085","","bbr;congestion control;tcp;fairness;rtt;wireless;quic","priority_review","candidate_include","BBR/BDP-Veno/OVeno term plus a review topic","pending","","not_started"
"openalex_Q1_0040","openalex_Q1","openalex","Q1","BBR-with enhanced bandwidth estimation (BBR-EBE+): an improved BBR congestion control algorithm based on TCP acknowledgment compression and aggregation","","2025","https://doi.org/10.1007/s11235-025-01269-z","pending","","to_assign","to_assign","doi:https://doi.org/10.1007/s11235-025-01269-z","","bbr;congestion control;tcp","priority_review","candidate_include","BBR/BDP-Veno/OVeno term plus a review topic","pending","","not_started"
"openalex_Q1_0041","openalex_Q1","openalex","Q1","Design and implementation of high-performance and low-latency cloud protocol gateway based on BBR congestion control algorithm","In line with the development trend of deep integration of energy transformation and information technology, the power network will enter the digital era of the Internet of Everything. With the large increase in power IoT equipment, new business needs such as real-time collection, low latency, and remote operation and maintenance have emerged, and the mainstream protocols of the Industrial Internet of Things cannot fully adapt to the proprietary protocols of various power specialties, and it is difficult to meet the access requirements of the Power Internet of Things. Google's Bottleneck Bandwidth and Round-trip propagation time (BBR) has attracted widespread attention and research because of its high bandwidth utilization and low latency. Based on the BBR congestion control algorithm, this paper proposes a high-performance multi-protocol access technology to realize the cloud protocol gateway that supports million-level long-term connection access, hot-loading plugin mechanism, and multi-protocol communication plugin. As a pre-communication component of the IoT management platform, it is tailored for terminals in the power industry, providing MQTT, CoAP, HTTP, DL/T698.45 and other industry protocol resolution services, and can support intelligent terminals such as intelligent terminals, energy controllers, and energy routers to easily migrate to the cloud.","2023","https://doi.org/10.1117/12.3011554","pending","","to_assign","to_assign","doi:https://doi.org/10.1117/12.3011554","","bbr;congestion control","priority_review","candidate_include","BBR/BDP-Veno/OVeno term plus a review topic","pending","","not_started"
"openalex_Q1_0101","openalex_Q1","openalex","Q1","TCP BBR-n: Increased throughput for wireless-AC networks","Google proposed a new TCP congestion control algorithm (CCA), Bottleneck Bandwidth and Round-trip propagation time (BBR) which has opened up new dimensions in congestion control. BBR tries to operate near Kleinrock's operating point to avoid excessive queue formation at the bottleneck and to use the link bandwidth optimally. BBR creates a model of the network path by measuring the bottleneck bandwidth and minimum round-trip time (RTT) to maximize the delivery rate and minimize latency. BBR v2 is an updated version of BBR which addresses many shortcomings of the original BBR (BBR v1) such as interprotocol fairness, RTT fairness, and excessive retransmissions. However, BBR v2 has certain limitations in its operation in IEEE 802.11ac (Wi-Fi 5) networks. The default BBR v2 limits the throughput of Wi-Fi 5 and an increased latency has been observed. This is because the Wi-Fi 5 frame aggregation logic is underutilized and fewer frames are being sent to the Wi-Fi 5 interface. In this paper, we have proposed BBR-n (BBR new) which provides better throughput than the generic BBR v2 in the Wi-Fi 5 networks. Real-time experiments were performed over a physical testbed using Flent to confirm that BBR-n achieves over double throughput as compared to generic BBR v2 and reduced latency in networks as compared to pure loss-based variants such as Cubic and Reno.","2023","https://doi.org/10.1371/journal.pone.0295576","pending","","to_assign","to_assign","doi:https://doi.org/10.1371/journal.pone.0295576","","bbr;congestion control;tcp;fairness;rtt;queue;wireless","priority_review","candidate_include","BBR/BDP-Veno/OVeno term plus a review topic","pending","","not_started"
"openalex_Q1_0042","openalex_Q1","openalex","Q1","Performance Evaluation of QUIC with BBR in Satellite Internet","Quick UDP Internet connection(QUIC) protocol and bottleneck bandwidth and round-trip propagation time (BBR) based congestion control algorithm are two major contributions out of Google's persistent attempts to make the Internet faster. QUIC is an user level reliable protocol running on top of UDP to enable evolution of transport mechanisms, while BBR is designed for better TCP congestion control. Although in two different directions, they also converge with BBR support in QUIC. Many researches have proved the performance of QUIC and BBR in different network scenarios, but the evaluation in satellite Internet with long propagation delays and relatively high error rates is still missing.In this paper, we have a preliminary evaluation of the performance of QUIC with BBR via GEO satellite Internet access on dedicated network emulation testbeds. The results and our analysis confirms that for satellite Internet QUIC with the new BBR congestion control has improvements compared with the classic CUBIC.","2018","https://doi.org/10.1109/wisee.2018.8637347","pending","","to_assign","to_assign","doi:https://doi.org/10.1109/wisee.2018.8637347","","bbr;congestion control;tcp;satellite;quic","priority_review","candidate_include","BBR/BDP-Veno/OVeno term plus a review topic","pending","","not_started"
"openalex_Q1_0043","openalex_Q1","openalex","Q1","aBBRate: automating BBR congestion control attack exploration using a model-based approach.","","2019","","pending","","to_assign","to_assign","title:abbrate automating bbr congestion control attack exploration using a model based approach","","bbr;congestion control","priority_review","candidate_include","BBR/BDP-Veno/OVeno term plus a review topic","pending","","not_started"
"openalex_Q1_0035","openalex_Q1","openalex","Q1","Space Environment Data Transfer System Based on BBR Congestion Control Algorithm","Space environment data transfer system needs to transfer massive space environment data from the ground monitoring station to the data center through Wide-Area Network (WAN). High loss rate and large delay of WAN influence the normal operation of the space environment data transfer system. In this paper, TCP congestion control mechanism is studied and the BBR congestion control algorithm is used to solve the problems of space environment data transmission. Aiming at the requirements of space environment data transmission, a workflow model of space environment data transfer is designed using Petri-net, and a space environment data transfer system based on BBR congestion control algorithm is established. Finally, it is proved by the experiments that the system is applicable to space environment data transfer on WAN.","2019","https://doi.org/10.11728/cjss2019.01.111","pending","","to_assign","to_assign","doi:https://doi.org/10.11728/cjss2019.01.111","","bbr;congestion control;tcp","priority_review","candidate_include","BBR/BDP-Veno/OVeno term plus a review topic","pending","","not_started"
"openalex_Q1_0044","openalex_Q1","openalex","Q1","BBR-Inspired Congestion Control for Data Fetching over NDN","In this paper we explore congestion control solutions in a network running the Named Data Networking (NDN) protocol. Since requested data can be retrieved from either original producers or in-network caches, the end-to-end connection oriented TCP congestion control solutions, such as BBR (Bottleneck Bandwidth and Round-trip propagation time) do not work well for NDN transport, especially in wireless networks. We propose a BBR-guided congestion control, BBR-CD, for bulk data fetching by a group of users. BBR-CD applies RTT filtering and interest scheduling to improve BBR's efficiency in NDN. Our evaluation shows that BBR-CD achieves much higher application goodput compared with ndncatchunks which implements the TCP AIMD and CUBIC congestion control algorithms. Moreover, compared with one-flow-per-file SIRC, an NDN congestion control algorithm that paces interests based on inter-data-gap, BBR-CD provides better fairness and bandwidth utilization. Finally, BBR-CD outperforms a direct adoption of the original BBR to NDN, suggesting that our changes to BBR are effective.","2021","https://doi.org/10.1109/milcom52596.2021.9652898","pending","","to_assign","to_assign","doi:https://doi.org/10.1109/milcom52596.2021.9652898","","bbr;congestion control;tcp;fairness;rtt;wireless","priority_review","candidate_include","BBR/BDP-Veno/OVeno term plus a review topic","pending","","not_started"
"openalex_Q1_0024","openalex_Q1","openalex","Q1","Optimizing Data Transport Efficiency in Datacenters through Traffic Shaping of BBR Congestion Control","Compared to commonly used loss-based congestion control algorithms predominantly used in Transmission Control Protocol (TCP) implementations, congestion-based congestion control called BBR has shown much better performance in resource-abundant modern communication links. However, for a high influx of TCP sessions on the bottleneck switch, clusters in High-Performance Compute (HPC) nodes and data centers face resource constraints because of the immense workload during orchestration and relocation of workflows across the resource pool. This article discusses how to resolve this problem, commonly known as TCP incast, through efficient queue management of the bottleneck link and adding a shaper function in the standard BBR algorithm. We analyzed TCP incast issue for two efficient versions of congestion control i.e., BBR and CUBIC (named after the cubic function used instead of linear function), in a highly overloaded convergent switch of the cluster. It is noticeable that the queuing delay and buffer build-up are two essential parameters in causing TCP Incast. Hence, we used the M/G/1/B queuing model when multiple TCP sessions generate the network traffic and different buffer build-up scenarios are analyzed in the bottleneck node of HPC clusters. Based on the findings of our queuing analysis, we propose an incast recovery BBR algorithm that introduces additional controls like Incast shaping to deal with queue build-up during TCP incast. The effects of these modifications in BBR implementation are studied in terms of performance parameters like flow completion time, throughput, RTT variations, and fairness to other competing flows are significant compared with standard BBR and CUBIC implementations.","2023","https://doi.org/10.12720/jcm.18.2.97-108","pending","","to_assign","to_assign","doi:https://doi.org/10.12720/jcm.18.2.97-108","","bbr;congestion control;tcp;fairness;rtt;buffer;queue","priority_review","candidate_include","BBR/BDP-Veno/OVeno term plus a review topic","pending","","not_started"
"openalex_Q1_0022","openalex_Q1","openalex","Q1","TCP Fairness Among Modern TCP Congestion Control Algorithms Including TCP BBR","For improving communication performance, many fast TCP algorithms, e.g. CUBIC TCP and Compound TCP, have been proposed. These proposals have raised another issue that is performance fairness among TCP congestion control algorithms. Several papers were published for discussing the fairness and some of them revealed their unfairness. In addition, some fairness improving methods based on packet dropping, for example applying CoDel, have been proposed. However, these existing works were based on the existing TCP algorithms, which were loss-based, delay-based, or hybrid type TCP congestion control algorithm. In 2016, another TCP congestion control algorithm, called TCP BBR, was proposed. The algorithm is based on the congestion model by Kleinrock and not loss-based or delay-based. In this paper, we investigate the performance fairness between CUBIC TCP and TCP BBR. We present performance evaluation in conditions wherein connections of TCP BBR and CUBIC TCP are concurrently established. We then demonstrate that the performance fairness between TCP BBR and CUBIC TCP is very low, especially with high latency. In the case of 64 ms RTT, TCP BBR obtained about 45 times of performance of CUBIC TCP. We applied CoDel for improving TCP fairness and evaluated the fairness. Our evaluation showed that it did not work well in case of TCP BBR consumes much bandwidth. On the other hand, it is effective in case of TCP BBR cannot obtain enough throughput.","2018","https://doi.org/10.1109/cloudnet.2018.8549505","pending","","to_assign","to_assign","doi:https://doi.org/10.1109/cloudnet.2018.8549505","","bbr;congestion control;tcp;fairness;rtt","priority_review","candidate_include","BBR/BDP-Veno/OVeno term plus a review topic","pending","","not_started"
"openalex_Q1_0003","openalex_Q1","openalex","Q1","Towards a Deeper Understanding of TCP BBR Congestion Control","In 2016, Google published the bottleneck bandwidth and round-trip time (BBR) congestion control algorithm. Unlike established loss- or delay-based algorithms like CUBIC or Vegas, BBR claims to operate without creating packet loss or filling buffers. Because of these prospects and promising initial performance results, BBR has gained wide-spread attention. As such it has been subject to behavior and performance analysis, which confirmed the results, but also revealed critical flaws.Because BBR is still work in progress, measurement results have limited validity for the future. In this paper we present our publicly available framework for reproducible TCP measurements based on network emulation. In a case study, we analyze the TCP BBR algorithm, reproduce and confirm weaknesses of the current BBR implementation, and provide further insights. We also contribute an analysis of BBR's inter-flow synchronization behavior, showing that it reaches fairness equilibrium for long lived flows.","2018","https://doi.org/10.23919/ifipnetworking.2018.8696830","pending","","to_assign","to_assign","doi:https://doi.org/10.23919/ifipnetworking.2018.8696830","","bbr;congestion control;tcp;fairness;buffer","priority_review","candidate_include","BBR/BDP-Veno/OVeno term plus a review topic","pending","","not_started"
"openalex_Q1_0004","openalex_Q1","openalex","Q1","BBR Congestion Control","This document specifies the BBR congestion control algorithm. BBR uses
recent measurements of a transport connection's delivery rate and
round-trip time to build an explicit model that includes both the
maximum recent bandwidth available to that connection, and its minimum
recent round-trip delay. BBR then uses this model to control both how
fast it sends data and the maximum amount of data it allows in flight
in the network at any time. Relative to loss-based congestion control
algorithms such as Reno [RFC5681] or CUBIC [draft-ietf-tcpm-cubic],
BBR offers substantially higher throughput for bottlenecks with
shallow buffers or random losses, and substantially lower queueing
delays for bottlenecks with deep buffers (avoiding bufferbloat).
This algorithm can be implemented in any transport protocol that
supports packet-delivery acknowledgment (thus far, open source
implementations are available for TCP [RFC793] and QUIC [draft-ietf-
quic-transport-00]).","2017","","pending","","to_assign","to_assign","title:bbr congestion control","","bbr;congestion control;tcp;buffer;queue;quic","priority_review","candidate_include","BBR/BDP-Veno/OVeno term plus a review topic","pending","","not_started"
"openalex_Q1_0005","openalex_Q1","openalex","Q1","Reproducible measurements of TCP BBR congestion control","","2019","https://doi.org/10.1016/j.comcom.2019.05.011","pending","","to_assign","to_assign","doi:https://doi.org/10.1016/j.comcom.2019.05.011","","bbr;congestion control;tcp","priority_review","candidate_include","BBR/BDP-Veno/OVeno term plus a review topic","pending","","not_started"
"openalex_Q1_0006","openalex_Q1","openalex","Q1","Delay-Aware BBR Congestion Control Algorithm for RTT Fairness Improvement","In late 2016, Google proposed the Bottleneck Bandwidth and Round-trip propagation time (BBR) congestion control algorithm to achieve high bandwidth and low latency for Internet traffic. Unlike loss-based congestion control algorithms, BBR works without filling the bottleneck buffer. Consequently, BBR can reduce packet loss and minimize end-to-end packet delay, which has attracted the attention of many researchers in recent years. However, some studies have reported the creation of persistent queues that cause unintended problems, resulting in a serious fairness issue between TCP BBR flows with different round-trip times (RTTs). Although existing congestion control algorithms also exhibit fairness issue between different RTT flows, BBR has a more serious problem in that the imbalance is considerable even with small RTT difference between the two flows, and the long RTT flow uses most of the bandwidth. The preponderance of long RTT flows is a serious problem because a particular user may cause imbalance by maliciously increasing the delay. Therefore, we propose a Delay-Aware BBR (DA-BBR) congestion control algorithm to mitigate the RTT fairness issue between BBR flows. In a network emulation experiment using the Mininet, the DA-BBR increased the fairness index by 1.6 times that of the original BBR, and the retransmission was greatly reduced. DA-BBR flow with short RTT demonstrated fair throughput even in competition with DA-BBR flows where RTT is five times higher.","2019","https://doi.org/10.1109/access.2019.2962213","pending","","to_assign","to_assign","doi:https://doi.org/10.1109/access.2019.2962213","","bbr;congestion control;tcp;fairness;rtt;buffer;queue","priority_review","candidate_include","BBR/BDP-Veno/OVeno term plus a review topic","pending","","not_started"
"openalex_Q1_0103","openalex_Q1","openalex","Q1","Measurements Comparing TCP Cubic and TCP BBR over a Satellite Network","Satellite connections are critical for continuous network connectivity when disasters strike and for remote hosts that cannot use traditional network connections. While satellite Internet bitrates have increased, satellite latencies can still degrade TCP performance. Assessment of TCP over satellite networks is lacking, typically done only by simulation or emulation only, if at all. This paper presents experiments over a commercial satellite network comparing two popular TCP congestion control algorithms: Cubic (the default for most Internet servers) and BBR (recently deployed by Google servers). Analysis of the results shows similar steady-state bitrates for both BBR and Cubic, but with BBR having significantly higher bitrates (and, subsequently, higher round-trip times) than Cubic during start-up.","2021","https://doi.org/10.1109/ccnc49032.2021.9369602","pending","","to_assign","to_assign","doi:https://doi.org/10.1109/ccnc49032.2021.9369602","","bbr;congestion control;tcp;satellite","priority_review","candidate_include","BBR/BDP-Veno/OVeno term plus a review topic","pending","","not_started"
"openalex_Q1_0007","openalex_Q1","openalex","Q1","Modest BBR: Enabling Better Fairness for BBR Congestion Control","As a vital component of TCP, congestion control defines TCP's performance characteristics. Hence, it is important for congestion control to provide high link utilization and low queuing delay. Recent BBR tries to estimate available bottleneck capacity to achieve this goal. However, its aggressiveness characteristics generate a massive amount of packet retransmission which harms loss-based congestion control protocol such as Cubic. In this paper, we first dive into this issue and reveal that the aggressiveness of BBR can degrade the performance of Cubic, as well as the overall Internet transmission. Then we present Modest BBR, a simple yet effective solution based on BBR, by responding to retransmission less aggressively. Through extensive testbed experiments and Mininet simulation, we show Modest BBR can preserve high throughput and short convergence time while improve the overall performance when coexisting with Cubic. For example, Modest BBR gets similar throughput compared to BBR, while it improves 7.1% of the overall throughput and achieves better fairness to loss-based schemes.","2018","https://doi.org/10.1109/iscc.2018.8538521","pending","","to_assign","to_assign","doi:https://doi.org/10.1109/iscc.2018.8538521","","bbr;congestion control;tcp;fairness","priority_review","candidate_include","BBR/BDP-Veno/OVeno term plus a review topic","pending","","not_started"
"openalex_Q1_0008","openalex_Q1","openalex","Q1","Improved RTT Fairness of BBR Congestion Control Algorithm Based on Adaptive Congestion Window","To alleviate the lower performance of Transmission Control Protocol (TCP) congestion control over complex network, especially the high latency and packet loss scenario, Google proposed the Bottleneck Bandwidth and Round-trip propagation time (BBR) congestion control algorithm. In contrast with other TCP congestion control algorithms, BBR adjusted transfer data by maximizing delivery rate and minimizing delay. However, some evaluation experiments have shown that the persistent queues formation and retransmissions in the bottleneck can lead to serious fairness issues between BBR flows with different round-trip times (RTTs). They pointed out that small RTT differences cause unfairness in the throughput of BBR flows and flows with longer RTT can obtain higher bandwidth when competing with the shorter RTT flows. In order to solve this fairness problem, an adaptive congestion window of BBR is proposed, which adjusts the congestion window gain of each BBR flow in network load. The proposed algorithms alleviate the RTT fairness issue by controlling the upper limit of congestion window according to the delivery rate and queue status. In the Network Simulator 3 (NS3) simulation experiment, it shows that the adaptive congestion window of BBR (BBR-ACW) congestion control algorithm improves the fairness by more than 50% and reduces the queuing delay by 54%, compared with that of the original BBR in different buffer sizes.","2021","https://doi.org/10.3390/electronics10050615","pending","","to_assign","to_assign","doi:https://doi.org/10.3390/electronics10050615","","bbr;congestion control;tcp;fairness;rtt;buffer;queue","priority_review","candidate_include","BBR/BDP-Veno/OVeno term plus a review topic","pending","","not_started"
"openalex_Q1_0009","openalex_Q1","openalex","Q1","Performance Analysis of BBR Congestion Control Protocol Based on NS3","With the increasing complexity of the network communication environment. Research on TCP congestion control algorithm is one of the effective ways to alleviate network congestion. Google published the bottleneck bandwidth and round-trip time (BBR) congestion control algorithm in 2016. Unlike many currently loss-based congestion control algorithms (like BIC), BBR uses an estimate of the available bottleneck link bandwidth and RTT to govern its pacing rate. BBR has a good performance on Google's internal network and gains widespread attention. In this paper, we use NS3 to establish different network communication models. By analyzing the simulation data, we find that BBR outperforms BIC on high-latency, high-bandwidth network; BBR could periodically reduce the pacing rate to alleviate the bufferfloat problem; and there is a fairness problem between BBR and other versions of TCP protocols. In addition, we confirm that BBR flows have RTT fairness problem: a BBR flow with longer RTT dominates a competing flow with shorter RTT. Finally, we analyze the adaptability between BBR and AQM algorithms.","2019","https://doi.org/10.1109/cbd.2019.00071","pending","","to_assign","to_assign","doi:https://doi.org/10.1109/cbd.2019.00071","","bbr;congestion control;tcp;fairness;rtt;buffer","priority_review","candidate_include","BBR/BDP-Veno/OVeno term plus a review topic","pending","","not_started"
"openalex_Q1_0010","openalex_Q1","openalex","Q1","BBR-With Enhanced Fairness (BBR-EFRA): A new enhanced RTT fairness for BBR congestion control algorithm","","2022","https://doi.org/10.1016/j.comcom.2022.12.015","pending","","to_assign","to_assign","doi:https://doi.org/10.1016/j.comcom.2022.12.015","","bbr;congestion control;fairness;rtt","priority_review","candidate_include","BBR/BDP-Veno/OVeno term plus a review topic","pending","","not_started"
"openalex_Q1_0023","openalex_Q1","openalex","Q1","BBR Congestion Control Analysis with Multipath TCP (MPTCP) and Asymmetrical Latency Subflow","Multipath TCP (MPTCP) and Bottleneck Band-width and Roundtrip propagation time (BBR) are two promising technological advances developed to improve network performance. MPTCP extends TCP and allows multiple interfaces on a device to be used simultaneously. In addition, MPTCP can improve satellite base stations that face the challenge of smoothly transitioning connections as satellites orbit in the sky. BBR is a congestion control algorithm (CCA) developed by Google to improve network performance and currently being used in the large-scale services such as YouTube. In this paper we test and evaluate BBR's throughput performance when combined with MPTCP. We focus on observing the performance using connection paths with large latency differences. Results show BBR to outperform several other CCAs and suggests BBR is a good candidate to use in satellite networks. We also show having a large receiver TCP buffer is not an optimal setting when using BBR with MPTCP.","2022","https://doi.org/10.1109/ccwc54503.2022.9720867","pending","","to_assign","to_assign","doi:https://doi.org/10.1109/ccwc54503.2022.9720867","","bbr;congestion control;tcp;buffer;satellite","priority_review","candidate_include","BBR/BDP-Veno/OVeno term plus a review topic","pending","","not_started"
"openalex_Q1_0011","openalex_Q1","openalex","Q1","Fairness Improvement of BBR Congestion Control Algorithm for Different RTT Flows","BBR is a new congestion-based congestion control algorithm for improving performance of traditional TCP by proposed Google recently. Unlike other loss-based congestion control algorithms used so far, BBR determines the sending rate by measuring bottleneck bandwidth and round-trip propagation time. It was designed to operate without creating persistent queues in the bottleneck. However, it has been studied that in many situations, a persistent queue is formed which causes unintended problems. Most significant problem is the fairness among flows with different round-trip times (RTTs). Contrary to the typical behaviors in a traditional TCP, short RTT flow is always overwhelmed by the long RTT flow in BBR. Surprisingly, the short RTT flow's share is affected even with a minor RTT difference between flows. This paper proposes a bottleneck queue buildup suppression method to enhance the fairness between different RTT flows. We showed our proposed method could enhance significantly fairness, compared with the original BBR.","2019","https://doi.org/10.23919/elinfocom.2019.8706412","pending","","to_assign","to_assign","doi:https://doi.org/10.23919/elinfocom.2019.8706412","","bbr;congestion control;tcp;fairness;rtt;queue","priority_review","candidate_include","BBR/BDP-Veno/OVeno term plus a review topic","pending","","not_started"
"openalex_Q1_0013","openalex_Q1","openalex","Q1","BBR","Measuring bottleneck bandwidth and round-trip propagation time.","2017","https://doi.org/10.1145/3009824","pending","","to_assign","to_assign","doi:https://doi.org/10.1145/3009824","","bbr","low_priority_review","candidate_include","BBR/BDP-Veno/OVeno term plus a review topic","pending","","not_started"
"openalex_Q1_0014","openalex_Q1","openalex","Q1","Rethinking the rate estimation of BBR congestion control","The acknowledgment (ACK) compression makes the available bandwidth estimation in bottleneck bandwidth and round‐trip propagation time (BBR) inaccurate which results in the high queuing delay under low packet loss rate environments. The additional queuing delay affects the user experience of interactive applications like Skype. To solve the above‐mentioned issue, this Letter presents a novel method, named calibrating bandwidth estimation (CBE), to calibrate the bandwidth estimation. The CBE can detect the implausible ACK rates accurately and the extensive simulation prove the effectiveness of CBE.","2020","https://doi.org/10.1049/el.2018.6440","pending","","to_assign","to_assign","doi:https://doi.org/10.1049/el.2018.6440","","bbr;congestion control","priority_review","candidate_include","BBR/BDP-Veno/OVeno term plus a review topic","pending","","not_started"
"openalex_Q1_0015","openalex_Q1","openalex","Q1","A QoS‐Based Fairness‐Aware BBR Congestion Control Algorithm Using QUIC","Congestion control is a fundamental technology to balance the traffic load and the network. The Internet Engineering Task Force (IETF) Quick UDP Internet Connection (QUIC) protocol has flexible congestion control and at the same time possesses the advantages of high efficiency, low latency, and easy deployment at the application layer. Bottleneck bandwidth and round‐trip propagation time (BBR) is an optional congestion control algorithm adopted by QUIC. BBR can significantly increase throughput and reduce latency, in particular over long‐haul paths. However, BBR results in high packet loss in low bandwidth and low fairness in multi‐stream scenarios. In this article, we propose the enhanced BBR congestion control (eBCC) algorithm, which improves the BBR algorithm in two aspects: (1) 10.87% higher throughput and 74.58% lower packet loss rate in the low‐bandwidth scenario and (2) 8.39% higher fairness in the multi‐stream scenario. This improvement makes eBCC very suitable for IoT communications to provide better QoS services.","2022","https://doi.org/10.1155/2022/7222030","pending","","to_assign","to_assign","doi:https://doi.org/10.1155/2022/7222030","","bbr;congestion control;fairness;quic","priority_review","candidate_include","BBR/BDP-Veno/OVeno term plus a review topic","pending","","not_started"
"openalex_Q1_0016","openalex_Q1","openalex","Q1","Improvement of RTT Fairness Problem in BBR Congestion Control Algorithm by Gamma Correction","Google proposed the bottleneck bandwidth and round-trip propagation time (BBR), which is a new congestion control algorithm. BBR creates a network path model by measuring the available bottleneck bandwidth and the minimum round-trip time (RTT) to maximize delivery rate and minimize latency. However, some studies have shown that there are serious RTT fairness problems in the BBR algorithm. The flow with longer RTT will consume more bandwidth and the flows with shorter RTT will be severely squeezed or even starved to death. Moreover, these studies pointed out that even small RTT differences will lead to the throughput of BBR flows being unfair. In order to solve the problem of RTT fairness, an improved algorithm BBR-gamma correction (BBR-GC) is proposed. BBR-GC algorithm takes RTT as feedback information, and then uses the gamma correction function to fit the adaptive pacing gain. This approach can make different RTT flows compete for bandwidth more fairly, thus alleviating the RTT fairness issue. The simulation results of Network Simulator 3 (NS3) show that that BBR-GC algorithm cannot only ensure the channel utilization, but also alleviate the RTT fairness problem of BBR flow in different periods. Through the BBR-GC algorithm, RTT fairness is improved by 50% and the retransmission rate is reduced by more than 26%, compared with that of the original BBR in different buffer sizes.","2021","https://doi.org/10.3390/s21124128","pending","","to_assign","to_assign","doi:https://doi.org/10.3390/s21124128","","bbr;congestion control;fairness;rtt;buffer","priority_review","candidate_include","BBR/BDP-Veno/OVeno term plus a review topic","pending","","not_started"
"openalex_Q1_0017","openalex_Q1","openalex","Q1","Improvement of inter-protocol fairness for BBR congestion control using machine learning","In 2016, Google proposed the bottleneck bandwidth round-trip propagation time (BBR) as a new congestion control algorithm for improving network speed. As BBR has different behavioral characteristics from loss-based congestion control, it must ensure the coexistence between congestion control algorithms. However, throughput imbalance has been reported in a competition between BBR and loss-based congestion control. In this paper, we propose an opponent congestion control identification model of BBR (OI-BBR) with machine learning to improving inter-protocol fairness. In the emulation experiments, we confirmed that OI-BBR based on the proposed model improved the inter-protocol fairness by operating differently according to the opponent congestion control algorithms.","2020","https://doi.org/10.1109/icaiic48513.2020.9065259","pending","","to_assign","to_assign","doi:https://doi.org/10.1109/icaiic48513.2020.9065259","","bbr;congestion control;fairness;learning","priority_review","candidate_include","BBR/BDP-Veno/OVeno term plus a review topic","pending","","not_started"
"openalex_Q1_0018","openalex_Q1","openalex","Q1","Optimization of BBR Congestion Control Algorithm Based on Pacing Gain Model","In 2016, Google proposed a congestion control algorithm based on bottleneck bandwidth and round-trip propagation time (BBR). The BBR congestion control algorithm measures the network bottleneck bandwidth and minimum delay in real-time to calculate the bandwidth delay product (BDP) and then adjusts the transmission rate to maximize throughput and minimize latency. However, relevant research reveals that BBR still has issues such as RTT unfairness, high packet loss rate, and deep buffer performance degradation. This article focuses on its most prominent RTT fairness issue as a starting point for optimization research. Using fluid models to describe the data transmission process in BBR congestion control, a fairness optimization strategy based on pacing gain is proposed. Triangular functions, inverse proportional functions, and gamma correction functions are analyzed and selected to construct the pacing gain model, forming three different adjustment functions for adaptive adjustment of the transmission rate. Simulation and real experiments show that the three optimization algorithms significantly improve the fairness and network transmission performance of the original BBR algorithm. In particular, the optimization algorithm that employs the gamma correction function as the gain model exhibits the best stability.","2023","https://doi.org/10.3390/s23094431","pending","","to_assign","to_assign","doi:https://doi.org/10.3390/s23094431","","bbr;congestion control;fairness;rtt;buffer","priority_review","candidate_include","BBR/BDP-Veno/OVeno term plus a review topic","pending","","not_started"
"openalex_Q1_0019","openalex_Q1","openalex","Q1","On the suitability of BBR congestion control for QUIC over GEO SATCOM networks","Satellite broadband connectivity has received significant level of interest in recent years, partly due to the emergence of 5th and 6th generations of cellular networks and their novel use-cases. High-throughput GEO satellites are therefore expected to become an integral part of such networks both for access and backhauling. Almost simultaneously, major breakthroughs have occurred within the Internet transport layer - i.e., with the increasing deployment of user-space QUIC protocol and BBR congestion control. The impact of these innovations and their overall performance on the Internet paths traversing over satellite links is yet to be investigated. Although traditionally TCP-splitting methods with Performance-Enhancing-Proxies (PEPs) were used to boost the transport performance over the satellite links, such approaches become hard for QUIC due to its encrypted nature. This leads to QUIC's poor performance over satellite links, which is currently being investigated by the IETF's QUIC WG. In addition, the transport performance depends on the choice of congestion control and QUIC implementation. In this work we will explore these aspects and the suitability of BBR congestion control for QUIC over SATCOM networks through real-life experimentation in an emulated testbed environment.","2022","https://doi.org/10.1145/3547115.3547194","pending","","to_assign","to_assign","doi:https://doi.org/10.1145/3547115.3547194","","bbr;congestion control;tcp;satellite;quic","priority_review","candidate_include","BBR/BDP-Veno/OVeno term plus a review topic","pending","","not_started"
"openalex_Q1_0020","openalex_Q1","openalex","Q1","FEBBR: A Fairness-Enhanced Approach for BBR Congestion Control","The Bottleneck Bandwidth and Round-trip propagation time (BBR) is a novel algorithm used for TCP congestion control, designed to optimize both throughput and latency for web servers and datacenter backbone connections. Unlike traditional loss-based congestion control algorithms, BBR measures and considers bottleneck bandwidth and round-trip time (RTT). However, recent research has shown that TCP BBR suffers from severe fairness problems when coexisting with ordinary TCP flows. In this paper, we propose a Fairness-Enhanced BBR (FEBBR) to address the fairness problem. FEBBR handles the aggressiveness of BBR by introducing delay deviations. Extensive emulation experiments on Mininet demonstrate that FEBBR improves the fairness index by 20%-40% compared to BBR, while not affecting much the throughput performance. In addition, FEBBR reduces RTT by 27%-40% while improving RTT fairness by 39%.","2023","https://doi.org/10.1109/bmsb58369.2023.10211562","pending","","to_assign","to_assign","doi:https://doi.org/10.1109/bmsb58369.2023.10211562","","bbr;congestion control;tcp;fairness;rtt","priority_review","candidate_include","BBR/BDP-Veno/OVeno term plus a review topic","pending","","not_started"
"openalex_Q1_0021","openalex_Q1","openalex","Q1","BBR Congestion Control Algorithms: Evolution, Challenges and Future Directions","Congestion control (CC) is fundamental for reliable transport layer protocols like TCP. In next-generation networks (NGN), including 5G-Advanced (5GA)/6G, CC algorithms are even more crucial due to the diversity, heterogeneity, and complexity of emerging applications. Achieving performance guarantees while ensuring fairness among NGN applications is increasingly challenging. TCP loss-based congestion control, introduced in the 1980s with packet loss as the primary indicator of “congestion”, has become less effective as the correlation between packet loss and actual congestion has weakened in next-generation networks (NGN). Google developed the Bottleneck Bandwidth and Round-trip propagation time (BBR) algorithm in 2016 as an alternative to loss-based congestion control. This survey reviews the improvement of the BBR algorithm since its first release. We provide a comprehensive algorithmic analysis of BBRv1, BBRv2, and BBRv3—focusing on performance, fairness, and literature-proposed improvements to address the drawbacks of each BBR-variant. We experimentally evaluate BBRv3 with 5GA use cases, analyzing its ability to utilize bottleneck bandwidth across diverse Quality of Service (QoS) requirements in throughput and latency. Challenges persist in balancing fairness and optimizing buffering capacity for NGN applications. Finally, with the rapid adoption of artificial intelligence (AI) in networks, we discuss BBR enhancements and future intelligent CC.","2026","https://doi.org/10.1145/3793537","pending","","to_assign","to_assign","doi:https://doi.org/10.1145/3793537","","bbr;congestion control;tcp;fairness;buffer","priority_review","candidate_include","BBR/BDP-Veno/OVeno term plus a review topic","pending","","not_started"
"openalex_Q1_0012","openalex_Q1","openalex","Q1","Enhanced BBR Congestion Control Algorithm for Improving RTT Fairness","Google has proposed the Bottleneck Bandwidth and Round-trip propagation time (BBR) as a new congestion control algorithm. The difference between it and the existing congestion control algorithm is that it is derived from actual congestions. BBR measures the bottleneck bandwidth and round-trip propagation time sequentially and sends data based on bandwidth delay product (BDP). The mere dependence on the BDP unfairly allocates a larger part of the bandwidth to a flow with long RTT than a short RTT flow. This nature of the BBR entirely conflicts with the trend of traditional TCP where a short RTT flow is more vibrant than long RTT flow. To solve this problem, we previously proposed the bottleneck queue buildup suppression method and verified that through NS-3. However, during the testbed experiments, we found that the previous method was unstable and led to unexpected results. Therefore, in this paper, we propose an improved version of the previously proposed algorithm. We confirmed through extensive testbed experiments that our proposed BBR-E improves fairness between the flows with different RTTs and ensures better throughput.","2019","https://doi.org/10.1109/icufn.2019.8806064","pending","","to_assign","to_assign","doi:https://doi.org/10.1109/icufn.2019.8806064","","bbr;congestion control;tcp;fairness;rtt;queue","priority_review","candidate_include","BBR/BDP-Veno/OVeno term plus a review topic","pending","","not_started"
"openalex_Q1_0002","openalex_Q1","openalex","Q1","BBR: Congestion-Based Congestion Control","When bottleneck buffers are large, loss-based congestion control keeps them full, causing bufferbloat. When bottleneck buffers are small, loss-based congestion control misinterprets loss as a signal of congestion, leading to low throughput. Fixing these problems requires an alternative to loss-based congestion control. Finding this alternative requires an understanding of where and how network congestion originates.","2016","https://doi.org/10.1145/3012426.3022184","pending","","to_assign","to_assign","doi:https://doi.org/10.1145/3012426.3022184","","bbr;congestion control;buffer","priority_review","candidate_include","BBR/BDP-Veno/OVeno term plus a review topic","pending","","not_started"
"openalex_Q1_0045","openalex_Q1","openalex","Q1","SDN-based Wireless Access Networks Utilising BBR TCP Congestion Control","Bottleneck Bandwidth and Round-trip propagation time (BBR) is a novel TCP congestion control algorithm developed for transport networking. This paper analyses Software Defined Networking (SDN) based wireless access networks that leverage the BBR TCP congestion control algorithm. A comparison of TCP performance over wireless access networks that utilise either conventional CUBIC TCP congestion control or BBR is provided. A SDN-based jitter minimization method for wireless links is proposed to achieve higher data throughput.","2019","https://doi.org/10.1109/itnac46935.2019.9078015","pending","","to_assign","to_assign","doi:https://doi.org/10.1109/itnac46935.2019.9078015","","bbr;congestion control;tcp;wireless","priority_review","candidate_include","BBR/BDP-Veno/OVeno term plus a review topic","pending","","not_started"
"openalex_Q1_0047","openalex_Q1","openalex","Q1","Fairness of Congestion-Based Congestion Control: Experimental Evaluation and Analysis","BBR is a new congestion-based congestion control algorithm proposed by Google. A BBR flow sequentially measures the bottleneck bandwidth and round-trip delay of the network pipe, and uses the measured results to govern its sending behavior, maximizing the delivery bandwidth while minimizing the delay. However, our deployment in geo-distributed cloud servers reveals a severe RTT fairness problem: a BBR flow with longer RTT dominates a competing flow with shorter RTT. Somewhat surprisingly, our deployment of BBR on the Internet and an in-house cluster unearthed a consistent bandwidth disparity among competing flows. Long BBR flows are bound to seize bandwidth from short ones. Intrigued by this unexpected behavior, we ask, is the phenomenon intrinsic to BBR? how's the severity? and what's the root cause? To this end, we conduct thorough measurements and develop a theoretical model on bandwidth dynamics. We find, as long as the competing flows are of different RTTs, bandwidth disparities will arise. With an RTT ratio of 10, even flow starvation can happen. We blame it on BBR's connivance at sending an excessive amount of data when probing bandwidth. Specifically, the amount of data is in proportion to RTT, making long RTT flows overwhelming short ones. Based on this observation, we design a derivative of BBR that achieves guaranteed flow fairness, at the meantime without losing any merits. We have implemented our proposed solution in Linux kernel and evaluated it through extensive experiments.","2017","https://doi.org/10.48550/arxiv.1706.09115","pending","","to_assign","to_assign","doi:https://doi.org/10.48550/arxiv.1706.09115","","bbr;congestion control;fairness;rtt","priority_review","candidate_include","BBR/BDP-Veno/OVeno term plus a review topic","pending","","not_started"
"openalex_Q1_0073","openalex_Q1","openalex","Q1","BBR-S: A Low-Latency BBR Modification for Fast-Varying Connections","The new possibilities offered by 5G and beyond networks have led to a change in the focus of congestion control from capacity maximization for web browsing and file transfer to latency-sensitive interactive and real-time services, and consequently to a renaissance of research on the subject, whose most well-known result is Google's Bottleneck Bandwidth and Round-trip propagation time (BBR) algorithm. BBR's promise is to operate at the optimal working point of a connection, with the minimum Round Trip Time (RTT) and full capacity utilization, striking the balance between resource use efficiency and latency performance. However, while it provides significant performance improvements over legacy mechanisms such as Cubic, it can significantly overestimate the capacity of fast-varying mobile connections, leading to unreliable service and large potential swings in the RTT. Our BBR-S algorithm replaces the max filter that causes this overestimation issue with an Adaptive Tobit Kalman Filter (ATKF), an innovation on the Kalman filter that can deal with unknown noise statistics and saturated measurements, achieving a 40% reduction in the average RTT over BBR, which increases to 60% when considering worst-case latency, while maintaining over 95% of the throughput in 4G and 5G networks.","2021","https://doi.org/10.1109/access.2021.3082715","pending","","to_assign","to_assign","doi:https://doi.org/10.1109/access.2021.3082715","","bbr;congestion control;rtt","priority_review","candidate_include","BBR/BDP-Veno/OVeno term plus a review topic","pending","","not_started"
"openalex_Q1_0074","openalex_Q1","openalex","Q1","Unraveling the RTT-fairness Problem for BBR: A Queueing Model","BBR is a congestion-based congestion control algorithm recently proposed by Google. It proactively measures the bottleneck bandwidth and round trip times (RTTs) of a connection pipe, based on which it governs its sending behaviors. Despite the significant throughput gains and latency reduction, some experimental studies reveal that BBR may result in a salient RTT-fairness problem, in that short-RTT flows can be starved of bandwidth allocation when comnetina with lons-R'I'T flows. In this paper, we study BBR's RTT-fairness problem from a theoretic perspective. We present a closed-form solution that characterizes the intrinsic dynamics of BBR flows and their interactions. Specifically, we model BBR's sending behaviors and bandwidth dynamics, based on which we establish an exponential relationship between the flows' bandwidth shares and their RTTs. We show that the degree of unfairness is dictated by the RTT ratio between two flows, irrespective of the other network parameters, such as the initial sending rates or link capacity. In particular, when the RTT ratio of the two flows is greater than 2, the short-RTT flow is starved of bandwidth allocation ( ≤ 0.1%), Our theoretical results are corroborated by simulations in a wide range of settings.","2018","https://doi.org/10.1109/glocom.2018.8647260","pending","","to_assign","to_assign","doi:https://doi.org/10.1109/glocom.2018.8647260","","bbr;congestion control;fairness;rtt;queue","priority_review","candidate_include","BBR/BDP-Veno/OVeno term plus a review topic","pending","","not_started"
"openalex_Q1_0075","openalex_Q1","openalex","Q1","PBE-CC","Cellular networks are becoming ever more sophisticated and overcrowded, imposing the most delay, jitter, and throughput damage to end-to-end network flows in today's internet. We therefore argue for fine-grained mobile endpoint-based wireless measurements to inform a precise congestion control algorithm through a well-defined API to the mobile's cellular physical layer. Our proposed congestion control algorithm is based on Physical-Layer Bandwidth measurements taken at the Endpoint (PBE-CC), and captures the latest 5G New Radio innovations that increase wireless capacity, yet create abrupt rises and falls in available wireless capacity that the PBE-CC sender can react to precisely and rapidly. We implement a proof-of-concept prototype of the PBE measurement module on software-defined radios and the PBE sender and receiver in C. An extensive performance evaluation compares PBE-CC head to head against the cellular-aware and wireless-oblivious congestion control protocols proposed in the research community and in deployment, in mobile and static mobile scenarios, and over busy and idle networks. Results show 6.3% higher average throughput than BBR, while simultaneously reducing 95th percentile delay by 1.8x.","2020","https://doi.org/10.1145/3387514.3405880","pending","","to_assign","to_assign","doi:https://doi.org/10.1145/3387514.3405880","","bbr;congestion control;wireless","priority_review","candidate_include","BBR/BDP-Veno/OVeno term plus a review topic","pending","","not_started"
"openalex_Q1_0076","openalex_Q1","openalex","Q1","BBR Bufferbloat in DASH Video","BBR is a new congestion control algorithm and is seeing increased adoption especially for video traffic. BBR solves the bufferbloat problem in legacy loss-based congestion control algorithms where application performance drops considerably when router buffers are deep. BBR regulates traffic such that router queues don’t build up to avoid the bufferbloat problem while still maintaining high throughput. However, our analysis shows that video applications experience significantly poor performance when using BBR under deep buffers. In fact, we find that video traffic sees inflated latencies because of long queues at the router, ultimately degrading video performance. To understand this dichotomy, we study the interaction between BBR and DASH video. Our investigation reveals that BBR under deep buffers and high network burstiness severely overestimates available bandwidth and does not converge to steady state, both of which results in BBR sending substantially more data into the network, causing a queue buildup. This elevated packet sending rate under BBR is ultimately caused by the router’s ability to absorb bursts in traffic, which destabilizes BBR’s bandwidth estimation and overrides BBR’s expected logic for exiting the startup phase. We design a new bandwidth estimation algorithm and apply it to BBR (and a still-unreleased, newer version of BBR called BBR2). Our modified BBR and BBR2 both see significantly improved video QoE even under deep buffers.","2021","https://doi.org/10.1145/3442381.3450061","pending","","to_assign","to_assign","doi:https://doi.org/10.1145/3442381.3450061","","bbr;congestion control;buffer;queue","priority_review","candidate_include","BBR/BDP-Veno/OVeno term plus a review topic","pending","","not_started"
"openalex_Q1_0077","openalex_Q1","openalex","Q1","An emulation-based evaluation of TCP BBRv2 Alpha for wired broadband","","2020","https://doi.org/10.1016/j.comcom.2020.07.018","pending","","to_assign","to_assign","doi:https://doi.org/10.1016/j.comcom.2020.07.018","","bbr;tcp","priority_review","candidate_include","BBR/BDP-Veno/OVeno term plus a review topic","pending","","not_started"
"openalex_Q1_0078","openalex_Q1","openalex","Q1","On the Bottleneck Structure of Congestion-Controlled Networks","In this paper, we introduce theTheory of Bottleneck Ordering, a mathematical framework that reveals the bottleneck structure of data networks. This theoretical framework provides insights into the inherent topological properties of a network in at least three areas: (1) It identifies the regions of influence of each bottleneck; (2) it reveals the order in which bottlenecks (and flows traversing them) converge to their steady state transmission rates in distributed congestion control algorithms; and (3) it provides key insights into the design of optimized traffic engineering policies. We demonstrate the efficacy of the proposed theory in TCP congestion-controlled networks for two broad classes of algorithms: Congestion-based algorithms (TCP BBR) and loss-based additive-increase/multiplicative-decrease algorithms (TCP Cubic and Reno). Among other results, our network experiments show that: (1) Qualitatively, both classes of congestion control algorithms behave as predicted by the bottleneck structure of the network; (2) flows compete for bandwidth only with other flows operating at the same bottleneck level; (3) BBR flows achieve higher performance and fairness than Cubic and Reno flows due to their ability to operate at the right bottleneck level; (4) the bottleneck structure of a network is continuously changing and its levels can be folded due to variations in the flows' round trip times; and (5) against conventional wisdom, low-hitter flows can have a large impact to the overall performance of a network.","2019","https://doi.org/10.1145/3366707","pending","","to_assign","to_assign","doi:https://doi.org/10.1145/3366707","","bbr;congestion control;tcp;fairness","priority_review","candidate_include","BBR/BDP-Veno/OVeno term plus a review topic","pending","","not_started"
"openalex_Q1_0079","openalex_Q1","openalex","Q1","Will TCP Work in mmWave 5G Cellular Networks?","The vast available spectrum in the millimeter- wave (mmWave) bands offers the possibility of multi-gigabit-per-second data rates for fifth generation cellular networks. However, mmWave capacity can be highly intermittent due to the vulnerability of mmWave signals to blockages and delays in directional searching. Such highly variable links present unique challenges for adaptive control mechanisms in transport layer protocols and end-to-end applications. This article considers the fundamental question of whether TCP, the most widely used transport protocol, will work in mmWave cellular systems. The article provides a comprehensive simulation study of TCP considering various factors such as the congestion control algorithm, including the recently proposed TCP BBR, edge vs. remote servers, handover and multi-connectivity, TCP packet size, and 3GPPstack parameters. We show that the performance of TCP on mmWave links is highly dependent on different combinations of these parameters, and identify the open challenges in this area.","2019","https://doi.org/10.1109/mcom.2018.1701370","pending","","to_assign","to_assign","doi:https://doi.org/10.1109/mcom.2018.1701370","","bbr;congestion control;tcp","priority_review","candidate_include","BBR/BDP-Veno/OVeno term plus a review topic","pending","","not_started"
"openalex_Q1_0080","openalex_Q1","openalex","Q1","Cyclic Performance Fluctuation of TCP BBR","TCP congestion control algorithm takes an important role in communication throughput. The CUBIC TCP [5] has been widely used in the last decade, especially in server computers. In 2016, the TCP BBR [1] was proposed and some reports showed that the TCP BBR could provide better performance than the CUBIC TCP. In this paper, we evaluate the throughputs of the CUBIC TCP and TCP BBR in conditions wherein the CUBIC TCP and TCP BBR work competitively. We then show a performance cycle with 10 seconds period and reveal that the reason for the cycle is the length of the period of monitoring the minimum round-trip time (RTT) of TCP BBR.","2018","https://doi.org/10.1109/compsac.2018.00132","pending","","to_assign","to_assign","doi:https://doi.org/10.1109/compsac.2018.00132","","bbr;congestion control;tcp;rtt","priority_review","candidate_include","BBR/BDP-Veno/OVeno term plus a review topic","pending","","not_started"
"openalex_Q1_0083","openalex_Q1","openalex","Q1","Antelope: A Framework for Dynamic Selection of Congestion Control Algorithms","Most congestion control mechanisms are designed for specific network environments. Hence, there is no known algorithm that achieves uniformly good performance in all scenarios for all flows. Rather than devising such a one-size-fits-all algorithm, we propose a system to dynamically switch between the most suitable congestion control mechanisms for specific flows in specific environments. This raises a number of challenges, which we address through the design and implementation of Antelope, a system that can dynamically reconfigure to use the most suitable congestion control mechanism for an individual flow. We build a machine learning approach to learn which algorithm works best for individual conditions and implement kernel-level support for dynamically adjusting congestion control algorithms. We have implemented Antelope in Linux, and evaluated it in both emulated and production networks. We show that in WAN, DCN, and cellular networks, Antelope achieves an average 16% improvement in throughput compared with BBR; compared with Cubic, Antelope achieves an average 19% improvement in throughput and 10% reduction in delay.","2021","https://doi.org/10.1109/icnp52444.2021.9651912","pending","","to_assign","to_assign","doi:https://doi.org/10.1109/icnp52444.2021.9651912","","bbr;congestion control;learning","priority_review","candidate_include","BBR/BDP-Veno/OVeno term plus a review topic","pending","","not_started"
"openalex_Q1_0072","openalex_Q1","openalex","Q1","Design and implementation of TCP BBR in ns-3","Bottleneck Bandwidth and Round-trip propagation time (BBR) is a congestion based congestion control algorithm recently proposed by Google. Although it can be deployed with any transport protocol that supports data delivery acknowledgement, BBR is presently implemented alongside TCP (known as TCP BBR) in Linux kernel since 4.9 and is the default congestion control used in Google Cloud Platform. However, to the best of our knowledge, TCP BBR is not yet supported in popular network simulators such as ns-3. This limitation is a major hindrance in thoroughly studying the benefits of TCP BBR since carrying out large-scale and real-time experimental evaluations is a non-trivial task. In this paper, we discuss the design and implementation of a new model for TCP BBR in ns-3. We validate the proposed model by performing different sets of simulations to ensure that the model in ns-3 exhibits key characteristics of TCP BBR.","2018","https://doi.org/10.1145/3199902.3199911","pending","","to_assign","to_assign","doi:https://doi.org/10.1145/3199902.3199911","","bbr;congestion control;tcp","priority_review","candidate_include","BBR/BDP-Veno/OVeno term plus a review topic","pending","","not_started"
"openalex_Q1_0084","openalex_Q1","openalex","Q1","Impact of TCP BBR on CUBIC Traffic: A Mixed Workload Evaluation","A recently proposed congestion control algorithm (CCA) called BBR (Bottleneck Bandwidth and Round-trip propagation time) has shown a lot of promise in avoiding some of the problems that have plagued loss-based CCAs. Nevertheless, deployment of a new alternative algorithm requires a thorough evaluation of the effect of the proposed alternative on established transport protocols like TCP CUBIC. Furthermore, evaluations that consider the heterogeneity of Internet traffic sizes would provide a useful insight into the deployability of an algorithm that introduces sweeping changes across multiple algorithm components. Yet, most evaluations of BBR's impact and competitive fairness have focused on the steady-state performance of large flows. This work expands on previous studies of BBR by evaluating BBR's impact when the traffic consists of flows of different sizes. Our experiments show that under certain circumstances BBR's startup phase can result in a significant reduction of the throughput of competing large CUBIC flows and the utilization of the bottleneck link. In addition, the steady-state operation of BBR can have negative impact on the performance of bursty flows using loss-based CCAs over bottlenecks with buffer sizes as high as two times the bandwidth-delay product.","2018","https://doi.org/10.1109/itc30.2018.00040","pending","","to_assign","to_assign","doi:https://doi.org/10.1109/itc30.2018.00040","","bbr;congestion control;tcp;fairness;buffer","priority_review","candidate_include","BBR/BDP-Veno/OVeno term plus a review topic","pending","","not_started"
"openalex_Q1_0089","openalex_Q1","openalex","Q1","Beyond Jain's Fairness Index","The Internet community faces an explosion in new congestion control algorithms such as Copa, Sprout, PCC, and BBR. In this paper, we discuss considerations for deploying new algorithms on the Internet. While past efforts have focused on achieving 'fairness'or 'friendliness' between new algorithms and deployed algorithms, we instead advocate for an approach centered on quantifying and limiting harm caused by the new algorithm on the status quo. We argue that a harm-based approach is more practical, more future proof, and handles a wider range of quality metrics than traditional notions of fairness and friendliness.","2019","https://doi.org/10.1145/3365609.3365855","pending","","to_assign","to_assign","doi:https://doi.org/10.1145/3365609.3365855","","bbr;congestion control;fairness","priority_review","candidate_include","BBR/BDP-Veno/OVeno term plus a review topic","pending","","not_started"
"openalex_Q1_0090","openalex_Q1","openalex","Q1","An Experimental Evaluation of Low Latency Congestion Control for mmWave Links","Applications that require extremely low latency are expected to be a major driver of 5G and WLAN networks that include millimeter wave (mmWave) links. However, mmWave links can experience frequent, sudden changes in link capacity due to obstructions in the signal path. These dramatic variations in link capacity cause a temporary “bufferbloat” condition during which delay may increase by a factor of 2-10. Low latency congestion control protocols, which manage bufferbloat by minimizing queue occupancy, represent a potential solution to this problem, however their behavior over links with dramatic variations in capacity is not well understood. In this paper, we explore the behavior of two major low latency congestion control protocols, TCP BBR and TCP Prague (as part of L4S), using link traces collected over mmWave links under various conditions. Our evaluation reveals potential problems associated with use of these congestion control protocols for low latency applications over mmWave links.","2020","https://doi.org/10.1109/infocomwkshps50562.2020.9162881","pending","","to_assign","to_assign","doi:https://doi.org/10.1109/infocomwkshps50562.2020.9162881","","bbr;congestion control;tcp;buffer;queue","priority_review","candidate_include","BBR/BDP-Veno/OVeno term plus a review topic","pending","","not_started"
"openalex_Q1_0091","openalex_Q1","openalex","Q1","Measurement and Redesign of BBR-based MPTCP","BBR is a congestion-based congestion control algorithm proposed to promote the performance of TCP. The interesting and vital question is thus: How would MPTCP perform on BBR? We first conduct extensive experimental evaluation of BBR-based MPTCP, and show that it provides several times throughput higher and more stable sending rate than that of others. We also observe that to replace the congestion control in MPTCP, some important algorithms in MPTCP need to be re-designed: 1) To achieve fairness with other flows, we propose a BBR based coupled congestion control algorithm, called Coupled BBR; 2) To further prevent performance degradation in highly dynamic nature, we also propose a scheduler to take advantage of dynamic redundancy.","2019","https://doi.org/10.1145/3342280.3342312","pending","","to_assign","to_assign","doi:https://doi.org/10.1145/3342280.3342312","","bbr;congestion control;tcp;fairness","priority_review","candidate_include","BBR/BDP-Veno/OVeno term plus a review topic","pending","","not_started"
"openalex_Q1_0093","openalex_Q1","openalex","Q1","An Adaptive Congestion Control Protocol for Wireless Networks Using Deep Reinforcement Learning","Congestion is more prevalent in wireless networks due to the unique challenges and limitations of the present wireless technology. With the increasing demand for high bandwidth and low latency communication, effective congestion control mechanisms have become crucial for ensuring efficient and fair utilization of network resources. Both the long and short flows of network traffic are the primary reasons for the congestion. However, the short flows cause a disproportionate amount of overhead and contribute significantly to congestion than long flows. Therefore, flow classification is imperative in congestion control design for the increased throughput. The existing conventional congestion control (delay and loss based) protocols do not adapt to current network scenarios on a timely basis and the current status that is learnt from the network environment is mostly not accurate. To overcome these limitations, machine learning techniques were used. However, due to real time constraints and dynamic network conditions, machine learning techniques may result in suboptimal performance. In this paper, a novel congestion control protocol is proposed especially for wireless networks using deep neural network (for flow classification) and deep reinforcement learning (for appropriate congestion window size). From the experimental results, it is evident that the proposed protocol improves the average network throughput against the state-of-the-art existing congestion control techniques such as TCP Cubic, TCP Ledbat, Bottleneck Bandwidth and Round-trip propagation time (BBR), and N-step temporal difference (N-step TD) learning technique by 25.6%, 23.46%, 21.85%, and 16% respectively.","2023","https://doi.org/10.1109/tnsm.2023.3325543","pending","","to_assign","to_assign","doi:https://doi.org/10.1109/tnsm.2023.3325543","","bbr;congestion control;tcp;wireless;learning","priority_review","candidate_include","BBR/BDP-Veno/OVeno term plus a review topic","pending","","not_started"
"openalex_Q1_0094","openalex_Q1","openalex","Q1","Improvement of Cyclic Performance Variation between TCP BBR and CUBIC","Google proposed a new congestion control algorithm called bottleneck bandwidth round-trip propagation time (BBR) in 2016. CUBIC TCP tends to fill the bottleneck buffer, whereas TCP BBR tries to send data without creating excess queue. BBR periodically measures the maximum available bandwidth and the minimum round-trip time to estimate the bandwidth delay product (bdp). Then, BBR determines its sending rate. However, when BBR competes with CUBIC, it has some problems caused by BBR's incorrect estimation. These problems are as follows: most of the bandwidth is occupied by a certain flow, and excessive packet loss occurs. In this paper, we propose a new BBR loss recovery mechanism so that BBR can coexist with other loss-based congestion control algorithms without excessive packet losses, as we focused on searching for the appropriate minimum RTT to allow BBR and CUBIC to coexist fairly on the bottleneck link. Furthermore, we constructed a simple testbed topology so as to evaluate the performance of the proposed BBR loss recovery mechanism. We showed that proposed BBR got a fair share with CUBIC on the bottleneck link as well as that the packet loss caused by BBR's bdp overestimation were reduced.","2019","https://doi.org/10.1109/apcc47188.2019.9026471","pending","","to_assign","to_assign","doi:https://doi.org/10.1109/apcc47188.2019.9026471","","bbr;congestion control;tcp;rtt;buffer;queue","priority_review","candidate_include","BBR/BDP-Veno/OVeno term plus a review topic","pending","","not_started"
"openalex_Q1_0095","openalex_Q1","openalex","Q1","RBBR: A Receiver-Driven BBR in QUIC for Low-Latency in Cellular Networks","BBR is a promising new congestion control algorithm (CCA) that has been shown to result in significantly lower latency compared to conventional loss-based CCAs. However, in cellular networks, where there is a high variability in the available rate, BBR does not perform as well as expected. In such scenarios, BBR tends to overestimate the available capacity and create queues that cause longer packet delays. In this work, we propose Receiver-driven BBR (RBBR), a modified version of BBR that uses rate estimates made at the receiver side rather than at the sender side. We employ a Kalman filter to make a more accurate estimate of the available bandwidth, and we implement the algorithm in QUIC. An evaluation of the proposed CCA is done through extensive 4G trace-based emulations, real 4G network tests and mmWave trace-based emulations representing a 5G scenario. The results show that RBBR is able to achieve an RTT reduction of up to 80% with a worst-case throughput loss of about 30%. The results also show that in real 4G networks, RBBR flows experience a more predictable and consistent RTT than what BBR flows do.","2022","https://doi.org/10.1109/access.2022.3148998","pending","","to_assign","to_assign","doi:https://doi.org/10.1109/access.2022.3148998","","bbr;congestion control;rtt;queue;quic","priority_review","candidate_include","BBR/BDP-Veno/OVeno term plus a review topic","pending","","not_started"
"openalex_Q1_0096","openalex_Q1","openalex","Q1","SAC-BBR: A Semantic-Aware and Cross-Layer Collaborative Congestion Control Mechanism for Heterogeneous Campus Networks","With the widespread adoption of Wi-Fi 7 in campus networks, high-density access and large-scale research data transmission challenge traditional congestion control algorithms. TCP-bottleneck bandwidth and round-trip propagation time (BBR) lacks deep link awareness and service semantic breadth, leading to misinterpreting non-congestive packet loss and inter-flow unfairness in complex wireless scenarios. To address this, this paper proposes semantic-aware and cross-layer collaborative optimized BBR (SAC-BBR), a semantic-aware cross-layer optimization mechanism for high-density heterogeneous campus networks. It leverages an Extended Berkeley Packet Filter (eBPF) to capture physical link characteristics in real time within the Linux kernel, accurately distinguishing random loss from congestion loss. It then constructs a lightweight semantic identification engine to classify traffic and establish a service satisfaction utility model. Finally, a deep reinforcement learning-based dynamic gain regulator maps cross-layer states and service priorities to the action space, enabling millisecond-level intelligent tuning of pacing_gain and cwnd_gain. Experimental results show that SAC-BBR improves throughput by over 22% compared to BBRv3 and reduces average round-trip time (RTT) by 17% while suppressing RTT jitter by over 60% in high-density scenarios. Furthermore, it enhances the Jain fairness index to 0.93 under multi-protocol competition, ensuring high-performance and equitable transmission.","2026","https://doi.org/10.3390/app16115587","pending","","to_assign","to_assign","doi:https://doi.org/10.3390/app16115587","","bbr;congestion control;tcp;fairness;rtt;wireless;learning","priority_review","candidate_include","BBR/BDP-Veno/OVeno term plus a review topic","pending","","not_started"
"openalex_Q1_0097","openalex_Q1","openalex","Q1","A Comparative Evaluation of TCP Congestion Control Schemes over Low-Earth-Orbit (LEO) Satellite Networks","Low-Earth-Orbit (LEO) satellite constellations can provide global Internet connectivity with latency comparable to terrestrial networks, but their fast movement and frequent handovers result in highly dynamic connectivity changes, with an unknown impact on network congestion control design. In this paper we evaluate and compare the performance of four congestion control schemes over LEO satellite networks, especially their behavior in the face of path changes and delay variations caused by satellite movement. Our results show that, while dynamic connectivity leads to performance degradation in all the congestion control schemes we examined, the impact differs for different schemes: the loss-based schemes (NewReno and Cubic) suffer from high queuing delays, the delay-based scheme (Vegas) often achieves low throughput, and BBR can handle connectivity dynamics with moderate performance degradation. Furthermore, if a user terminal can only connect to one satellite at a time, the performance degradation is worse across all the examined schemes.","2023","https://doi.org/10.1145/3630590.3630603","pending","","to_assign","to_assign","doi:https://doi.org/10.1145/3630590.3630603","","bbr;congestion control;tcp;satellite;leo","priority_review","candidate_include","BBR/BDP-Veno/OVeno term plus a review topic","pending","","not_started"
"openalex_Q1_0098","openalex_Q1","openalex","Q1","WIP: Leveraging QUIC for a Receiver-driven BBR for Cellular Networks","Cellular networks are continuously evolving to allow improved throughput and low latency performance for applications. However, it has been shown that, due to buffer over-provisioning, TCP's standard loss-based congestion control algorithms (CCAs) can cause long delays in cellular networks. The QUIC transport protocol and the Bottleneck Bandwidth and Round-trip propagation time (BBR) congestion control are both proposed in response to shortcomings observed in TCP and loss-based CCAs. Despite its notable advantages, BBR can experience suboptimal delay performance in cellular networks due to one of its underlying design choices: the maximum bandwidth filter at the sender. In this work, we leverage QUIC's extensibility to enhance BBR. Instead of using the ACK rate observed at the sender side, we apply a more fitting delivery rate calculated at the receiver. Our 5G-trace-based emulation experiments in CloudLab suggest that our modified QUIC could significantly improve latency without any notable effect on the throughput: In particular, in some of our experiments, we observe up to 39% reduction of the round-trip time (RTT) with a worstcase throughput reduction of 2.7%.","2021","https://doi.org/10.1109/wowmom51794.2021.00046","pending","","to_assign","to_assign","doi:https://doi.org/10.1109/wowmom51794.2021.00046","","bbr;congestion control;tcp;rtt;buffer;quic","priority_review","candidate_include","BBR/BDP-Veno/OVeno term plus a review topic","pending","","not_started"
